id,year,department,department_name,agency,agency_name,prexc_fpap_id,item_description,operunit,operating_unit,region_id,fund_code,fund_subcategory,expense_code,expense_class,sub_object_code,expense_object,amount_in_thousands,amount_php,prexc_level,sorder,operating_division_id,operating_division,sector
128554,2020,07,Department of Education (DepEd),001,Office of the Secretary,310400100003000,Operation of Schools - Junior High School (Grade 7 to Grade 10),0904177,Eugenio Cabezas National High School,04,101101,Specific Budgets of National Government Agencies,2,Maintenance and Other Operating Expenses,5020301002,Office Supplies Expenses,287.0,287000.0,,,,,Basic Education (DepEd)
128563,2020,07,Department of Education (DepEd),001,Office of the Secretary,310400100003000,Operation of Schools - Junior High School (Grade 7 to Grade 10),0904177,Eugenio Cabezas National High School,04,101101,Specific Budgets of National Government Agencies,2,Maintenance and Other Operating Expenses,5021304002,School Buildings,217.0,217000.0,,,,,Basic Education (DepEd)
128562,2020,07,Department of Education (DepEd),001,Office of the Secretary,310400100003000,Operation of Schools - Junior High School (Grade 7 to Grade 10),0904177,Eugenio Cabezas National High School,04,101101,Specific Budgets of National Government Agencies,2,Maintenance and Other Operating Expenses,5021202000,Janitorial Services,125.0,125000.0,,,,,Basic Education (DepEd)
128558,2020,07,Department of Education (DepEd),001,Office of the Secretary,310400100003000,Operation of Schools - Junior High School (Grade 7 to Grade 10),0904177,Eugenio Cabezas National High School,04,101101,Specific Budgets of National Government Agencies,2,Maintenance and Other Operating Expenses,5020402000,Electricity Expenses,115.0,115000.0,,,,,Basic Education (DepEd)
128556,2020,07,Department of Education (DepEd),001,Office of the Secretary,310400100003000,Operation of Schools - Junior High School (Grade 7 to Grade 10),0904177,Eugenio Cabezas National High School,04,101101,Specific Budgets of National Government Agencies,2,Maintenance and Other Operating Expenses,5020399000,Other Supplies and Materials Expenses,82.0,82000.0,,,,,Basic Education (DepEd)
128557,2020,07,Department of Education (DepEd),001,Office of the Secretary,310400100003000,Operation of Schools - Junior High School (Grade 7 to Grade 10),0904177,Eugenio Cabezas National High School,04,101101,Specific Budgets of National Government Agencies,2,Maintenance and Other Operating Expenses,5020401000,Water Expenses,56.0,56000.0,,,,,Basic Education (DepEd)
128560,2020,07,Department of Education (DepEd),001,Office of the Secretary,310400100003000,Operation of Schools - Junior High School (Grade 7 to Grade 10),0904177,Eugenio Cabezas National High School,04,101101,Specific Budgets of National Government Agencies,2,Maintenance and Other Operating Expenses,5020503000,Internet Subscription Expenses,38.0,38000.0,,,,,Basic Education (DepEd)
128552,2020,07,Department of Education (DepEd),001,Office of the Secretary,310400100003000,Operation of Schools - Junior High School (Grade 7 to Grade 10),0904177,Eugenio Cabezas National High School,04,101101,Specific Budgets of National Government Agencies,2,Maintenance and Other Operating Expenses,5020201002,Training Expenses,36.0,36000.0,,,,,Basic Education (DepEd)
128551,2020,07,Department of Education (DepEd),001,Office of the Secretary,310400100003000,Operation of Schools - Junior High School (Grade 7 to Grade 10),0904177,Eugenio Cabezas National High School,04,101101,Specific Budgets of National Government Agencies,2,Maintenance and Other Operating Expenses,5020101000,Traveling Expenses - Local,26.0,26000.0,,,,,Basic Education (DepEd)
128559,2020,07,Department of Education (DepEd),001,Office of the Secretary,310400100003000,Operation of Schools - Junior High School (Grade 7 to Grade 10),0904177,Eugenio Cabezas National High School,04,101101,Specific Budgets of National Government Agencies,2,Maintenance and Other Operating Expenses,5020502001,Mobile,26.0,26000.0,,,,,Basic Education (DepEd)
128553,2020,07,Department of Education (DepEd),001,Office of the Secretary,310400100003000,Operation of Schools - Junior High School (Grade 7 to Grade 10),0904177,Eugenio Cabezas National High School,04,101101,Specific Budgets of National Government Agencies,2,Maintenance and Other Operating Expenses,5020301001,ICT Office Supplies,25.0,25000.0,,,,,Basic Education (DepEd)
128564,2020,07,Department of Education (DepEd),001,Office of the Secretary,310400100003000,Operation of Schools - Junior High School (Grade 7 to Grade 10),0904177,Eugenio Cabezas National High School,04,101101,Specific Budgets of National Government Agencies,2,Maintenance and Other Operating Expenses,5021305003,Information and Communication Technology Equipment,18.0,18000.0,,,,,Basic Education (DepEd)
128565,2020,07,Department of Education (DepEd),001,Office of the Secretary,310400100003000,Operation of Schools - Junior High School (Grade 7 to Grade 10),0904177,Eugenio Cabezas National High School,04,101101,Specific Budgets of National Government Agencies,2,Maintenance and Other Operating Expenses,5021307000,Repairs and Maintenance -  Furniture and Fixtures,18.0,18000.0,,,,,Basic Education (DepEd)
128555,2020,07,Department of Education (DepEd),001,Office of the Secretary,310400100003000,Operation of Schools - Junior High School (Grade 7 to Grade 10),0904177,Eugenio Cabezas National High School,04,101101,Specific Budgets of National Government Agencies,2,Maintenance and Other Operating Expenses,5020322001,Furniture and Fixtures,15.0,15000.0,,,,,Basic Education (DepEd)
128561,2020,07,Department of Education (DepEd),001,Office of the Secretary,310400100003000,Operation of Schools - Junior High School (Grade 7 to Grade 10),0904177,Eugenio Cabezas National High School,04,101101,Specific Budgets of National Government Agencies,2,Maintenance and Other Operating Expenses,5020601001,Awards/Rewards Expenses,10.0,10000.0,,,,,Basic Education (DepEd)
128566,2020,07,Department of Education (DepEd),001,Office of the Secretary,310400100003000,Operation of Schools - Junior High School (Grade 7 to Grade 10),0904177,Eugenio Cabezas National High School,04,101101,Specific Budgets of National Government Agencies,2,Maintenance and Other Operating Expenses,5021502000,Fidelity Bond Premiums,2.0,2000.0,,,,,Basic Education (DepEd)
127221,2020,07,Department of Education (DepEd),001,Office of the Secretary,310400100003000,Operation of Schools - Junior High School (Grade 7 to Grade 10),0904131,Francisco Osorio National High School,04,101101,Specific Budgets of National Government Agencies,1,Personnel Services,5010101001,Basic Salary - Civilian,11510.0,11510000.0,,,,,Basic Education (DepEd)
127244,2020,07,Department of Education (DepEd),001,Office of the Secretary,310400100003000,Operation of Schools - Junior High School (Grade 7 to Grade 10),0904131,Francisco Osorio National High School,04,104102,Retirement and Life Insurance Premiums,1,Personnel Services,5010301000,Retirement and Life Insurance Premiums,1381.0,1381000.0,,,,,Basic Education (DepEd)
127223,2020,07,Department of Education (DepEd),001,Office of the Secretary,310400100003000,Operation of Schools - Junior High School (Grade 7 to Grade 10),0904131,Francisco Osorio National High School,04,101101,Specific Budgets of National Government Agencies,1,Personnel Services,5010201001,PERA - Civilian,984.0,984000.0,,,,,Basic Education (DepEd)
127229,2020,07,Department of Education (DepEd),001,Office of the Secretary,310400100003000,Operation of Schools - Junior High School (Grade 7 to Grade 10),0904131,Francisco Osorio National High School,04,101101,Specific Budgets of National Government Agencies,1,Personnel Services,5010299036,Mid-Year Bonus - Civilian,959.0,959000.0,,,,,Basic Education (DepEd)
127226,2020,07,Department of Education (DepEd),001,Office of the Secretary,310400100003000,Operation of Schools - Junior High School (Grade 7 to Grade 10),0904131,Francisco Osorio National High School,04,101101,Specific Budgets of National Government Agencies,1,Personnel Services,5010214001,Bonus - Civilian,959.0,959000.0,,,,,Basic Education (DepEd)
127242,2020,07,Department of Education (DepEd),001,Office of the Secretary,310400100003000,Operation of Schools - Junior High School (Grade 7 to Grade 10),0904131,Francisco Osorio National High School,04,101101,Specific Budgets of National Government Agencies,2,Maintenance and Other Operating Expenses,5021304002,School Buildings,476.0,476000.0,,,,,Basic Education (DepEd)
127240,2020,07,Department of Education (DepEd),001,Office of the Secretary,310400100003000,Operation of Schools - Junior High School (Grade 7 to Grade 10),0904131,Francisco Osorio National High School,04,101101,Specific Budgets of National Government Agencies,2,Maintenance and Other Operating Expenses,5020402000,Electricity Expenses,360.0,360000.0,,,,,Basic Education (DepEd)
127236,2020,07,Department of Education (DepEd),001,Office of the Secretary,310400100003000,Operation of Schools - Junior High School (Grade 7 to Grade 10),0904131,Francisco Osorio National High School,04,101101,Specific Budgets of National Government Agencies,2,Maintenance and Other Operating Expenses,5020301002,Office Supplies Expenses,300.0,300000.0,,,,,Basic Education (DepEd)
127222,2020,07,Department of Education (DepEd),001,Office of the Secretary,310400100003000,Operation of Schools - Junior High School (Grade 7 to Grade 10),0904131,Francisco Osorio National High School,04,101101,Specific Budgets of National Government Agencies,1,Personnel Services,5010102000,Salaries and Wages - Casual/Contractual,249.0,249000.0,,,,,Basic Education (DepEd)
127224,2020,07,Department of Education (DepEd),001,Office of the Secretary,310400100003000,Operation of Schools - Junior High School (Grade 7 to Grade 10),0904131,Francisco Osorio National High School,04,101101,Specific Budgets of National Government Agencies,1,Personnel Services,5010204001,Clothing/Uniform Allowance - Civilian,246.0,246000.0,,,,,Basic Education (DepEd)
127227,2020,07,Department of Education (DepEd),001,Office of the Secretary,310400100003000,Operation of Schools - Junior High School (Grade 7 to Grade 10),0904131,Francisco Osorio National High School,04,101101,Specific Budgets of National Government Agencies,1,Personnel Services,5010215001,Cash Gift - Civilian ,205.0,205000.0,,,,,Basic Education (DepEd)
127228,2020,07,Department of Education (DepEd),001,Office of the Secretary,310400100003000,Operation of Schools - Junior High School (Grade 7 to Grade 10),0904131,Francisco Osorio National High School,04,101101,Specific Budgets of National Government Agencies,1,Personnel Services,5010299012,Productivity Enhancement Incentive - Civilian ,205.0,205000.0,,,,,Basic Education (DepEd)
127231,2020,07,Department of Education (DepEd),001,Office of the Secretary,310400100003000,Operation of Schools - Junior High School (Grade 7 to Grade 10),0904131,Francisco Osorio National High School,04,101101,Specific Budgets of National Government Agencies,1,Personnel Services,5010303001,PhilHealth - Civilian,156.0,156000.0,,,,,Basic Education (DepEd)
127238,2020,07,Department of Education (DepEd),001,Office of the Secretary,310400100003000,Operation of Schools - Junior High School (Grade 7 to Grade 10),0904131,Francisco Osorio National High School,04,101101,Specific Budgets of National Government Agencies,2,Maintenance and Other Operating Expenses,5020399000,Other Supplies and Materials Expenses,154.0,154000.0,,,,,Basic Education (DepEd)
127234,2020,07,Department of Education (DepEd),001,Office of the Secretary,310400100003000,Operation of Schools - Junior High School (Grade 7 to Grade 10),0904131,Francisco Osorio National High School,04,101101,Specific Budgets of National Government Agencies,2,Maintenance and Other Operating Expenses,5020101000,Traveling Expenses - Local,120.0,120000.0,,,,,Basic Education (DepEd)
127239,2020,07,Department of Education (DepEd),001,Office of the Secretary,310400100003000,Operation of Schools - Junior High School (Grade 7 to Grade 10),0904131,Francisco Osorio National High School,04,101101,Specific Budgets of National Government Agencies,2,Maintenance and Other Operating Expenses,5020401000,Water Expenses,100.0,100000.0,,,,,Basic Education (DepEd)
127235,2020,07,Department of Education (DepEd),001,Office of the Secretary,310400100003000,Operation of Schools - Junior High School (Grade 7 to Grade 10),0904131,Francisco Osorio National High School,04,101101,Specific Budgets of National Government Agencies,2,Maintenance and Other Operating Expenses,5020201002,Training Expenses,100.0,100000.0,,,,,Basic Education (DepEd)
127230,2020,07,Department of Education (DepEd),001,Office of the Secretary,310400100003000,Operation of Schools - Junior High School (Grade 7 to Grade 10),0904131,Francisco Osorio National High School,04,101101,Specific Budgets of National Government Agencies,1,Personnel Services,5010302001,Pag-IBIG - Civilian,49.0,49000.0,,,,,Basic Education (DepEd)
127232,2020,07,Department of Education (DepEd),001,Office of the Secretary,310400100003000,Operation of Schools - Junior High School (Grade 7 to Grade 10),0904131,Francisco Osorio National High School,04,101101,Specific Budgets of National Government Agencies,1,Personnel Services,5010304001,ECIP - Civilian,49.0,49000.0,,,,,Basic Education (DepEd)
127241,2020,07,Department of Education (DepEd),001,Office of the Secretary,310400100003000,Operation of Schools - Junior High School (Grade 7 to Grade 10),0904131,Francisco Osorio National High School,04,101101,Specific Budgets of National Government Agencies,2,Maintenance and Other Operating Expenses,5020502001,Mobile,30.0,30000.0,,,,,Basic Education (DepEd)
127233,2020,07,Department of Education (DepEd),001,Office of the Secretary,310400100003000,Operation of Schools - Junior High School (Grade 7 to Grade 10),0904131,Francisco Osorio National High School,04,101101,Specific Budgets of National Government Agencies,1,Personnel Services,5010499010,Lump-sum for Step Increments - Length of Service,29.0,29000.0,,,,,Basic Education (DepEd)
127225,2020,07,Department of Education (DepEd),001,Office of the Secretary,310400100003000,Operation of Schools - Junior High School (Grade 7 to Grade 10),0904131,Francisco Osorio National High School,04,101101,Specific Budgets of National Government Agencies,1,Personnel Services,5010210001,Honoraria - Civilian,18.0,18000.0,,,,,Basic Education (DepEd)
127243,2020,07,Department of Education (DepEd),001,Office of the Secretary,310400100003000,Operation of Schools - Junior High School (Grade 7 to Grade 10),0904131,Francisco Osorio National High School,04,101101,Specific Budgets of National Government Agencies,2,Maintenance and Other Operating Expenses,5021502000,Fidelity Bond Premiums,7.0,7000.0,,,,,Basic Education (DepEd)
127237,2020,07,Department of Education (DepEd),001,Office of the Secretary,310400100003000,Operation of Schools - Junior High School (Grade 7 to Grade 10),0904131,Francisco Osorio National High School,04,101101,Specific Budgets of National Government Agencies,2,Maintenance and Other Operating Expenses,5020302000,Accountable Forms Expenses,2.0,2000.0,,,,,Basic Education (DepEd)
301119,2020,07,Department of Education (DepEd),001,Office of the Secretary,310400100004000,Operation of Schools - Senior High School (Grade 11 to Grade 12),0904131,Francisco Osorio National High School,04,101101,Specific Budgets of National Government Agencies,2,Maintenance and Other Operating Expenses,5020301002,Office Supplies Expenses,132.0,132000.0,,,,,Basic Education (DepEd)
301118,2020,07,Department of Education (DepEd),001,Office of the Secretary,310400100004000,Operation of Schools - Senior High School (Grade 11 to Grade 12),0904131,Francisco Osorio National High School,04,101101,Specific Budgets of National Government Agencies,2,Maintenance and Other Operating Expenses,5020101000,Traveling Expenses - Local,66.0,66000.0,,,,,Basic Education (DepEd)
301122,2020,07,Department of Education (DepEd),001,Office of the Secretary,310400100004000,Operation of Schools - Senior High School (Grade 11 to Grade 12),0904131,Francisco Osorio National High School,04,101101,Specific Budgets of National Government Agencies,2,Maintenance and Other Operating Expenses,5020402000,Electricity Expenses,40.0,40000.0,,,,,Basic Education (DepEd)
301121,2020,07,Department of Education (DepEd),001,Office of the Secretary,310400100004000,Operation of Schools - Senior High School (Grade 11 to Grade 12),0904131,Francisco Osorio National High School,04,101101,Specific Budgets of National Government Agencies,2,Maintenance and Other Operating Expenses,5020401000,Water Expenses,26.0,26000.0,,,,,Basic Education (DepEd)
301120,2020,07,Department of Education (DepEd),001,Office of the Secretary,310400100004000,Operation of Schools - Senior High School (Grade 11 to Grade 12),0904131,Francisco Osorio National High School,04,101101,Specific Budgets of National Government Agencies,2,Maintenance and Other Operating Expenses,5020399000,Other Supplies and Materials Expenses,13.0,13000.0,,,,,Basic Education (DepEd)
127719,2020,07,Department of Education (DepEd),001,Office of the Secretary,310400100003000,Operation of Schools - Junior High School (Grade 7 to Grade 10),0904148,Luis Aguado National High School,04,101101,Specific Budgets of National Government Agencies,1,Personnel Services,5010101001,Basic Salary - Civilian,24749.0,24749000.0,,,,,Basic Education (DepEd)
127752,2020,07,Department of Education (DepEd),001,Office of the Secretary,310400100003000,Operation of Schools - Junior High School (Grade 7 to Grade 10),0904148,Luis Aguado National High School,04,104102,Retirement and Life Insurance Premiums,1,Personnel Services,5010301000,Retirement and Life Insurance Premiums,2970.0,2970000.0,,,,,Basic Education (DepEd)
127721,2020,07,Department of Education (DepEd),001,Office of the Secretary,310400100003000,Operation of Schools - Junior High School (Grade 7 to Grade 10),0904148,Luis Aguado National High School,04,101101,Specific Budgets of National Government Agencies,1,Personnel Services,5010201001,PERA - Civilian,2208.0,2208000.0,,,,,Basic Education (DepEd)
127724,2020,07,Department of Education (DepEd),001,Office of the Secretary,310400100003000,Operation of Schools - Junior High School (Grade 7 to Grade 10),0904148,Luis Aguado National High School,04,101101,Specific Budgets of National Government Agencies,1,Personnel Services,5010214001,Bonus - Civilian,2062.0,2062000.0,,,,,Basic Education (DepEd)
127727,2020,07,Department of Education (DepEd),001,Office of the Secretary,310400100003000,Operation of Schools - Junior High School (Grade 7 to Grade 10),0904148,Luis Aguado National High School,04,101101,Specific Budgets of National Government Agencies,1,Personnel Services,5010299036,Mid-Year Bonus - Civilian,2062.0,2062000.0,,,,,Basic Education (DepEd)
127720,2020,07,Department of Education (DepEd),001,Office of the Secretary,310400100003000,Operation of Schools - Junior High School (Grade 7 to Grade 10),0904148,Luis Aguado National High School,04,101101,Specific Budgets of National Government Agencies,1,Personnel Services,5010102000,Salaries and Wages - Casual/Contractual,568.0,568000.0,,,,,Basic Education (DepEd)
127722,2020,07,Department of Education (DepEd),001,Office of the Secretary,310400100003000,Operation of Schools - Junior High School (Grade 7 to Grade 10),0904148,Luis Aguado National High School,04,101101,Specific Budgets of National Government Agencies,1,Personnel Services,5010204001,Clothing/Uniform Allowance - Civilian,552.0,552000.0,,,,,Basic Education (DepEd)
127725,2020,07,Department of Education (DepEd),001,Office of the Secretary,310400100003000,Operation of Schools - Junior High School (Grade 7 to Grade 10),0904148,Luis Aguado National High School,04,101101,Specific Budgets of National Government Agencies,1,Personnel Services,5010215001,Cash Gift - Civilian ,460.0,460000.0,,,,,Basic Education (DepEd)
127726,2020,07,Department of Education (DepEd),001,Office of the Secretary,310400100003000,Operation of Schools - Junior High School (Grade 7 to Grade 10),0904148,Luis Aguado National High School,04,101101,Specific Budgets of National Government Agencies,1,Personnel Services,5010299012,Productivity Enhancement Incentive - Civilian ,460.0,460000.0,,,,,Basic Education (DepEd)
127734,2020,07,Department of Education (DepEd),001,Office of the Secretary,310400100003000,Operation of Schools - Junior High School (Grade 7 to Grade 10),0904148,Luis Aguado National High School,04,101101,Specific Budgets of National Government Agencies,2,Maintenance and Other Operating Expenses,5020301002,Office Supplies Expenses,450.0,450000.0,,,,,Basic Education (DepEd)
127740,2020,07,Department of Education (DepEd),001,Office of the Secretary,310400100003000,Operation of Schools - Junior High School (Grade 7 to Grade 10),0904148,Luis Aguado National High School,04,101101,Specific Budgets of National Government Agencies,2,Maintenance and Other Operating Expenses,5020399000,Other Supplies and Materials Expenses,361.0,361000.0,,,,,Basic Education (DepEd)
127729,2020,07,Department of Education (DepEd),001,Office of the Secretary,310400100003000,Operation of Schools - Junior High School (Grade 7 to Grade 10),0904148,Luis Aguado National High School,04,101101,Specific Budgets of National Government Agencies,1,Personnel Services,5010303001,PhilHealth - Civilian,338.0,338000.0,,,,,Basic Education (DepEd)
127747,2020,07,Department of Education (DepEd),001,Office of the Secretary,310400100003000,Operation of Schools - Junior High School (Grade 7 to Grade 10),0904148,Luis Aguado National High School,04,101101,Specific Budgets of National Government Agencies,2,Maintenance and Other Operating Expenses,5021304002,School Buildings,300.0,300000.0,,,,,Basic Education (DepEd)
127742,2020,07,Department of Education (DepEd),001,Office of the Secretary,310400100003000,Operation of Schools - Junior High School (Grade 7 to Grade 10),0904148,Luis Aguado National High School,04,101101,Specific Budgets of National Government Agencies,2,Maintenance and Other Operating Expenses,5020402000,Electricity Expenses,300.0,300000.0,,,,,Basic Education (DepEd)
127746,2020,07,Department of Education (DepEd),001,Office of the Secretary,310400100003000,Operation of Schools - Junior High School (Grade 7 to Grade 10),0904148,Luis Aguado National High School,04,101101,Specific Budgets of National Government Agencies,2,Maintenance and Other Operating Expenses,5021202000,Janitorial Services,250.0,250000.0,,,,,Basic Education (DepEd)
127733,2020,07,Department of Education (DepEd),001,Office of the Secretary,310400100003000,Operation of Schools - Junior High School (Grade 7 to Grade 10),0904148,Luis Aguado National High School,04,101101,Specific Budgets of National Government Agencies,2,Maintenance and Other Operating Expenses,5020201002,Training Expenses,200.0,200000.0,,,,,Basic Education (DepEd)
127738,2020,07,Department of Education (DepEd),001,Office of the Secretary,310400100003000,Operation of Schools - Junior High School (Grade 7 to Grade 10),0904148,Luis Aguado National High School,04,101101,Specific Budgets of National Government Agencies,2,Maintenance and Other Operating Expenses,5020321099,Other Machinery and Equipment,200.0,200000.0,,,,,Basic Education (DepEd)
127728,2020,07,Department of Education (DepEd),001,Office of the Secretary,310400100003000,Operation of Schools - Junior High School (Grade 7 to Grade 10),0904148,Luis Aguado National High School,04,101101,Specific Budgets of National Government Agencies,1,Personnel Services,5010302001,Pag-IBIG - Civilian,110.0,110000.0,,,,,Basic Education (DepEd)
127730,2020,07,Department of Education (DepEd),001,Office of the Secretary,310400100003000,Operation of Schools - Junior High School (Grade 7 to Grade 10),0904148,Luis Aguado National High School,04,101101,Specific Budgets of National Government Agencies,1,Personnel Services,5010304001,ECIP - Civilian,110.0,110000.0,,,,,Basic Education (DepEd)
127745,2020,07,Department of Education (DepEd),001,Office of the Secretary,310400100003000,Operation of Schools - Junior High School (Grade 7 to Grade 10),0904148,Luis Aguado National High School,04,101101,Specific Budgets of National Government Agencies,2,Maintenance and Other Operating Expenses,5020503000,Internet Subscription Expenses,90.0,90000.0,,,,,Basic Education (DepEd)
127737,2020,07,Department of Education (DepEd),001,Office of the Secretary,310400100003000,Operation of Schools - Junior High School (Grade 7 to Grade 10),0904148,Luis Aguado National High School,04,101101,Specific Budgets of National Government Agencies,2,Maintenance and Other Operating Expenses,5020321003,Information and Communications Technology Equipment,90.0,90000.0,,,,,Basic Education (DepEd)
127739,2020,07,Department of Education (DepEd),001,Office of the Secretary,310400100003000,Operation of Schools - Junior High School (Grade 7 to Grade 10),0904148,Luis Aguado National High School,04,101101,Specific Budgets of National Government Agencies,2,Maintenance and Other Operating Expenses,5020322001,Furniture and Fixtures,80.0,80000.0,,,,,Basic Education (DepEd)
127741,2020,07,Department of Education (DepEd),001,Office of the Secretary,310400100003000,Operation of Schools - Junior High School (Grade 7 to Grade 10),0904148,Luis Aguado National High School,04,101101,Specific Budgets of National Government Agencies,2,Maintenance and Other Operating Expenses,5020401000,Water Expenses,80.0,80000.0,,,,,Basic Education (DepEd)
127732,2020,07,Department of Education (DepEd),001,Office of the Secretary,310400100003000,Operation of Schools - Junior High School (Grade 7 to Grade 10),0904148,Luis Aguado National High School,04,101101,Specific Budgets of National Government Agencies,2,Maintenance and Other Operating Expenses,5020101000,Traveling Expenses - Local,80.0,80000.0,,,,,Basic Education (DepEd)
127744,2020,07,Department of Education (DepEd),001,Office of the Secretary,310400100003000,Operation of Schools - Junior High School (Grade 7 to Grade 10),0904148,Luis Aguado National High School,04,101101,Specific Budgets of National Government Agencies,2,Maintenance and Other Operating Expenses,5020502002,Landline,67.0,67000.0,,,,,Basic Education (DepEd)
127731,2020,07,Department of Education (DepEd),001,Office of the Secretary,310400100003000,Operation of Schools - Junior High School (Grade 7 to Grade 10),0904148,Luis Aguado National High School,04,101101,Specific Budgets of National Government Agencies,1,Personnel Services,5010499010,Lump-sum for Step Increments - Length of Service,62.0,62000.0,,,,,Basic Education (DepEd)
127748,2020,07,Department of Education (DepEd),001,Office of the Secretary,310400100003000,Operation of Schools - Junior High School (Grade 7 to Grade 10),0904148,Luis Aguado National High School,04,101101,Specific Budgets of National Government Agencies,2,Maintenance and Other Operating Expenses,5021321002,Office Equipment,50.0,50000.0,,,,,Basic Education (DepEd)
127749,2020,07,Department of Education (DepEd),001,Office of the Secretary,310400100003000,Operation of Schools - Junior High School (Grade 7 to Grade 10),0904148,Luis Aguado National High School,04,101101,Specific Budgets of National Government Agencies,2,Maintenance and Other Operating Expenses,5021321003,Information and Communications Technology Equipment,50.0,50000.0,,,,,Basic Education (DepEd)
127750,2020,07,Department of Education (DepEd),001,Office of the Secretary,310400100003000,Operation of Schools - Junior High School (Grade 7 to Grade 10),0904148,Luis Aguado National High School,04,101101,Specific Budgets of National Government Agencies,2,Maintenance and Other Operating Expenses,5021322001,Furniture and Fixtures,50.0,50000.0,,,,,Basic Education (DepEd)
127736,2020,07,Department of Education (DepEd),001,Office of the Secretary,310400100003000,Operation of Schools - Junior High School (Grade 7 to Grade 10),0904148,Luis Aguado National High School,04,101101,Specific Budgets of National Government Agencies,2,Maintenance and Other Operating Expenses,5020321002,Office Equipment,50.0,50000.0,,,,,Basic Education (DepEd)
127723,2020,07,Department of Education (DepEd),001,Office of the Secretary,310400100003000,Operation of Schools - Junior High School (Grade 7 to Grade 10),0904148,Luis Aguado National High School,04,101101,Specific Budgets of National Government Agencies,1,Personnel Services,5010210001,Honoraria - Civilian,38.0,38000.0,,,,,Basic Education (DepEd)
127743,2020,07,Department of Education (DepEd),001,Office of the Secretary,310400100003000,Operation of Schools - Junior High School (Grade 7 to Grade 10),0904148,Luis Aguado National High School,04,101101,Specific Budgets of National Government Agencies,2,Maintenance and Other Operating Expenses,5020502001,Mobile,25.0,25000.0,,,,,Basic Education (DepEd)
127751,2020,07,Department of Education (DepEd),001,Office of the Secretary,310400100003000,Operation of Schools - Junior High School (Grade 7 to Grade 10),0904148,Luis Aguado National High School,04,101101,Specific Budgets of National Government Agencies,2,Maintenance and Other Operating Expenses,5021502000,Fidelity Bond Premiums,7.0,7000.0,,,,,Basic Education (DepEd)
127735,2020,07,Department of Education (DepEd),001,Office of the Secretary,310400100003000,Operation of Schools - Junior High School (Grade 7 to Grade 10),0904148,Luis Aguado National High School,04,101101,Specific Budgets of National Government Agencies,2,Maintenance and Other Operating Expenses,5020302000,Accountable Forms Expenses,3.0,3000.0,,,,,Basic Education (DepEd)
128522,2020,07,Department of Education (DepEd),001,Office of the Secretary,310400100003000,Operation of Schools - Junior High School (Grade 7 to Grade 10),0904176,Trece Martirez City National High School,04,101101,Specific Budgets of National Government Agencies,1,Personnel Services,5010101001,Basic Salary - Civilian,91320.0,91320000.0,,,,,Basic Education (DepEd)
128550,2020,07,Department of Education (DepEd),001,Office of the Secretary,310400100003000,Operation of Schools - Junior High School (Grade 7 to Grade 10),0904176,Trece Martirez City National High School,04,104102,Retirement and Life Insurance Premiums,1,Personnel Services,5010301000,Retirement and Life Insurance Premiums,10958.0,10958000.0,,,,,Basic Education (DepEd)
128524,2020,07,Department of Education (DepEd),001,Office of the Secretary,310400100003000,Operation of Schools - Junior High School (Grade 7 to Grade 10),0904176,Trece Martirez City National High School,04,101101,Specific Budgets of National Government Agencies,1,Personnel Services,5010201001,PERA - Civilian,8136.0,8136000.0,,,,,Basic Education (DepEd)
128530,2020,07,Department of Education (DepEd),001,Office of the Secretary,310400100003000,Operation of Schools - Junior High School (Grade 7 to Grade 10),0904176,Trece Martirez City National High School,04,101101,Specific Budgets of National Government Agencies,1,Personnel Services,5010299036,Mid-Year Bonus - Civilian,7610.0,7610000.0,,,,,Basic Education (DepEd)
128527,2020,07,Department of Education (DepEd),001,Office of the Secretary,310400100003000,Operation of Schools - Junior High School (Grade 7 to Grade 10),0904176,Trece Martirez City National High School,04,101101,Specific Budgets of National Government Agencies,1,Personnel Services,5010214001,Bonus - Civilian,7610.0,7610000.0,,,,,Basic Education (DepEd)
128537,2020,07,Department of Education (DepEd),001,Office of the Secretary,310400100003000,Operation of Schools - Junior High School (Grade 7 to Grade 10),0904176,Trece Martirez City National High School,04,101101,Specific Budgets of National Government Agencies,2,Maintenance and Other Operating Expenses,5020301002,Office Supplies Expenses,4834.0,4834000.0,,,,,Basic Education (DepEd)
128523,2020,07,Department of Education (DepEd),001,Office of the Secretary,310400100003000,Operation of Schools - Junior High School (Grade 7 to Grade 10),0904176,Trece Martirez City National High School,04,101101,Specific Budgets of National Government Agencies,1,Personnel Services,5010102000,Salaries and Wages - Casual/Contractual,2349.0,2349000.0,,,,,Basic Education (DepEd)
128542,2020,07,Department of Education (DepEd),001,Office of the Secretary,310400100003000,Operation of Schools - Junior High School (Grade 7 to Grade 10),0904176,Trece Martirez City National High School,04,101101,Specific Budgets of National Government Agencies,2,Maintenance and Other Operating Expenses,5020402000,Electricity Expenses,2077.0,2077000.0,,,,,Basic Education (DepEd)
128525,2020,07,Department of Education (DepEd),001,Office of the Secretary,310400100003000,Operation of Schools - Junior High School (Grade 7 to Grade 10),0904176,Trece Martirez City National High School,04,101101,Specific Budgets of National Government Agencies,1,Personnel Services,5010204001,Clothing/Uniform Allowance - Civilian,2034.0,2034000.0,,,,,Basic Education (DepEd)
128529,2020,07,Department of Education (DepEd),001,Office of the Secretary,310400100003000,Operation of Schools - Junior High School (Grade 7 to Grade 10),0904176,Trece Martirez City National High School,04,101101,Specific Budgets of National Government Agencies,1,Personnel Services,5010299012,Productivity Enhancement Incentive - Civilian ,1695.0,1695000.0,,,,,Basic Education (DepEd)
128528,2020,07,Department of Education (DepEd),001,Office of the Secretary,310400100003000,Operation of Schools - Junior High School (Grade 7 to Grade 10),0904176,Trece Martirez City National High School,04,101101,Specific Budgets of National Government Agencies,1,Personnel Services,5010215001,Cash Gift - Civilian ,1695.0,1695000.0,,,,,Basic Education (DepEd)
128532,2020,07,Department of Education (DepEd),001,Office of the Secretary,310400100003000,Operation of Schools - Junior High School (Grade 7 to Grade 10),0904176,Trece Martirez City National High School,04,101101,Specific Budgets of National Government Agencies,1,Personnel Services,5010303001,PhilHealth - Civilian,1246.0,1246000.0,,,,,Basic Education (DepEd)
128535,2020,07,Department of Education (DepEd),001,Office of the Secretary,310400100003000,Operation of Schools - Junior High School (Grade 7 to Grade 10),0904176,Trece Martirez City National High School,04,101101,Specific Budgets of National Government Agencies,2,Maintenance and Other Operating Expenses,5020101000,Traveling Expenses - Local,718.0,718000.0,,,,,Basic Education (DepEd)
128546,2020,07,Department of Education (DepEd),001,Office of the Secretary,310400100003000,Operation of Schools - Junior High School (Grade 7 to Grade 10),0904176,Trece Martirez City National High School,04,101101,Specific Budgets of National Government Agencies,2,Maintenance and Other Operating Expenses,5021304002,School Buildings,630.0,630000.0,,,,,Basic Education (DepEd)
128531,2020,07,Department of Education (DepEd),001,Office of the Secretary,310400100003000,Operation of Schools - Junior High School (Grade 7 to Grade 10),0904176,Trece Martirez City National High School,04,101101,Specific Budgets of National Government Agencies,1,Personnel Services,5010302001,Pag-IBIG - Civilian,407.0,407000.0,,,,,Basic Education (DepEd)
128533,2020,07,Department of Education (DepEd),001,Office of the Secretary,310400100003000,Operation of Schools - Junior High School (Grade 7 to Grade 10),0904176,Trece Martirez City National High School,04,101101,Specific Budgets of National Government Agencies,1,Personnel Services,5010304001,ECIP - Civilian,407.0,407000.0,,,,,Basic Education (DepEd)
128540,2020,07,Department of Education (DepEd),001,Office of the Secretary,310400100003000,Operation of Schools - Junior High School (Grade 7 to Grade 10),0904176,Trece Martirez City National High School,04,101101,Specific Budgets of National Government Agencies,2,Maintenance and Other Operating Expenses,5020399000,Other Supplies and Materials Expenses,363.0,363000.0,,,,,Basic Education (DepEd)
128534,2020,07,Department of Education (DepEd),001,Office of the Secretary,310400100003000,Operation of Schools - Junior High School (Grade 7 to Grade 10),0904176,Trece Martirez City National High School,04,101101,Specific Budgets of National Government Agencies,1,Personnel Services,5010499010,Lump-sum for Step Increments - Length of Service,228.0,228000.0,,,,,Basic Education (DepEd)
128538,2020,07,Department of Education (DepEd),001,Office of the Secretary,310400100003000,Operation of Schools - Junior High School (Grade 7 to Grade 10),0904176,Trece Martirez City National High School,04,101101,Specific Budgets of National Government Agencies,2,Maintenance and Other Operating Expenses,5020308000,"Medical, Dental and Laboratory Supplies Expenses",207.0,207000.0,,,,,Basic Education (DepEd)
128526,2020,07,Department of Education (DepEd),001,Office of the Secretary,310400100003000,Operation of Schools - Junior High School (Grade 7 to Grade 10),0904176,Trece Martirez City National High School,04,101101,Specific Budgets of National Government Agencies,1,Personnel Services,5010210001,Honoraria - Civilian,161.0,161000.0,,,,,Basic Education (DepEd)
128536,2020,07,Department of Education (DepEd),001,Office of the Secretary,310400100003000,Operation of Schools - Junior High School (Grade 7 to Grade 10),0904176,Trece Martirez City National High School,04,101101,Specific Budgets of National Government Agencies,2,Maintenance and Other Operating Expenses,5020201002,Training Expenses,141.0,141000.0,,,,,Basic Education (DepEd)
128539,2020,07,Department of Education (DepEd),001,Office of the Secretary,310400100003000,Operation of Schools - Junior High School (Grade 7 to Grade 10),0904176,Trece Martirez City National High School,04,101101,Specific Budgets of National Government Agencies,2,Maintenance and Other Operating Expenses,5020309000,"Fuel, Oil and Lubricants Expenses",101.0,101000.0,,,,,Basic Education (DepEd)
128543,2020,07,Department of Education (DepEd),001,Office of the Secretary,310400100003000,Operation of Schools - Junior High School (Grade 7 to Grade 10),0904176,Trece Martirez City National High School,04,101101,Specific Budgets of National Government Agencies,2,Maintenance and Other Operating Expenses,5020502001,Mobile,74.0,74000.0,,,,,Basic Education (DepEd)
128544,2020,07,Department of Education (DepEd),001,Office of the Secretary,310400100003000,Operation of Schools - Junior High School (Grade 7 to Grade 10),0904176,Trece Martirez City National High School,04,101101,Specific Budgets of National Government Agencies,2,Maintenance and Other Operating Expenses,5020502002,Landline,58.0,58000.0,,,,,Basic Education (DepEd)
128545,2020,07,Department of Education (DepEd),001,Office of the Secretary,310400100003000,Operation of Schools - Junior High School (Grade 7 to Grade 10),0904176,Trece Martirez City National High School,04,101101,Specific Budgets of National Government Agencies,2,Maintenance and Other Operating Expenses,5020503000,Internet Subscription Expenses,54.0,54000.0,,,,,Basic Education (DepEd)
128541,2020,07,Department of Education (DepEd),001,Office of the Secretary,310400100003000,Operation of Schools - Junior High School (Grade 7 to Grade 10),0904176,Trece Martirez City National High School,04,101101,Specific Budgets of National Government Agencies,2,Maintenance and Other Operating Expenses,5020401000,Water Expenses,41.0,41000.0,,,,,Basic Education (DepEd)
128548,2020,07,Department of Education (DepEd),001,Office of the Secretary,310400100003000,Operation of Schools - Junior High School (Grade 7 to Grade 10),0904176,Trece Martirez City National High School,04,101101,Specific Budgets of National Government Agencies,2,Maintenance and Other Operating Expenses,5029903000,Representation Expenses,34.0,34000.0,,,,,Basic Education (DepEd)
128549,2020,07,Department of Education (DepEd),001,Office of the Secretary,310400100003000,Operation of Schools - Junior High School (Grade 7 to Grade 10),0904176,Trece Martirez City National High School,04,101101,Specific Budgets of National Government Agencies,2,Maintenance and Other Operating Expenses,5029904000,Transportation and Delivery Expenses,28.0,28000.0,,,,,Basic Education (DepEd)
128547,2020,07,Department of Education (DepEd),001,Office of the Secretary,310400100003000,Operation of Schools - Junior High School (Grade 7 to Grade 10),0904176,Trece Martirez City National High School,04,101101,Specific Budgets of National Government Agencies,2,Maintenance and Other Operating Expenses,5021502000,Fidelity Bond Premiums,8.0,8000.0,,,,,Basic Education (DepEd)
128568,2020,07,Department of Education (DepEd),001,Office of the Secretary,310400100003000,Operation of Schools - Junior High School (Grade 7 to Grade 10),0904178,Trece Martirez City National High School (Cochu Annex),04,101101,Specific Budgets of National Government Agencies,2,Maintenance and Other Operating Expenses,5020301002,Office Supplies Expenses,401.0,401000.0,,,,,Basic Education (DepEd)
128569,2020,07,Department of Education (DepEd),001,Office of the Secretary,310400100003000,Operation of Schools - Junior High School (Grade 7 to Grade 10),0904178,Trece Martirez City National High School (Cochu Annex),04,101101,Specific Budgets of National Government Agencies,2,Maintenance and Other Operating Expenses,5020399000,Other Supplies and Materials Expenses,164.0,164000.0,,,,,Basic Education (DepEd)
128570,2020,07,Department of Education (DepEd),001,Office of the Secretary,310400100003000,Operation of Schools - Junior High School (Grade 7 to Grade 10),0904178,Trece Martirez City National High School (Cochu Annex),04,101101,Specific Budgets of National Government Agencies,2,Maintenance and Other Operating Expenses,5020401000,Water Expenses,99.0,99000.0,,,,,Basic Education (DepEd)
128567,2020,07,Department of Education (DepEd),001,Office of the Secretary,310400100003000,Operation of Schools - Junior High School (Grade 7 to Grade 10),0904178,Trece Martirez City National High School (Cochu Annex),04,101101,Specific Budgets of National Government Agencies,2,Maintenance and Other Operating Expenses,5020201002,Training Expenses,55.0,55000.0,,,,,Basic Education (DepEd)
128571,2020,07,Department of Education (DepEd),001,Office of the Secretary,310400100003000,Operation of Schools - Junior High School (Grade 7 to Grade 10),0904178,Trece Martirez City National High School (Cochu Annex),04,101101,Specific Budgets of National Government Agencies,2,Maintenance and Other Operating Expenses,5020503000,Internet Subscription Expenses,47.0,47000.0,,,,,Basic Education (DepEd)
128572,2020,07,Department of Education (DepEd),001,Office of the Secretary,310400100003000,Operation of Schools - Junior High School (Grade 7 to Grade 10),0904178,Trece Martirez City National High School (Cochu Annex),04,101101,Specific Budgets of National Government Agencies,2,Maintenance and Other Operating Expenses,5021305002,Office Equipment,25.0,25000.0,,,,,Basic Education (DepEd)
128573,2020,07,Department of Education (DepEd),001,Office of the Secretary,310400100003000,Operation of Schools - Junior High School (Grade 7 to Grade 10),0904178,Trece Martirez City National High School (Cochu Annex),04,101101,Specific Budgets of National Government Agencies,2,Maintenance and Other Operating Expenses,5021502000,Fidelity Bond Premiums,2.0,2000.0,,,,,Basic Education (DepEd)
522390,2020,18,Department of Public Works and Highways (DPWH),001,Office of the Secretary,320101104811000,"Construction of Revetment along Cañas River, Phase II, Brgy. Luciano, Trece Martires City, Cavite",1800061,Cavite District Engineering Office,04,101101,Specific Budgets of National Government Agencies,6,Capital Outlays,5060403002,Flood Control Systems,50000.0,50000000.0,,,,,Flood Control & River Mitigation (DPWH)
522391,2020,18,Department of Public Works and Highways (DPWH),001,Office of the Secretary,320101104812000,"Construction of Revetment along Cañas River, Phase III, Brgy. De Ocampo, Trece Martires City, Cavite",1800061,Cavite District Engineering Office,04,101101,Specific Budgets of National Government Agencies,6,Capital Outlays,5060403002,Flood Control Systems,50000.0,50000000.0,,,,,Flood Control & River Mitigation (DPWH)
482462,2020,18,Department of Public Works and Highways (DPWH),001,Office of the Secretary,300104215200000,"Construction/Completion/Rehabilitation of DPWH Building Phase 2, Trece Martires City, Cavite",1800061,Cavite District Engineering Office,04,101101,Specific Budgets of National Government Agencies,6,Capital Outlays,5060404001,Buildings,50000.0,50000000.0,,,,,Community & Public Buildings (DPWH)
482518,2020,18,Department of Public Works and Highways (DPWH),001,Office of the Secretary,300104215256000,"Rehabilitation of Multi-Purpose Building, Governor's Drive, Brgy. San Agustin, Trece Martires City, Cavite",1800061,Cavite District Engineering Office,04,101101,Specific Budgets of National Government Agencies,6,Capital Outlays,5060404001,Buildings,10000.0,10000000.0,,,,,Community & Public Buildings (DPWH)
499467,2020,18,Department of Public Works and Highways (DPWH),001,Office of the Secretary,300117206378000,"Rehabilitation of Road, Brgy. Hugo Perez, Trece Martires, Cavite",1800061,Cavite District Engineering Office,04,101101,Specific Budgets of National Government Agencies,6,Capital Outlays,5060403001,Road Networks,15000.0,15000000.0,,,,,Roads & Bridges (DPWH)
499475,2020,18,Department of Public Works and Highways (DPWH),001,Office of the Secretary,300117206386000,"Rehabilitation of San Agustin-Luciano By-Pass Road, Brgy. San Agustin, Trece Martires City, Cavite",1800061,Cavite District Engineering Office,04,101101,Specific Budgets of National Government Agencies,6,Capital Outlays,5060403001,Road Networks,10000.0,10000000.0,,,,,Roads & Bridges (DPWH)
499478,2020,18,Department of Public Works and Highways (DPWH),001,Office of the Secretary,300117206389000,"Rehabilitation of Trece-Amadeo Road, Brgy. Conchu, Trece Martires City, Cavite",1800061,Cavite District Engineering Office,04,101101,Specific Budgets of National Government Agencies,6,Capital Outlays,5060403001,Road Networks,15000.0,15000000.0,,,,,Roads & Bridges (DPWH)
499466,2020,18,Department of Public Works and Highways (DPWH),001,Office of the Secretary,300117206377000,"Rehabilitation of Trece-Amadeo Road, Brgy. Conchu, Trece Martires, Cavite",1800061,Cavite District Engineering Office,04,101101,Specific Budgets of National Government Agencies,6,Capital Outlays,5060403001,Road Networks,20000.0,20000000.0,,,,,Roads & Bridges (DPWH)
510541,2020,18,Department of Public Works and Highways (DPWH),001,Office of the Secretary,310201100556000,Tanza-Trece Martires City-Indang Rd - K0035 + 640 - K0036 + 197,1800061,Cavite District Engineering Office,04,101101,Specific Budgets of National Government Agencies,6,Capital Outlays,5060403001,Road Networks,50000.0,50000000.0,,,,,Infrastructure (DPWH)
509724,2020,18,Department of Public Works and Highways (DPWH),001,Office of the Secretary,310111100191000,Tanza-Trece Martires City-Indang Rd - K0048 + (-398) - K0049 + 472,1800061,Cavite District Engineering Office,04,101101,Specific Budgets of National Government Agencies,6,Capital Outlays,5060403001,Road Networks,39318.0,39318000.0,,,,,Infrastructure (DPWH)
463780,2020,18,Department of Public Works and Highways (DPWH),001,Office of the Secretary,300101200007000,"Construction of 4STY-20CL at Trece Martires City ES, Trece Martires, Cavite",0100000,Central Office,13,101101,Specific Budgets of National Government Agencies,6,Capital Outlays,5060404002,School Buildings,52250.0,52250000.0,,,,,School Buildings & Education Infra (DPWH)
491895,2020,18,Department of Public Works and Highways (DPWH),001,Office of the Secretary,300116202180000,"Construction of Indang - Cabuco - Naic Diversion Rd., Trece Martires City, Cavite",0100000,Central Office,13,101101,Specific Budgets of National Government Agencies,6,Capital Outlays,5060403001,Road Networks,100000.0,100000000.0,,,,,Roads & Bridges (DPWH)
491945,2020,18,Department of Public Works and Highways (DPWH),001,Office of the Secretary,300116202230000,"Rehabilitation of Conchu Rd., Trece Station, Phase 1, Sta 0+000 - Sta, Amadeo, Cavite",0100000,Central Office,13,101101,Specific Budgets of National Government Agencies,6,Capital Outlays,5060403001,Road Networks,62000.0,62000000.0,,,,,Infrastructure (DPWH)
491946,2020,18,Department of Public Works and Highways (DPWH),001,Office of the Secretary,300116202231000,"Rehabilitation of Conchu Rd., Trece Station, Phase 2, Sta 2+400 - Sta 4+800, Amadeo, Cavite",0100000,Central Office,13,101101,Specific Budgets of National Government Agencies,6,Capital Outlays,5060403001,Road Networks,62000.0,62000000.0,,,,,Infrastructure (DPWH)
516419,2020,18,Department of Public Works and Highways (DPWH),001,Office of the Secretary,310305100220000,Alang - Ilang Br. (B03058LZ) along Dasmariñas-Trece Martires City-Naic Rd,nan,nan,nan,nan,nan,nan,nan,nan,nan,0.0,0.0,,,,,Roads & Bridges (DPWH)
515018,2020,18,Department of Public Works and Highways (DPWH),001,Office of the Secretary,310303100520000,Alulod Br. (B02521LZ) along Tanza-Trece Martires City-Indang Rd,nan,nan,nan,nan,nan,nan,nan,nan,nan,0.0,0.0,,,,,Roads & Bridges (DPWH)
469193,2020,18,Department of Public Works and Highways (DPWH),001,Office of the Secretary,300104201931000,"Construction of Covered Court at the Department of Education, Region IV-A, Division of Cavite Office, Trece Martires City, Cavite",nan,nan,nan,nan,nan,nan,nan,nan,nan,0.0,0.0,,,,,Community & Public Buildings (DPWH)
469194,2020,18,Department of Public Works and Highways (DPWH),001,Office of the Secretary,300104201932000,"Construction of Covered Court, Brgy. De Ocampo, Trece Martires City, Cavite",nan,nan,nan,nan,nan,nan,nan,nan,nan,0.0,0.0,,,,,Community & Public Buildings (DPWH)
469195,2020,18,Department of Public Works and Highways (DPWH),001,Office of the Secretary,300104201933000,"Construction of Covered Court, Brgy. Lapidario, Trece Martires City, Cavite",nan,nan,nan,nan,nan,nan,nan,nan,nan,0.0,0.0,,,,,Community & Public Buildings (DPWH)
487243,2020,18,Department of Public Works and Highways (DPWH),001,Office of the Secretary,300107200127000,"Construction of Flood Control Project, Brgy. Cabuco, Trece Martires City, Cavite",nan,nan,nan,nan,nan,nan,nan,nan,nan,0.0,0.0,,,,,Flood Control & River Mitigation (DPWH)
475388,2020,18,Department of Public Works and Highways (DPWH),001,Office of the Secretary,300104208126000,"Construction of Multi-Purpose Building (Covered Court), Cavite Center for Mental Health, Trece Martires City, Cavite",nan,nan,nan,nan,nan,nan,nan,nan,nan,0.0,0.0,,,,,Community & Public Buildings (DPWH)
475389,2020,18,Department of Public Works and Highways (DPWH),001,Office of the Secretary,300104208127000,"Construction of Multi-Purpose Building (Covered Court), Conchu Elementary School, Brgy. Conchu, Trece Martires City, Cavite",nan,nan,nan,nan,nan,nan,nan,nan,nan,0.0,0.0,,,,,School Buildings & Education Infra (DPWH)
475396,2020,18,Department of Public Works and Highways (DPWH),001,Office of the Secretary,300104208134000,"Construction of Multi-Purpose Building (Covered Court), La Paz Subdivision, Brgy. Cabezas, Trece Martires City, Cavite",nan,nan,nan,nan,nan,nan,nan,nan,nan,0.0,0.0,,,,,Community & Public Buildings (DPWH)
475401,2020,18,Department of Public Works and Highways (DPWH),001,Office of the Secretary,300104208139000,"Construction of Multi-Purpose Building (Covered Court), Osorio Elementary School, Brgy. Paradahan, Trece Martires City, Cavite",nan,nan,nan,nan,nan,nan,nan,nan,nan,0.0,0.0,,,,,School Buildings & Education Infra (DPWH)
475407,2020,18,Department of Public Works and Highways (DPWH),001,Office of the Secretary,300104208145000,"Construction of Multi-Purpose Building (Covered Court), Sampaguita Pag-asa I, Brgy. Aguado, Trece Martires City, Cavite",nan,nan,nan,nan,nan,nan,nan,nan,nan,0.0,0.0,,,,,Community & Public Buildings (DPWH)
475412,2020,18,Department of Public Works and Highways (DPWH),001,Office of the Secretary,300104208150000,"Construction of Multi-Purpose Building (Covered Court), Trece Martires City College, Brgy. Luciano, Trece Martires City, Cavite",nan,nan,nan,nan,nan,nan,nan,nan,nan,0.0,0.0,,,,,Community & Public Buildings (DPWH)
475413,2020,18,Department of Public Works and Highways (DPWH),001,Office of the Secretary,300104208151000,"Construction of Multi-Purpose Building (Covered Court), Trece Matires City Senior High School, Brgy. San Agustin, Trece Martires City, Cavite",nan,nan,nan,nan,nan,nan,nan,nan,nan,0.0,0.0,,,,,School Buildings & Education Infra (DPWH)
475432,2020,18,Department of Public Works and Highways (DPWH),001,Office of the Secretary,300104208170000,"Construction of Multi-Purpose Hall Luis Aguado National High School, Brgy. Aguado, Trece Martires City, Cavite",nan,nan,nan,nan,nan,nan,nan,nan,nan,0.0,0.0,,,,,School Buildings & Education Infra (DPWH)
469232,2020,18,Department of Public Works and Highways (DPWH),001,Office of the Secretary,300104201970000,"Construction of Multipurpose Building, Sampaguita Subdivision, Brgy. Inocencion, Trece Martires City, Cavite",nan,nan,nan,nan,nan,nan,nan,nan,nan,0.0,0.0,,,,,Community & Public Buildings (DPWH)
520203,2020,18,Department of Public Works and Highways (DPWH),001,Office of the Secretary,320101102622000,"Construction of Revetment along Cañas River, Brgy. De Ocampo Section, Phase 2, Trece Martires City, Cavite",nan,nan,nan,nan,nan,nan,nan,nan,nan,0.0,0.0,,,,,Flood Control & River Mitigation (DPWH)
520990,2020,18,Department of Public Works and Highways (DPWH),001,Office of the Secretary,320101103409000,"Construction of Revetment along Cañas River, Brgy. Luciano, Trece Martires City, Cavite",nan,nan,nan,nan,nan,nan,nan,nan,nan,0.0,0.0,,,,,Flood Control & River Mitigation (DPWH)
518977,2020,18,Department of Public Works and Highways (DPWH),001,Office of the Secretary,320101101392000,"Construction of Revetment along Ilang-Ilang River, Brgy. De Ocampo Section, Trece Martices City, Cavite",nan,nan,nan,nan,nan,nan,nan,nan,nan,0.0,0.0,,,,,Flood Control & River Mitigation (DPWH)
513332,2020,18,Department of Public Works and Highways (DPWH),001,Office of the Secretary,310207100062000,"Dasmariñas-Trece Martires City-Naic Rd - K0038 + (-727.10) - K0038 + (-329), K0043 + 000 - K0043 + 740",nan,nan,nan,nan,nan,nan,nan,nan,nan,0.0,0.0,,,,,Infrastructure (DPWH)
510375,2020,18,Department of Public Works and Highways (DPWH),001,Office of the Secretary,310201100389000,Dasmariñas-Trece Martires City-Naic Rd - K0038 + 737 - K0039 + 000,nan,nan,nan,nan,nan,nan,nan,nan,nan,0.0,0.0,,,,,Infrastructure (DPWH)
505448,2020,18,Department of Public Works and Highways (DPWH),001,Office of the Secretary,310101100072000,"Dasmariñas-Trece Martires City-Naic Rd - K0039 + 140 - K0039 + 547, K0045 + -570 - K0045 + 061",nan,nan,nan,nan,nan,nan,nan,nan,nan,0.0,0.0,,,,,Infrastructure (DPWH)
505806,2020,18,Department of Public Works and Highways (DPWH),001,Office of the Secretary,310102100028000,"Dasmariñas-Trece Martires City-Naic Rd - K0044 + (-376) - K0045 + 000 , K0046 + 090 - K0047 + 000 , K0047 + 600 - K0051 + 602",nan,nan,nan,nan,nan,nan,nan,nan,nan,0.0,0.0,,,,,Infrastructure (DPWH)
510903,2020,18,Department of Public Works and Highways (DPWH),001,Office of the Secretary,310202100274000,Dasmariñas-Trece Martires City-Naic Rd - K0047 + 575 - K0049 + 650,nan,nan,nan,nan,nan,nan,nan,nan,nan,0.0,0.0,,,,,Infrastructure (DPWH)
505892,2020,18,Department of Public Works and Highways (DPWH),001,Office of the Secretary,310102100114000,Dasmariñas-Trece Martires City-Naic Rd - K0051 + 000 - K0051 + 602,nan,nan,nan,nan,nan,nan,nan,nan,nan,0.0,0.0,,,,,Infrastructure (DPWH)
516827,2020,18,Department of Public Works and Highways (DPWH),001,Office of the Secretary,310305100628000,Langkaan Br. 1 (B03055LZ) along Dasmariñas-Trece Martires City-Naic Rd,nan,nan,nan,nan,nan,nan,nan,nan,nan,0.0,0.0,,,,,Roads & Bridges (DPWH)
475433,2020,18,Department of Public Works and Highways (DPWH),001,Office of the Secretary,300104208171000,"Reconstruction of Multi-Purpose Building (Training Center), TESDA, Trece Martires City, Cavite",nan,nan,nan,nan,nan,nan,nan,nan,nan,0.0,0.0,,,,,Community & Public Buildings (DPWH)
463353,2020,18,Department of Public Works and Highways (DPWH),001,Office of the Secretary,200000100220000,Regionwide/Nationwide - Roads and Bridges - Conduct of Feasibility Studies/ Preliminary and Detailed Engineering/ Economic Analysis/ Technical Studies/ Traffic Impact Assessment - Region IV-A - Manila-Cavite Diversion Road and Sahod-Ulan - Tres Cruses - Trece Martires City Road,nan,nan,nan,nan,nan,nan,nan,nan,nan,0.0,0.0,,,,,Roads & Bridges (DPWH)
469240,2020,18,Department of Public Works and Highways (DPWH),001,Office of the Secretary,300104201978000,"Rehabilitation of Covered Court, La Paz Subdivision, Brgy. Cabezas, Trece Martires City, Cavite",nan,nan,nan,nan,nan,nan,nan,nan,nan,0.0,0.0,,,,,Community & Public Buildings (DPWH)
475437,2020,18,Department of Public Works and Highways (DPWH),001,Office of the Secretary,300104208175000,"Rehabilitation of Multi-Purpose Building (Barangay Hall), Barangay Conchu, Trece Martires City, Cavite",nan,nan,nan,nan,nan,nan,nan,nan,nan,0.0,0.0,,,,,Community & Public Buildings (DPWH)
475446,2020,18,Department of Public Works and Highways (DPWH),001,Office of the Secretary,300104208184000,"Rehabilitation of Multi-Purpose Building (Covered Court), Barangay La Ilana, Trece Martires City, Cavite",nan,nan,nan,nan,nan,nan,nan,nan,nan,0.0,0.0,,,,,Community & Public Buildings (DPWH)
475450,2020,18,Department of Public Works and Highways (DPWH),001,Office of the Secretary,300104208188000,"Rehabilitation of Multi-Purpose Building (Fences - Trece Martines NHS, Hugo Perez, Annex), Barangay Hugo Perez, Trece Martires City, Cavite",nan,nan,nan,nan,nan,nan,nan,nan,nan,0.0,0.0,,,,,Community & Public Buildings (DPWH)
464091,2020,18,Department of Public Works and Highways (DPWH),001,Office of the Secretary,300102200270000,"Rehabilitation of School Building (Balcony Grills - Luciano ES), Barangay Luciano, Trece Martires City, Cavite",nan,nan,nan,nan,nan,nan,nan,nan,nan,0.0,0.0,,,,,School Buildings & Education Infra (DPWH)
463913,2020,18,Department of Public Works and Highways (DPWH),001,Office of the Secretary,300102200092000,"Renovation/Rehabilitation of San Agustin Elementary School, Trece Martires City, Cavite",nan,nan,nan,nan,nan,nan,nan,nan,nan,0.0,0.0,,,,,School Buildings & Education Infra (DPWH)
496675,2020,18,Department of Public Works and Highways (DPWH),001,Office of the Secretary,300117203586000,"Road Concreting, Brgy. Aguado, Trece Martires City, Cavite",nan,nan,nan,nan,nan,nan,nan,nan,nan,0.0,0.0,,,,,Roads & Bridges (DPWH)
491484,2020,18,Department of Public Works and Highways (DPWH),001,Office of the Secretary,300116201769000,"Road Widening/Concreting of Tanza, Trece Martirez City Road, Tanza, Cavite",nan,nan,nan,nan,nan,nan,nan,nan,nan,0.0,0.0,,,,,Roads & Bridges (DPWH)
510376,2020,18,Department of Public Works and Highways (DPWH),001,Office of the Secretary,310201100390000,Tanza-Trece Martires City-Indang Rd -  K0035 + (-171) - K0035 + 675,nan,nan,nan,nan,nan,nan,nan,nan,nan,0.0,0.0,,,,,Infrastructure (DPWH)
505411,2020,18,Department of Public Works and Highways (DPWH),001,Office of the Secretary,310101100035000,"Tanza-Trece Martires City-Indang Rd - K0035 + - 302 - K0035 + 087, K0042 + 898 - K0045 + 000, K0045 + 594 - K0047 + 148",nan,nan,nan,nan,nan,nan,nan,nan,nan,0.0,0.0,,,,,Infrastructure (DPWH)
510200,2020,18,Department of Public Works and Highways (DPWH),001,Office of the Secretary,310201100214000,"Tanza-Trece Martires City-Indang Rd - K0036 + 145 - K0039 + 691, K0039 + 700 - K0040 + 416",nan,nan,nan,nan,nan,nan,nan,nan,nan,0.0,0.0,,,,,Infrastructure (DPWH)
510201,2020,18,Department of Public Works and Highways (DPWH),001,Office of the Secretary,310201100215000,Tanza-Trece Martires City-Indang Rd - K0049 + 472 - K0051 + 622,nan,nan,nan,nan,nan,nan,nan,nan,nan,0.0,0.0,,,,,Infrastructure (DPWH)
513475,2020,18,Department of Public Works and Highways (DPWH),001,Office of the Secretary,310208100079000,Tanza-Trece Martires City-Indang Rd - K0052 + (-280) - K0052 + 148,nan,nan,nan,nan,nan,nan,nan,nan,nan,0.0,0.0,,,,,Infrastructure (DPWH)
510825,2020,18,Department of Public Works and Highways (DPWH),001,Office of the Secretary,310202100196000,Tanza-Trece Martires City-Indang Rd - K0057 + 560 - K0059 + 137,nan,nan,nan,nan,nan,nan,nan,nan,nan,0.0,0.0,,,,,Infrastructure (DPWH)
506133,2020,18,Department of Public Works and Highways (DPWH),001,Office of the Secretary,310102100355000,Trece Martirez St - (S00010LT) - Chainage 118 - Chainage 533,nan,nan,nan,nan,nan,nan,nan,nan,nan,0.0,0.0,,,,,Infrastructure (DPWH)
349946,2020,08,State Universities and Colleges (SUCs),039,Cavite State University,100000200007000,Construction of 5-Storey Academic Building (Trece Martires City Campus),0000000,nan,04,101101,Specific Budgets of National Government Agencies,6,Capital Outlays,5060404001,Buildings,0.0,0.0,,,,,Higher Education (SUCs / CvSU)
706105,2021,07,Department of Education (DepEd),001,Office of the Secretary,310400100003000,Operation of Schools - Junior High School (Grade 7 to Grade 10),0904177,Eugenio Cabezas National High School,04,101101,Specific Budgets of National Government Agencies,2,Maintenance and Other Operating Expenses,5020301002,Office Supplies Expenses,312.0,312000.0,,,,,Basic Education (DepEd)
706113,2021,07,Department of Education (DepEd),001,Office of the Secretary,310400100003000,Operation of Schools - Junior High School (Grade 7 to Grade 10),0904177,Eugenio Cabezas National High School,04,101101,Specific Budgets of National Government Agencies,2,Maintenance and Other Operating Expenses,5029902000,Printing and Publication Expenses,250.0,250000.0,,,,,Basic Education (DepEd)
706107,2021,07,Department of Education (DepEd),001,Office of the Secretary,310400100003000,Operation of Schools - Junior High School (Grade 7 to Grade 10),0904177,Eugenio Cabezas National High School,04,101101,Specific Budgets of National Government Agencies,2,Maintenance and Other Operating Expenses,5020399000,Other Supplies and Materials Expenses,131.0,131000.0,,,,,Basic Education (DepEd)
706109,2021,07,Department of Education (DepEd),001,Office of the Secretary,310400100003000,Operation of Schools - Junior High School (Grade 7 to Grade 10),0904177,Eugenio Cabezas National High School,04,101101,Specific Budgets of National Government Agencies,2,Maintenance and Other Operating Expenses,5020402000,Electricity Expenses,102.0,102000.0,,,,,Basic Education (DepEd)
706111,2021,07,Department of Education (DepEd),001,Office of the Secretary,310400100003000,Operation of Schools - Junior High School (Grade 7 to Grade 10),0904177,Eugenio Cabezas National High School,04,101101,Specific Budgets of National Government Agencies,2,Maintenance and Other Operating Expenses,5021304002,School Buildings,100.0,100000.0,,,,,Basic Education (DepEd)
706106,2021,07,Department of Education (DepEd),001,Office of the Secretary,310400100003000,Operation of Schools - Junior High School (Grade 7 to Grade 10),0904177,Eugenio Cabezas National High School,04,101101,Specific Budgets of National Government Agencies,2,Maintenance and Other Operating Expenses,5020321002,Office Equipment,85.0,85000.0,,,,,Basic Education (DepEd)
706110,2021,07,Department of Education (DepEd),001,Office of the Secretary,310400100003000,Operation of Schools - Junior High School (Grade 7 to Grade 10),0904177,Eugenio Cabezas National High School,04,101101,Specific Budgets of National Government Agencies,2,Maintenance and Other Operating Expenses,5020503000,Internet Subscription Expenses,31.0,31000.0,,,,,Basic Education (DepEd)
706108,2021,07,Department of Education (DepEd),001,Office of the Secretary,310400100003000,Operation of Schools - Junior High School (Grade 7 to Grade 10),0904177,Eugenio Cabezas National High School,04,101101,Specific Budgets of National Government Agencies,2,Maintenance and Other Operating Expenses,5020401000,Water Expenses,23.0,23000.0,,,,,Basic Education (DepEd)
706104,2021,07,Department of Education (DepEd),001,Office of the Secretary,310400100003000,Operation of Schools - Junior High School (Grade 7 to Grade 10),0904177,Eugenio Cabezas National High School,04,101101,Specific Budgets of National Government Agencies,2,Maintenance and Other Operating Expenses,5020201002,Training Expenses,11.0,11000.0,,,,,Basic Education (DepEd)
706112,2021,07,Department of Education (DepEd),001,Office of the Secretary,310400100003000,Operation of Schools - Junior High School (Grade 7 to Grade 10),0904177,Eugenio Cabezas National High School,04,101101,Specific Budgets of National Government Agencies,2,Maintenance and Other Operating Expenses,5021502000,Fidelity Bond Premiums,2.0,2000.0,,,,,Basic Education (DepEd)
705042,2021,07,Department of Education (DepEd),001,Office of the Secretary,310400100003000,Operation of Schools - Junior High School (Grade 7 to Grade 10),0904131,Francisco Osorio National High School,04,101101,Specific Budgets of National Government Agencies,1,Personnel Services,5010101001,Basic Salary - Civilian,13242.0,13242000.0,,,,,Basic Education (DepEd)
705065,2021,07,Department of Education (DepEd),001,Office of the Secretary,310400100003000,Operation of Schools - Junior High School (Grade 7 to Grade 10),0904131,Francisco Osorio National High School,04,104102,Retirement and Life Insurance Premiums,1,Personnel Services,5010301000,Retirement and Life Insurance Premiums,1589.0,1589000.0,,,,,Basic Education (DepEd)
705047,2021,07,Department of Education (DepEd),001,Office of the Secretary,310400100003000,Operation of Schools - Junior High School (Grade 7 to Grade 10),0904131,Francisco Osorio National High School,04,101101,Specific Budgets of National Government Agencies,1,Personnel Services,5010214001,Bonus - Civilian,1104.0,1104000.0,,,,,Basic Education (DepEd)
705049,2021,07,Department of Education (DepEd),001,Office of the Secretary,310400100003000,Operation of Schools - Junior High School (Grade 7 to Grade 10),0904131,Francisco Osorio National High School,04,101101,Specific Budgets of National Government Agencies,1,Personnel Services,5010216001,Mid-Year Bonus - Civilian,1104.0,1104000.0,,,,,Basic Education (DepEd)
705044,2021,07,Department of Education (DepEd),001,Office of the Secretary,310400100003000,Operation of Schools - Junior High School (Grade 7 to Grade 10),0904131,Francisco Osorio National High School,04,101101,Specific Budgets of National Government Agencies,1,Personnel Services,5010201001,PERA - Civilian,1008.0,1008000.0,,,,,Basic Education (DepEd)
705063,2021,07,Department of Education (DepEd),001,Office of the Secretary,310400100003000,Operation of Schools - Junior High School (Grade 7 to Grade 10),0904131,Francisco Osorio National High School,04,101101,Specific Budgets of National Government Agencies,2,Maintenance and Other Operating Expenses,5021304002,School Buildings,476.0,476000.0,,,,,Basic Education (DepEd)
705061,2021,07,Department of Education (DepEd),001,Office of the Secretary,310400100003000,Operation of Schools - Junior High School (Grade 7 to Grade 10),0904131,Francisco Osorio National High School,04,101101,Specific Budgets of National Government Agencies,2,Maintenance and Other Operating Expenses,5020402000,Electricity Expenses,360.0,360000.0,,,,,Basic Education (DepEd)
705057,2021,07,Department of Education (DepEd),001,Office of the Secretary,310400100003000,Operation of Schools - Junior High School (Grade 7 to Grade 10),0904131,Francisco Osorio National High School,04,101101,Specific Budgets of National Government Agencies,2,Maintenance and Other Operating Expenses,5020301002,Office Supplies Expenses,300.0,300000.0,,,,,Basic Education (DepEd)
705045,2021,07,Department of Education (DepEd),001,Office of the Secretary,310400100003000,Operation of Schools - Junior High School (Grade 7 to Grade 10),0904131,Francisco Osorio National High School,04,101101,Specific Budgets of National Government Agencies,1,Personnel Services,5010204001,Clothing/Uniform Allowance - Civilian,252.0,252000.0,,,,,Basic Education (DepEd)
705043,2021,07,Department of Education (DepEd),001,Office of the Secretary,310400100003000,Operation of Schools - Junior High School (Grade 7 to Grade 10),0904131,Francisco Osorio National High School,04,101101,Specific Budgets of National Government Agencies,1,Personnel Services,5010103000,Salaries and Wages - Substitute Teachers,249.0,249000.0,,,,,Basic Education (DepEd)
705048,2021,07,Department of Education (DepEd),001,Office of the Secretary,310400100003000,Operation of Schools - Junior High School (Grade 7 to Grade 10),0904131,Francisco Osorio National High School,04,101101,Specific Budgets of National Government Agencies,1,Personnel Services,5010215001,Cash Gift - Civilian ,210.0,210000.0,,,,,Basic Education (DepEd)
705050,2021,07,Department of Education (DepEd),001,Office of the Secretary,310400100003000,Operation of Schools - Junior High School (Grade 7 to Grade 10),0904131,Francisco Osorio National High School,04,101101,Specific Budgets of National Government Agencies,1,Personnel Services,5010299012,Productivity Enhancement Incentive - Civilian ,210.0,210000.0,,,,,Basic Education (DepEd)
705052,2021,07,Department of Education (DepEd),001,Office of the Secretary,310400100003000,Operation of Schools - Junior High School (Grade 7 to Grade 10),0904131,Francisco Osorio National High School,04,101101,Specific Budgets of National Government Agencies,1,Personnel Services,5010303001,PhilHealth - Civilian,180.0,180000.0,,,,,Basic Education (DepEd)
705055,2021,07,Department of Education (DepEd),001,Office of the Secretary,310400100003000,Operation of Schools - Junior High School (Grade 7 to Grade 10),0904131,Francisco Osorio National High School,04,101101,Specific Budgets of National Government Agencies,2,Maintenance and Other Operating Expenses,5020101000,Traveling Expenses - Local,120.0,120000.0,,,,,Basic Education (DepEd)
705056,2021,07,Department of Education (DepEd),001,Office of the Secretary,310400100003000,Operation of Schools - Junior High School (Grade 7 to Grade 10),0904131,Francisco Osorio National High School,04,101101,Specific Budgets of National Government Agencies,2,Maintenance and Other Operating Expenses,5020201002,Training Expenses,100.0,100000.0,,,,,Basic Education (DepEd)
705060,2021,07,Department of Education (DepEd),001,Office of the Secretary,310400100003000,Operation of Schools - Junior High School (Grade 7 to Grade 10),0904131,Francisco Osorio National High School,04,101101,Specific Budgets of National Government Agencies,2,Maintenance and Other Operating Expenses,5020401000,Water Expenses,100.0,100000.0,,,,,Basic Education (DepEd)
705059,2021,07,Department of Education (DepEd),001,Office of the Secretary,310400100003000,Operation of Schools - Junior High School (Grade 7 to Grade 10),0904131,Francisco Osorio National High School,04,101101,Specific Budgets of National Government Agencies,2,Maintenance and Other Operating Expenses,5020399000,Other Supplies and Materials Expenses,80.0,80000.0,,,,,Basic Education (DepEd)
705053,2021,07,Department of Education (DepEd),001,Office of the Secretary,310400100003000,Operation of Schools - Junior High School (Grade 7 to Grade 10),0904131,Francisco Osorio National High School,04,101101,Specific Budgets of National Government Agencies,1,Personnel Services,5010304001,ECIP - Civilian,50.0,50000.0,,,,,Basic Education (DepEd)
705051,2021,07,Department of Education (DepEd),001,Office of the Secretary,310400100003000,Operation of Schools - Junior High School (Grade 7 to Grade 10),0904131,Francisco Osorio National High School,04,101101,Specific Budgets of National Government Agencies,1,Personnel Services,5010302001,Pag-IBIG - Civilian,50.0,50000.0,,,,,Basic Education (DepEd)
705054,2021,07,Department of Education (DepEd),001,Office of the Secretary,310400100003000,Operation of Schools - Junior High School (Grade 7 to Grade 10),0904131,Francisco Osorio National High School,04,101101,Specific Budgets of National Government Agencies,1,Personnel Services,5010499010,Lump-sum for Step Increments - Length of Service,33.0,33000.0,,,,,Basic Education (DepEd)
705062,2021,07,Department of Education (DepEd),001,Office of the Secretary,310400100003000,Operation of Schools - Junior High School (Grade 7 to Grade 10),0904131,Francisco Osorio National High School,04,101101,Specific Budgets of National Government Agencies,2,Maintenance and Other Operating Expenses,5020502001,Mobile,30.0,30000.0,,,,,Basic Education (DepEd)
705046,2021,07,Department of Education (DepEd),001,Office of the Secretary,310400100003000,Operation of Schools - Junior High School (Grade 7 to Grade 10),0904131,Francisco Osorio National High School,04,101101,Specific Budgets of National Government Agencies,1,Personnel Services,5010210001,Honoraria - Civilian,18.0,18000.0,,,,,Basic Education (DepEd)
705064,2021,07,Department of Education (DepEd),001,Office of the Secretary,310400100003000,Operation of Schools - Junior High School (Grade 7 to Grade 10),0904131,Francisco Osorio National High School,04,101101,Specific Budgets of National Government Agencies,2,Maintenance and Other Operating Expenses,5021502000,Fidelity Bond Premiums,7.0,7000.0,,,,,Basic Education (DepEd)
705058,2021,07,Department of Education (DepEd),001,Office of the Secretary,310400100003000,Operation of Schools - Junior High School (Grade 7 to Grade 10),0904131,Francisco Osorio National High School,04,101101,Specific Budgets of National Government Agencies,2,Maintenance and Other Operating Expenses,5020302000,Accountable Forms Expenses,2.0,2000.0,,,,,Basic Education (DepEd)
873379,2021,07,Department of Education (DepEd),001,Office of the Secretary,310400100004000,Operation of Schools - Senior High School (Grade 11 to Grade 12),0904131,Francisco Osorio National High School,04,101101,Specific Budgets of National Government Agencies,2,Maintenance and Other Operating Expenses,5020301002,Office Supplies Expenses,132.0,132000.0,,,,,Basic Education (DepEd)
873378,2021,07,Department of Education (DepEd),001,Office of the Secretary,310400100004000,Operation of Schools - Senior High School (Grade 11 to Grade 12),0904131,Francisco Osorio National High School,04,101101,Specific Budgets of National Government Agencies,2,Maintenance and Other Operating Expenses,5020101000,Traveling Expenses - Local,66.0,66000.0,,,,,Basic Education (DepEd)
873382,2021,07,Department of Education (DepEd),001,Office of the Secretary,310400100004000,Operation of Schools - Senior High School (Grade 11 to Grade 12),0904131,Francisco Osorio National High School,04,101101,Specific Budgets of National Government Agencies,2,Maintenance and Other Operating Expenses,5020402000,Electricity Expenses,40.0,40000.0,,,,,Basic Education (DepEd)
873381,2021,07,Department of Education (DepEd),001,Office of the Secretary,310400100004000,Operation of Schools - Senior High School (Grade 11 to Grade 12),0904131,Francisco Osorio National High School,04,101101,Specific Budgets of National Government Agencies,2,Maintenance and Other Operating Expenses,5020401000,Water Expenses,26.0,26000.0,,,,,Basic Education (DepEd)
873380,2021,07,Department of Education (DepEd),001,Office of the Secretary,310400100004000,Operation of Schools - Senior High School (Grade 11 to Grade 12),0904131,Francisco Osorio National High School,04,101101,Specific Budgets of National Government Agencies,2,Maintenance and Other Operating Expenses,5020399000,Other Supplies and Materials Expenses,6.0,6000.0,,,,,Basic Education (DepEd)
705293,2021,07,Department of Education (DepEd),001,Office of the Secretary,310400100003000,Operation of Schools - Junior High School (Grade 7 to Grade 10),0904148,Luis Aguado National High School,04,101101,Specific Budgets of National Government Agencies,1,Personnel Services,5010101001,Basic Salary - Civilian,28693.0,28693000.0,,,,,Basic Education (DepEd)
705323,2021,07,Department of Education (DepEd),001,Office of the Secretary,310400100003000,Operation of Schools - Junior High School (Grade 7 to Grade 10),0904148,Luis Aguado National High School,04,104102,Retirement and Life Insurance Premiums,1,Personnel Services,5010301000,Retirement and Life Insurance Premiums,3443.0,3443000.0,,,,,Basic Education (DepEd)
705298,2021,07,Department of Education (DepEd),001,Office of the Secretary,310400100003000,Operation of Schools - Junior High School (Grade 7 to Grade 10),0904148,Luis Aguado National High School,04,101101,Specific Budgets of National Government Agencies,1,Personnel Services,5010214001,Bonus - Civilian,2391.0,2391000.0,,,,,Basic Education (DepEd)
705300,2021,07,Department of Education (DepEd),001,Office of the Secretary,310400100003000,Operation of Schools - Junior High School (Grade 7 to Grade 10),0904148,Luis Aguado National High School,04,101101,Specific Budgets of National Government Agencies,1,Personnel Services,5010216001,Mid-Year Bonus - Civilian,2391.0,2391000.0,,,,,Basic Education (DepEd)
705295,2021,07,Department of Education (DepEd),001,Office of the Secretary,310400100003000,Operation of Schools - Junior High School (Grade 7 to Grade 10),0904148,Luis Aguado National High School,04,101101,Specific Budgets of National Government Agencies,1,Personnel Services,5010201001,PERA - Civilian,2232.0,2232000.0,,,,,Basic Education (DepEd)
705294,2021,07,Department of Education (DepEd),001,Office of the Secretary,310400100003000,Operation of Schools - Junior High School (Grade 7 to Grade 10),0904148,Luis Aguado National High School,04,101101,Specific Budgets of National Government Agencies,1,Personnel Services,5010103000,Salaries and Wages - Substitute Teachers,568.0,568000.0,,,,,Basic Education (DepEd)
705296,2021,07,Department of Education (DepEd),001,Office of the Secretary,310400100003000,Operation of Schools - Junior High School (Grade 7 to Grade 10),0904148,Luis Aguado National High School,04,101101,Specific Budgets of National Government Agencies,1,Personnel Services,5010204001,Clothing/Uniform Allowance - Civilian,558.0,558000.0,,,,,Basic Education (DepEd)
705319,2021,07,Department of Education (DepEd),001,Office of the Secretary,310400100003000,Operation of Schools - Junior High School (Grade 7 to Grade 10),0904148,Luis Aguado National High School,04,101101,Specific Budgets of National Government Agencies,2,Maintenance and Other Operating Expenses,5021304002,School Buildings,500.0,500000.0,,,,,Basic Education (DepEd)
705301,2021,07,Department of Education (DepEd),001,Office of the Secretary,310400100003000,Operation of Schools - Junior High School (Grade 7 to Grade 10),0904148,Luis Aguado National High School,04,101101,Specific Budgets of National Government Agencies,1,Personnel Services,5010299012,Productivity Enhancement Incentive - Civilian ,465.0,465000.0,,,,,Basic Education (DepEd)
705299,2021,07,Department of Education (DepEd),001,Office of the Secretary,310400100003000,Operation of Schools - Junior High School (Grade 7 to Grade 10),0904148,Luis Aguado National High School,04,101101,Specific Budgets of National Government Agencies,1,Personnel Services,5010215001,Cash Gift - Civilian ,465.0,465000.0,,,,,Basic Education (DepEd)
705314,2021,07,Department of Education (DepEd),001,Office of the Secretary,310400100003000,Operation of Schools - Junior High School (Grade 7 to Grade 10),0904148,Luis Aguado National High School,04,101101,Specific Budgets of National Government Agencies,2,Maintenance and Other Operating Expenses,5020402000,Electricity Expenses,457.0,457000.0,,,,,Basic Education (DepEd)
705308,2021,07,Department of Education (DepEd),001,Office of the Secretary,310400100003000,Operation of Schools - Junior High School (Grade 7 to Grade 10),0904148,Luis Aguado National High School,04,101101,Specific Budgets of National Government Agencies,2,Maintenance and Other Operating Expenses,5020301002,Office Supplies Expenses,450.0,450000.0,,,,,Basic Education (DepEd)
705303,2021,07,Department of Education (DepEd),001,Office of the Secretary,310400100003000,Operation of Schools - Junior High School (Grade 7 to Grade 10),0904148,Luis Aguado National High School,04,101101,Specific Budgets of National Government Agencies,1,Personnel Services,5010303001,PhilHealth - Civilian,391.0,391000.0,,,,,Basic Education (DepEd)
705318,2021,07,Department of Education (DepEd),001,Office of the Secretary,310400100003000,Operation of Schools - Junior High School (Grade 7 to Grade 10),0904148,Luis Aguado National High School,04,101101,Specific Budgets of National Government Agencies,2,Maintenance and Other Operating Expenses,5021202000,Janitorial Services,290.0,290000.0,,,,,Basic Education (DepEd)
705307,2021,07,Department of Education (DepEd),001,Office of the Secretary,310400100003000,Operation of Schools - Junior High School (Grade 7 to Grade 10),0904148,Luis Aguado National High School,04,101101,Specific Budgets of National Government Agencies,2,Maintenance and Other Operating Expenses,5020201002,Training Expenses,250.0,250000.0,,,,,Basic Education (DepEd)
705312,2021,07,Department of Education (DepEd),001,Office of the Secretary,310400100003000,Operation of Schools - Junior High School (Grade 7 to Grade 10),0904148,Luis Aguado National High School,04,101101,Specific Budgets of National Government Agencies,2,Maintenance and Other Operating Expenses,5020399000,Other Supplies and Materials Expenses,236.0,236000.0,,,,,Basic Education (DepEd)
705304,2021,07,Department of Education (DepEd),001,Office of the Secretary,310400100003000,Operation of Schools - Junior High School (Grade 7 to Grade 10),0904148,Luis Aguado National High School,04,101101,Specific Budgets of National Government Agencies,1,Personnel Services,5010304001,ECIP - Civilian,112.0,112000.0,,,,,Basic Education (DepEd)
705302,2021,07,Department of Education (DepEd),001,Office of the Secretary,310400100003000,Operation of Schools - Junior High School (Grade 7 to Grade 10),0904148,Luis Aguado National High School,04,101101,Specific Budgets of National Government Agencies,1,Personnel Services,5010302001,Pag-IBIG - Civilian,112.0,112000.0,,,,,Basic Education (DepEd)
705311,2021,07,Department of Education (DepEd),001,Office of the Secretary,310400100003000,Operation of Schools - Junior High School (Grade 7 to Grade 10),0904148,Luis Aguado National High School,04,101101,Specific Budgets of National Government Agencies,2,Maintenance and Other Operating Expenses,5020322001,Furniture and Fixtures,80.0,80000.0,,,,,Basic Education (DepEd)
705306,2021,07,Department of Education (DepEd),001,Office of the Secretary,310400100003000,Operation of Schools - Junior High School (Grade 7 to Grade 10),0904148,Luis Aguado National High School,04,101101,Specific Budgets of National Government Agencies,2,Maintenance and Other Operating Expenses,5020101000,Traveling Expenses - Local,80.0,80000.0,,,,,Basic Education (DepEd)
705313,2021,07,Department of Education (DepEd),001,Office of the Secretary,310400100003000,Operation of Schools - Junior High School (Grade 7 to Grade 10),0904148,Luis Aguado National High School,04,101101,Specific Budgets of National Government Agencies,2,Maintenance and Other Operating Expenses,5020401000,Water Expenses,80.0,80000.0,,,,,Basic Education (DepEd)
705305,2021,07,Department of Education (DepEd),001,Office of the Secretary,310400100003000,Operation of Schools - Junior High School (Grade 7 to Grade 10),0904148,Luis Aguado National High School,04,101101,Specific Budgets of National Government Agencies,1,Personnel Services,5010499010,Lump-sum for Step Increments - Length of Service,72.0,72000.0,,,,,Basic Education (DepEd)
705317,2021,07,Department of Education (DepEd),001,Office of the Secretary,310400100003000,Operation of Schools - Junior High School (Grade 7 to Grade 10),0904148,Luis Aguado National High School,04,101101,Specific Budgets of National Government Agencies,2,Maintenance and Other Operating Expenses,5020503000,Internet Subscription Expenses,70.0,70000.0,,,,,Basic Education (DepEd)
705310,2021,07,Department of Education (DepEd),001,Office of the Secretary,310400100003000,Operation of Schools - Junior High School (Grade 7 to Grade 10),0904148,Luis Aguado National High School,04,101101,Specific Budgets of National Government Agencies,2,Maintenance and Other Operating Expenses,5020321003,Information and Communications Technology Equipment,50.0,50000.0,,,,,Basic Education (DepEd)
705316,2021,07,Department of Education (DepEd),001,Office of the Secretary,310400100003000,Operation of Schools - Junior High School (Grade 7 to Grade 10),0904148,Luis Aguado National High School,04,101101,Specific Budgets of National Government Agencies,2,Maintenance and Other Operating Expenses,5020502002,Landline,50.0,50000.0,,,,,Basic Education (DepEd)
705297,2021,07,Department of Education (DepEd),001,Office of the Secretary,310400100003000,Operation of Schools - Junior High School (Grade 7 to Grade 10),0904148,Luis Aguado National High School,04,101101,Specific Budgets of National Government Agencies,1,Personnel Services,5010210001,Honoraria - Civilian,38.0,38000.0,,,,,Basic Education (DepEd)
705320,2021,07,Department of Education (DepEd),001,Office of the Secretary,310400100003000,Operation of Schools - Junior High School (Grade 7 to Grade 10),0904148,Luis Aguado National High School,04,101101,Specific Budgets of National Government Agencies,2,Maintenance and Other Operating Expenses,5021321002,Office Equipment,25.0,25000.0,,,,,Basic Education (DepEd)
705321,2021,07,Department of Education (DepEd),001,Office of the Secretary,310400100003000,Operation of Schools - Junior High School (Grade 7 to Grade 10),0904148,Luis Aguado National High School,04,101101,Specific Budgets of National Government Agencies,2,Maintenance and Other Operating Expenses,5021321003,Information and Communications Technology Equipment,25.0,25000.0,,,,,Basic Education (DepEd)
705322,2021,07,Department of Education (DepEd),001,Office of the Secretary,310400100003000,Operation of Schools - Junior High School (Grade 7 to Grade 10),0904148,Luis Aguado National High School,04,101101,Specific Budgets of National Government Agencies,2,Maintenance and Other Operating Expenses,5021502000,Fidelity Bond Premiums,7.0,7000.0,,,,,Basic Education (DepEd)
705315,2021,07,Department of Education (DepEd),001,Office of the Secretary,310400100003000,Operation of Schools - Junior High School (Grade 7 to Grade 10),0904148,Luis Aguado National High School,04,101101,Specific Budgets of National Government Agencies,2,Maintenance and Other Operating Expenses,5020502001,Mobile,5.0,5000.0,,,,,Basic Education (DepEd)
705309,2021,07,Department of Education (DepEd),001,Office of the Secretary,310400100003000,Operation of Schools - Junior High School (Grade 7 to Grade 10),0904148,Luis Aguado National High School,04,101101,Specific Budgets of National Government Agencies,2,Maintenance and Other Operating Expenses,5020302000,Accountable Forms Expenses,3.0,3000.0,,,,,Basic Education (DepEd)
706074,2021,07,Department of Education (DepEd),001,Office of the Secretary,310400100003000,Operation of Schools - Junior High School (Grade 7 to Grade 10),0904176,Trece Martirez City National High School,04,101101,Specific Budgets of National Government Agencies,1,Personnel Services,5010101001,Basic Salary - Civilian,115782.0,115782000.0,,,,,Basic Education (DepEd)
706103,2021,07,Department of Education (DepEd),001,Office of the Secretary,310400100003000,Operation of Schools - Junior High School (Grade 7 to Grade 10),0904176,Trece Martirez City National High School,04,104102,Retirement and Life Insurance Premiums,1,Personnel Services,5010301000,Retirement and Life Insurance Premiums,13894.0,13894000.0,,,,,Basic Education (DepEd)
706082,2021,07,Department of Education (DepEd),001,Office of the Secretary,310400100003000,Operation of Schools - Junior High School (Grade 7 to Grade 10),0904176,Trece Martirez City National High School,04,101101,Specific Budgets of National Government Agencies,1,Personnel Services,5010216001,Mid-Year Bonus - Civilian,9649.0,9649000.0,,,,,Basic Education (DepEd)
706080,2021,07,Department of Education (DepEd),001,Office of the Secretary,310400100003000,Operation of Schools - Junior High School (Grade 7 to Grade 10),0904176,Trece Martirez City National High School,04,101101,Specific Budgets of National Government Agencies,1,Personnel Services,5010214001,Bonus - Civilian,9649.0,9649000.0,,,,,Basic Education (DepEd)
706077,2021,07,Department of Education (DepEd),001,Office of the Secretary,310400100003000,Operation of Schools - Junior High School (Grade 7 to Grade 10),0904176,Trece Martirez City National High School,04,101101,Specific Budgets of National Government Agencies,1,Personnel Services,5010201001,PERA - Civilian,9072.0,9072000.0,,,,,Basic Education (DepEd)
706090,2021,07,Department of Education (DepEd),001,Office of the Secretary,310400100003000,Operation of Schools - Junior High School (Grade 7 to Grade 10),0904176,Trece Martirez City National High School,04,101101,Specific Budgets of National Government Agencies,2,Maintenance and Other Operating Expenses,5020301002,Office Supplies Expenses,4834.0,4834000.0,,,,,Basic Education (DepEd)
706076,2021,07,Department of Education (DepEd),001,Office of the Secretary,310400100003000,Operation of Schools - Junior High School (Grade 7 to Grade 10),0904176,Trece Martirez City National High School,04,101101,Specific Budgets of National Government Agencies,1,Personnel Services,5010103000,Salaries and Wages - Substitute Teachers,2327.0,2327000.0,,,,,Basic Education (DepEd)
706078,2021,07,Department of Education (DepEd),001,Office of the Secretary,310400100003000,Operation of Schools - Junior High School (Grade 7 to Grade 10),0904176,Trece Martirez City National High School,04,101101,Specific Budgets of National Government Agencies,1,Personnel Services,5010204001,Clothing/Uniform Allowance - Civilian,2268.0,2268000.0,,,,,Basic Education (DepEd)
706095,2021,07,Department of Education (DepEd),001,Office of the Secretary,310400100003000,Operation of Schools - Junior High School (Grade 7 to Grade 10),0904176,Trece Martirez City National High School,04,101101,Specific Budgets of National Government Agencies,2,Maintenance and Other Operating Expenses,5020402000,Electricity Expenses,2077.0,2077000.0,,,,,Basic Education (DepEd)
706083,2021,07,Department of Education (DepEd),001,Office of the Secretary,310400100003000,Operation of Schools - Junior High School (Grade 7 to Grade 10),0904176,Trece Martirez City National High School,04,101101,Specific Budgets of National Government Agencies,1,Personnel Services,5010299012,Productivity Enhancement Incentive - Civilian ,1890.0,1890000.0,,,,,Basic Education (DepEd)
706081,2021,07,Department of Education (DepEd),001,Office of the Secretary,310400100003000,Operation of Schools - Junior High School (Grade 7 to Grade 10),0904176,Trece Martirez City National High School,04,101101,Specific Budgets of National Government Agencies,1,Personnel Services,5010215001,Cash Gift - Civilian ,1890.0,1890000.0,,,,,Basic Education (DepEd)
706085,2021,07,Department of Education (DepEd),001,Office of the Secretary,310400100003000,Operation of Schools - Junior High School (Grade 7 to Grade 10),0904176,Trece Martirez City National High School,04,101101,Specific Budgets of National Government Agencies,1,Personnel Services,5010303001,PhilHealth - Civilian,1573.0,1573000.0,,,,,Basic Education (DepEd)
706088,2021,07,Department of Education (DepEd),001,Office of the Secretary,310400100003000,Operation of Schools - Junior High School (Grade 7 to Grade 10),0904176,Trece Martirez City National High School,04,101101,Specific Budgets of National Government Agencies,2,Maintenance and Other Operating Expenses,5020101000,Traveling Expenses - Local,718.0,718000.0,,,,,Basic Education (DepEd)
706099,2021,07,Department of Education (DepEd),001,Office of the Secretary,310400100003000,Operation of Schools - Junior High School (Grade 7 to Grade 10),0904176,Trece Martirez City National High School,04,101101,Specific Budgets of National Government Agencies,2,Maintenance and Other Operating Expenses,5021304002,School Buildings,630.0,630000.0,,,,,Basic Education (DepEd)
706086,2021,07,Department of Education (DepEd),001,Office of the Secretary,310400100003000,Operation of Schools - Junior High School (Grade 7 to Grade 10),0904176,Trece Martirez City National High School,04,101101,Specific Budgets of National Government Agencies,1,Personnel Services,5010304001,ECIP - Civilian,454.0,454000.0,,,,,Basic Education (DepEd)
706084,2021,07,Department of Education (DepEd),001,Office of the Secretary,310400100003000,Operation of Schools - Junior High School (Grade 7 to Grade 10),0904176,Trece Martirez City National High School,04,101101,Specific Budgets of National Government Agencies,1,Personnel Services,5010302001,Pag-IBIG - Civilian,454.0,454000.0,,,,,Basic Education (DepEd)
706093,2021,07,Department of Education (DepEd),001,Office of the Secretary,310400100003000,Operation of Schools - Junior High School (Grade 7 to Grade 10),0904176,Trece Martirez City National High School,04,101101,Specific Budgets of National Government Agencies,2,Maintenance and Other Operating Expenses,5020399000,Other Supplies and Materials Expenses,336.0,336000.0,,,,,Basic Education (DepEd)
706087,2021,07,Department of Education (DepEd),001,Office of the Secretary,310400100003000,Operation of Schools - Junior High School (Grade 7 to Grade 10),0904176,Trece Martirez City National High School,04,101101,Specific Budgets of National Government Agencies,1,Personnel Services,5010499010,Lump-sum for Step Increments - Length of Service,289.0,289000.0,,,,,Basic Education (DepEd)
706091,2021,07,Department of Education (DepEd),001,Office of the Secretary,310400100003000,Operation of Schools - Junior High School (Grade 7 to Grade 10),0904176,Trece Martirez City National High School,04,101101,Specific Budgets of National Government Agencies,2,Maintenance and Other Operating Expenses,5020308000,"Medical, Dental and Laboratory Supplies Expenses",207.0,207000.0,,,,,Basic Education (DepEd)
706079,2021,07,Department of Education (DepEd),001,Office of the Secretary,310400100003000,Operation of Schools - Junior High School (Grade 7 to Grade 10),0904176,Trece Martirez City National High School,04,101101,Specific Budgets of National Government Agencies,1,Personnel Services,5010210001,Honoraria - Civilian,161.0,161000.0,,,,,Basic Education (DepEd)
706089,2021,07,Department of Education (DepEd),001,Office of the Secretary,310400100003000,Operation of Schools - Junior High School (Grade 7 to Grade 10),0904176,Trece Martirez City National High School,04,101101,Specific Budgets of National Government Agencies,2,Maintenance and Other Operating Expenses,5020201002,Training Expenses,141.0,141000.0,,,,,Basic Education (DepEd)
706092,2021,07,Department of Education (DepEd),001,Office of the Secretary,310400100003000,Operation of Schools - Junior High School (Grade 7 to Grade 10),0904176,Trece Martirez City National High School,04,101101,Specific Budgets of National Government Agencies,2,Maintenance and Other Operating Expenses,5020309000,"Fuel, Oil and Lubricants Expenses",101.0,101000.0,,,,,Basic Education (DepEd)
706096,2021,07,Department of Education (DepEd),001,Office of the Secretary,310400100003000,Operation of Schools - Junior High School (Grade 7 to Grade 10),0904176,Trece Martirez City National High School,04,101101,Specific Budgets of National Government Agencies,2,Maintenance and Other Operating Expenses,5020502001,Mobile,74.0,74000.0,,,,,Basic Education (DepEd)
706097,2021,07,Department of Education (DepEd),001,Office of the Secretary,310400100003000,Operation of Schools - Junior High School (Grade 7 to Grade 10),0904176,Trece Martirez City National High School,04,101101,Specific Budgets of National Government Agencies,2,Maintenance and Other Operating Expenses,5020502002,Landline,58.0,58000.0,,,,,Basic Education (DepEd)
706098,2021,07,Department of Education (DepEd),001,Office of the Secretary,310400100003000,Operation of Schools - Junior High School (Grade 7 to Grade 10),0904176,Trece Martirez City National High School,04,101101,Specific Budgets of National Government Agencies,2,Maintenance and Other Operating Expenses,5020503000,Internet Subscription Expenses,54.0,54000.0,,,,,Basic Education (DepEd)
706094,2021,07,Department of Education (DepEd),001,Office of the Secretary,310400100003000,Operation of Schools - Junior High School (Grade 7 to Grade 10),0904176,Trece Martirez City National High School,04,101101,Specific Budgets of National Government Agencies,2,Maintenance and Other Operating Expenses,5020401000,Water Expenses,41.0,41000.0,,,,,Basic Education (DepEd)
706101,2021,07,Department of Education (DepEd),001,Office of the Secretary,310400100003000,Operation of Schools - Junior High School (Grade 7 to Grade 10),0904176,Trece Martirez City National High School,04,101101,Specific Budgets of National Government Agencies,2,Maintenance and Other Operating Expenses,5029903000,Representation Expenses,34.0,34000.0,,,,,Basic Education (DepEd)
706102,2021,07,Department of Education (DepEd),001,Office of the Secretary,310400100003000,Operation of Schools - Junior High School (Grade 7 to Grade 10),0904176,Trece Martirez City National High School,04,101101,Specific Budgets of National Government Agencies,2,Maintenance and Other Operating Expenses,5029904000,Transportation and Delivery Expenses,28.0,28000.0,,,,,Basic Education (DepEd)
706075,2021,07,Department of Education (DepEd),001,Office of the Secretary,310400100003000,Operation of Schools - Junior High School (Grade 7 to Grade 10),0904176,Trece Martirez City National High School,04,101101,Specific Budgets of National Government Agencies,1,Personnel Services,5010102000,Salaries and Wages - Casual/Contractual,22.0,22000.0,,,,,Basic Education (DepEd)
706100,2021,07,Department of Education (DepEd),001,Office of the Secretary,310400100003000,Operation of Schools - Junior High School (Grade 7 to Grade 10),0904176,Trece Martirez City National High School,04,101101,Specific Budgets of National Government Agencies,2,Maintenance and Other Operating Expenses,5021502000,Fidelity Bond Premiums,8.0,8000.0,,,,,Basic Education (DepEd)
706116,2021,07,Department of Education (DepEd),001,Office of the Secretary,310400100003000,Operation of Schools - Junior High School (Grade 7 to Grade 10),0904178,Trece Martirez City National High School (Cochu Annex),04,101101,Specific Budgets of National Government Agencies,2,Maintenance and Other Operating Expenses,5020301002,Office Supplies Expenses,400.0,400000.0,,,,,Basic Education (DepEd)
706121,2021,07,Department of Education (DepEd),001,Office of the Secretary,310400100003000,Operation of Schools - Junior High School (Grade 7 to Grade 10),0904178,Trece Martirez City National High School (Cochu Annex),04,101101,Specific Budgets of National Government Agencies,2,Maintenance and Other Operating Expenses,5021304002,School Buildings,88.0,88000.0,,,,,Basic Education (DepEd)
706119,2021,07,Department of Education (DepEd),001,Office of the Secretary,310400100003000,Operation of Schools - Junior High School (Grade 7 to Grade 10),0904178,Trece Martirez City National High School (Cochu Annex),04,101101,Specific Budgets of National Government Agencies,2,Maintenance and Other Operating Expenses,5020402000,Electricity Expenses,80.0,80000.0,,,,,Basic Education (DepEd)
706114,2021,07,Department of Education (DepEd),001,Office of the Secretary,310400100003000,Operation of Schools - Junior High School (Grade 7 to Grade 10),0904178,Trece Martirez City National High School (Cochu Annex),04,101101,Specific Budgets of National Government Agencies,2,Maintenance and Other Operating Expenses,5020201002,Training Expenses,59.0,59000.0,,,,,Basic Education (DepEd)
706115,2021,07,Department of Education (DepEd),001,Office of the Secretary,310400100003000,Operation of Schools - Junior High School (Grade 7 to Grade 10),0904178,Trece Martirez City National High School (Cochu Annex),04,101101,Specific Budgets of National Government Agencies,2,Maintenance and Other Operating Expenses,5020301001,ICT Office Supplies,50.0,50000.0,,,,,Basic Education (DepEd)
706120,2021,07,Department of Education (DepEd),001,Office of the Secretary,310400100003000,Operation of Schools - Junior High School (Grade 7 to Grade 10),0904178,Trece Martirez City National High School (Cochu Annex),04,101101,Specific Budgets of National Government Agencies,2,Maintenance and Other Operating Expenses,5020503000,Internet Subscription Expenses,36.0,36000.0,,,,,Basic Education (DepEd)
706118,2021,07,Department of Education (DepEd),001,Office of the Secretary,310400100003000,Operation of Schools - Junior High School (Grade 7 to Grade 10),0904178,Trece Martirez City National High School (Cochu Annex),04,101101,Specific Budgets of National Government Agencies,2,Maintenance and Other Operating Expenses,5020401000,Water Expenses,27.0,27000.0,,,,,Basic Education (DepEd)
706117,2021,07,Department of Education (DepEd),001,Office of the Secretary,310400100003000,Operation of Schools - Junior High School (Grade 7 to Grade 10),0904178,Trece Martirez City National High School (Cochu Annex),04,101101,Specific Budgets of National Government Agencies,2,Maintenance and Other Operating Expenses,5020399000,Other Supplies and Materials Expenses,18.0,18000.0,,,,,Basic Education (DepEd)
1030401,2021,18,Department of Public Works and Highways (DPWH),001,Office of the Secretary,310204101315000,"Cabuco - Indang- Naic-Maragondon Diversion Road, Cavite",1800061,Cavite District Engineering Office,04,101101,Specific Budgets of National Government Agencies,6,Capital Outlays,5060403001,Road Networks,25000.0,25000000.0,,,,,Roads & Bridges (DPWH)
1021922,2021,18,Department of Public Works and Highways (DPWH),001,Office of the Secretary,300117208941000,"Concreting of Road, Barangay Hugo Perez, Trece Martires, Cavite",1800061,Cavite District Engineering Office,04,101101,Specific Budgets of National Government Agencies,6,Capital Outlays,5060403001,Road Networks,15000.0,15000000.0,,,,,Roads & Bridges (DPWH)
1010693,2021,18,Department of Public Works and Highways (DPWH),001,Office of the Secretary,300104221396000,"Construction / Rehabilitation of Multi-Purpose Building at Barangay Cabezas, Trece Martires City, Cavite",1800061,Cavite District Engineering Office,04,101101,Specific Budgets of National Government Agencies,6,Capital Outlays,5060404001,Buildings,5000.0,5000000.0,,,,,Community & Public Buildings (DPWH)
1010699,2021,18,Department of Public Works and Highways (DPWH),001,Office of the Secretary,300104221402000,"Construction / Rehabilitation of Multi-Purpose Building at City Hall Compound at Barangay San Agustin, Trece Martires City, Cavite",1800061,Cavite District Engineering Office,04,101101,Specific Budgets of National Government Agencies,6,Capital Outlays,5060404001,Buildings,10000.0,10000000.0,,,,,Community & Public Buildings (DPWH)
1010700,2021,18,Department of Public Works and Highways (DPWH),001,Office of the Secretary,300104221403000,"Construction / Rehabilitation of Multi-Purpose Building at Summerfield, Barangay Osorio, Trece Martires City, Cavite",1800061,Cavite District Engineering Office,04,101101,Specific Budgets of National Government Agencies,6,Capital Outlays,5060404001,Buildings,5000.0,5000000.0,,,,,Community & Public Buildings (DPWH)
1010701,2021,18,Department of Public Works and Highways (DPWH),001,Office of the Secretary,300104221404000,"Construction / Rehabilitation of Multi-Purpose Building at Trece Medical Pavilion at Barangay Luciano, Trece Martires City, Cavite",1800061,Cavite District Engineering Office,04,101101,Specific Budgets of National Government Agencies,6,Capital Outlays,5060404001,Buildings,10000.0,10000000.0,,,,,Community & Public Buildings (DPWH)
1010702,2021,18,Department of Public Works and Highways (DPWH),001,Office of the Secretary,300104221405000,"Construction of DPWH Building Phase 3, Trece Martires City, Cavite",1800061,Cavite District Engineering Office,04,101101,Specific Budgets of National Government Agencies,6,Capital Outlays,5060404001,Buildings,50000.0,50000000.0,,,,,Community & Public Buildings (DPWH)
1010705,2021,18,Department of Public Works and Highways (DPWH),001,Office of the Secretary,300104221408000,"Construction of Multi-Purpose Building (Covered Court) in Trece Martires City, Cavite",1800061,Cavite District Engineering Office,04,101101,Specific Budgets of National Government Agencies,6,Capital Outlays,5060404001,Buildings,5000.0,5000000.0,,,,,Community & Public Buildings (DPWH)
1010708,2021,18,Department of Public Works and Highways (DPWH),001,Office of the Secretary,300104221411000,"Construction of Multi-Purpose Building (PCP2 PNP Sub Station Base), Barangay Hugo Perez, Trece Martires City, Cavite",1800061,Cavite District Engineering Office,04,101101,Specific Budgets of National Government Agencies,6,Capital Outlays,5060404001,Buildings,10000.0,10000000.0,,,,,Community & Public Buildings (DPWH)
1010709,2021,18,Department of Public Works and Highways (DPWH),001,Office of the Secretary,300104221412000,"Construction of Multi-Purpose Building (Trece Martires Memorial Park), Barangay Aguado, Trece Martires City, Cavite",1800061,Cavite District Engineering Office,04,101101,Specific Budgets of National Government Agencies,6,Capital Outlays,5060404001,Buildings,10000.0,10000000.0,,,,,Community & Public Buildings (DPWH)
1010717,2021,18,Department of Public Works and Highways (DPWH),001,Office of the Secretary,300104221420000,"Construction of Multi-Purpose Building, Barangay Inocencio, Trece Martirez City, Cavite",1800061,Cavite District Engineering Office,04,101101,Specific Budgets of National Government Agencies,6,Capital Outlays,5060404001,Buildings,2000.0,2000000.0,,,,,Community & Public Buildings (DPWH)
1010721,2021,18,Department of Public Works and Highways (DPWH),001,Office of the Secretary,300104221424000,"Construction of Multi-Purpose Building, Barangay San Agustin, Trece Martires City, Cavite",1800061,Cavite District Engineering Office,04,101101,Specific Budgets of National Government Agencies,6,Capital Outlays,5060404001,Buildings,10000.0,10000000.0,,,,,Community & Public Buildings (DPWH)
1010726,2021,18,Department of Public Works and Highways (DPWH),001,Office of the Secretary,300104221429000,"Construction of Multi-Purpose Building, City Hall Compound, Barangay San Agustin, Trece Martires City, Cavite",1800061,Cavite District Engineering Office,04,101101,Specific Budgets of National Government Agencies,6,Capital Outlays,5060404001,Buildings,10000.0,10000000.0,,,,,Community & Public Buildings (DPWH)
1007998,2021,18,Department of Public Works and Highways (DPWH),001,Office of the Secretary,300104215200000,"Construction/Completion/Rehabilitation of DPWH Building Phase 2, Trece Martires City, Cavite",1800061,Cavite District Engineering Office,04,101101,Specific Budgets of National Government Agencies,6,Capital Outlays,5060404001,Buildings,42500.0,42500000.0,,,,,Community & Public Buildings (DPWH)
1010733,2021,18,Department of Public Works and Highways (DPWH),001,Office of the Secretary,300104221436000,"Construction/Rehabilitation of City Hall Building, Trece Martires City, Cavite",1800061,Cavite District Engineering Office,04,101101,Specific Budgets of National Government Agencies,6,Capital Outlays,5060404001,Buildings,10000.0,10000000.0,,,,,Community & Public Buildings (DPWH)
1020168,2021,18,Department of Public Works and Highways (DPWH),001,Office of the Secretary,300117206378000,"Rehabilitation of Road, Brgy. Hugo Perez, Trece Martires, Cavite",1800061,Cavite District Engineering Office,04,101101,Specific Budgets of National Government Agencies,6,Capital Outlays,5060403001,Road Networks,11550.0,11550000.0,,,,,Roads & Bridges (DPWH)
1020167,2021,18,Department of Public Works and Highways (DPWH),001,Office of the Secretary,300117206377000,"Rehabilitation of Trece-Amadeo Road, Brgy. Conchu, Trece Martires, Cavite",1800061,Cavite District Engineering Office,04,101101,Specific Budgets of National Government Agencies,6,Capital Outlays,5060403001,Road Networks,15400.0,15400000.0,,,,,Roads & Bridges (DPWH)
1030403,2021,18,Department of Public Works and Highways (DPWH),001,Office of the Secretary,310204101317000,"San Agustin-Luciano By-Pass Road, Cavite",1800061,Cavite District Engineering Office,04,101101,Specific Budgets of National Government Agencies,6,Capital Outlays,5060403001,Road Networks,25000.0,25000000.0,,,,,Roads & Bridges (DPWH)
1029056,2021,18,Department of Public Works and Highways (DPWH),001,Office of the Secretary,310201100556000,Tanza-Trece Martires City-Indang Rd - K0035 + 640 - K0036 + 197,1800061,Cavite District Engineering Office,04,101101,Specific Budgets of National Government Agencies,6,Capital Outlays,5060403001,Road Networks,11000.0,11000000.0,,,,,Infrastructure (DPWH)
1029222,2021,18,Department of Public Works and Highways (DPWH),001,Office of the Secretary,310201100755000,Tanza-Trece Martires City-Indang Rd - K0036 + 197 - K0037 + 251,1800061,Cavite District Engineering Office,04,101101,Specific Budgets of National Government Agencies,6,Capital Outlays,5060403001,Road Networks,50000.0,50000000.0,,,,,Infrastructure (DPWH)
1026589,2021,18,Department of Public Works and Highways (DPWH),001,Office of the Secretary,310101100454000,Tanza-Trece Martires City-Indang Rd - K0045 + 000 - K0045 + 223,1800061,Cavite District Engineering Office,04,101101,Specific Budgets of National Government Agencies,6,Capital Outlays,5060403001,Road Networks,7417.0,7417000.0,,,,,Infrastructure (DPWH)
1028796,2021,18,Department of Public Works and Highways (DPWH),001,Office of the Secretary,310111100191000,Tanza-Trece Martires City-Indang Rd - K0048 + (-398) - K0049 + 472,1800061,Cavite District Engineering Office,04,101101,Specific Budgets of National Government Agencies,6,Capital Outlays,5060403001,Road Networks,8650.0,8650000.0,,,,,Infrastructure (DPWH)
1015888,2021,18,Department of Public Works and Highways (DPWH),001,Office of the Secretary,300105200324000,"Construction (Completion) of  Multi- Purpose Building of DPWH Cavite 1st DEO, Brgy. De Ocampo, Trece Martires City, Cavite",0100000,Central Office,13,101101,Specific Budgets of National Government Agencies,6,Capital Outlays,5060404001,Buildings,25000.0,25000000.0,,,,,Community & Public Buildings (DPWH)
1006263,2021,18,Department of Public Works and Highways (DPWH),001,Office of the Secretary,300101200007000,"Construction of 4STY-20CL at Trece Martires City ES, Trece Martires, Cavite",0100000,Central Office,13,101101,Specific Budgets of National Government Agencies,6,Capital Outlays,5060403099,Other Infrastructure Assets,44412.0,44412000.0,,,,,School Buildings & Education Infra (DPWH)
1018005,2021,18,Department of Public Works and Highways (DPWH),001,Office of the Secretary,300116202180000,"Construction of Indang - Cabuco - Naic Diversion Rd., Trece Martires City, Cavite",0100000,Central Office,13,101101,Specific Budgets of National Government Agencies,6,Capital Outlays,5060403001,Road Networks,85000.0,85000000.0,,,,,Roads & Bridges (DPWH)
1018049,2021,18,Department of Public Works and Highways (DPWH),001,Office of the Secretary,300116202230000,"Rehabilitation of Conchu Rd., Trece Station, Phase 1, Sta 0+000 - Sta, Amadeo, Cavite",0100000,Central Office,13,101101,Specific Budgets of National Government Agencies,6,Capital Outlays,5060403001,Road Networks,52700.0,52700000.0,,,,,Infrastructure (DPWH)
1018050,2021,18,Department of Public Works and Highways (DPWH),001,Office of the Secretary,300116202231000,"Rehabilitation of Conchu Rd., Trece Station, Phase 2, Sta 2+400 - Sta 4+800, Amadeo, Cavite",0100000,Central Office,13,101101,Specific Budgets of National Government Agencies,6,Capital Outlays,5060403001,Road Networks,52700.0,52700000.0,,,,,Infrastructure (DPWH)
1026279,2021,18,Department of Public Works and Highways (DPWH),001,Office of the Secretary,300211100109000,"Repair/Rehabilitation along Juanito R. Remulla Sr Road (S06090LZ) K0045+061 - K0045+ 647, K0045+669-K0046+047, Trece Martires City",0100000,Central Office,13,101101,Specific Budgets of National Government Agencies,6,Capital Outlays,5060403001,Road Networks,28637.0,28637000.0,,,,,Roads & Bridges (DPWH)
1026282,2021,18,Department of Public Works and Highways (DPWH),001,Office of the Secretary,300211100112000,"Repair/Rehabilitation along Tanza - Trece Martires City - Indang Road (S06096LZ) K0036+683-K0037+883, Tanza, Cavite",0100000,Central Office,13,101101,Specific Budgets of National Government Agencies,6,Capital Outlays,5060403001,Road Networks,35502.0,35502000.0,,,,,Roads & Bridges (DPWH)
1026283,2021,18,Department of Public Works and Highways (DPWH),001,Office of the Secretary,300211100113000,"Repair/Rehabilitation along Tanza - Trece Martires City - Indang Road (S06097LZ) K0048+ (-641) - K0049+472, Trece Matrires City",0100000,Central Office,13,101101,Specific Budgets of National Government Agencies,6,Capital Outlays,5060403001,Road Networks,62655.0,62655000.0,,,,,Roads & Bridges (DPWH)
1219363,2022,07,Department of Education (DepEd),001,Office of the Secretary,310400100003000,Operation of Schools - Junior High School (Grade 7 to Grade 10),0904177,Eugenio Cabezas National High School,04,01101101,Specific Budgets of National Government Agencies,1,Personnel Services,5010101001,Basic Salary - Civilian,4339.0,4339000.0,7,,,,Basic Education (DepEd)
1219385,2022,07,Department of Education (DepEd),001,Office of the Secretary,310400100003000,Operation of Schools - Junior High School (Grade 7 to Grade 10),0904177,Eugenio Cabezas National High School,04,01104102,Retirement and Life Insurance Premiums,1,Personnel Services,5010301000,Retirement and Life Insurance Premiums,521.0,521000.0,7,,,,Basic Education (DepEd)
1219367,2022,07,Department of Education (DepEd),001,Office of the Secretary,310400100003000,Operation of Schools - Junior High School (Grade 7 to Grade 10),0904177,Eugenio Cabezas National High School,04,01101101,Specific Budgets of National Government Agencies,1,Personnel Services,5010214001,Bonus - Civilian,362.0,362000.0,7,,,,Basic Education (DepEd)
1219369,2022,07,Department of Education (DepEd),001,Office of the Secretary,310400100003000,Operation of Schools - Junior High School (Grade 7 to Grade 10),0904177,Eugenio Cabezas National High School,04,01101101,Specific Budgets of National Government Agencies,1,Personnel Services,5010216001,Mid-Year Bonus - Civilian,362.0,362000.0,7,,,,Basic Education (DepEd)
1219364,2022,07,Department of Education (DepEd),001,Office of the Secretary,310400100003000,Operation of Schools - Junior High School (Grade 7 to Grade 10),0904177,Eugenio Cabezas National High School,04,01101101,Specific Budgets of National Government Agencies,1,Personnel Services,5010201001,PERA - Civilian,336.0,336000.0,7,,,,Basic Education (DepEd)
1219378,2022,07,Department of Education (DepEd),001,Office of the Secretary,310400100003000,Operation of Schools - Junior High School (Grade 7 to Grade 10),0904177,Eugenio Cabezas National High School,04,01101101,Specific Budgets of National Government Agencies,2,Maintenance and Other Operating Expenses,5020399000,Other Supplies and Materials Expenses,316.0,316000.0,7,,,,Basic Education (DepEd)
1219376,2022,07,Department of Education (DepEd),001,Office of the Secretary,310400100003000,Operation of Schools - Junior High School (Grade 7 to Grade 10),0904177,Eugenio Cabezas National High School,04,01101101,Specific Budgets of National Government Agencies,2,Maintenance and Other Operating Expenses,5020301002,Office Supplies Expenses,312.0,312000.0,7,,,,Basic Education (DepEd)
1219384,2022,07,Department of Education (DepEd),001,Office of the Secretary,310400100003000,Operation of Schools - Junior High School (Grade 7 to Grade 10),0904177,Eugenio Cabezas National High School,04,01101101,Specific Budgets of National Government Agencies,2,Maintenance and Other Operating Expenses,5029902000,Printing and Publication Expenses,250.0,250000.0,7,,,,Basic Education (DepEd)
1219380,2022,07,Department of Education (DepEd),001,Office of the Secretary,310400100003000,Operation of Schools - Junior High School (Grade 7 to Grade 10),0904177,Eugenio Cabezas National High School,04,01101101,Specific Budgets of National Government Agencies,2,Maintenance and Other Operating Expenses,5020402000,Electricity Expenses,102.0,102000.0,7,,,,Basic Education (DepEd)
1219382,2022,07,Department of Education (DepEd),001,Office of the Secretary,310400100003000,Operation of Schools - Junior High School (Grade 7 to Grade 10),0904177,Eugenio Cabezas National High School,04,01101101,Specific Budgets of National Government Agencies,2,Maintenance and Other Operating Expenses,5021304002,School Buildings,100.0,100000.0,7,,,,Basic Education (DepEd)
1219377,2022,07,Department of Education (DepEd),001,Office of the Secretary,310400100003000,Operation of Schools - Junior High School (Grade 7 to Grade 10),0904177,Eugenio Cabezas National High School,04,01101101,Specific Budgets of National Government Agencies,2,Maintenance and Other Operating Expenses,5020321002,Office Equipment,85.0,85000.0,7,,,,Basic Education (DepEd)
1219365,2022,07,Department of Education (DepEd),001,Office of the Secretary,310400100003000,Operation of Schools - Junior High School (Grade 7 to Grade 10),0904177,Eugenio Cabezas National High School,04,01101101,Specific Budgets of National Government Agencies,1,Personnel Services,5010204001,Clothing/Uniform Allowance - Civilian,84.0,84000.0,7,,,,Basic Education (DepEd)
1219372,2022,07,Department of Education (DepEd),001,Office of the Secretary,310400100003000,Operation of Schools - Junior High School (Grade 7 to Grade 10),0904177,Eugenio Cabezas National High School,04,01101101,Specific Budgets of National Government Agencies,1,Personnel Services,5010303001,PhilHealth - Civilian,76.0,76000.0,7,,,,Basic Education (DepEd)
1219370,2022,07,Department of Education (DepEd),001,Office of the Secretary,310400100003000,Operation of Schools - Junior High School (Grade 7 to Grade 10),0904177,Eugenio Cabezas National High School,04,01101101,Specific Budgets of National Government Agencies,1,Personnel Services,5010299012,Productivity Enhancement Incentive - Civilian ,70.0,70000.0,7,,,,Basic Education (DepEd)
1219368,2022,07,Department of Education (DepEd),001,Office of the Secretary,310400100003000,Operation of Schools - Junior High School (Grade 7 to Grade 10),0904177,Eugenio Cabezas National High School,04,01101101,Specific Budgets of National Government Agencies,1,Personnel Services,5010215001,Cash Gift - Civilian ,70.0,70000.0,7,,,,Basic Education (DepEd)
1219381,2022,07,Department of Education (DepEd),001,Office of the Secretary,310400100003000,Operation of Schools - Junior High School (Grade 7 to Grade 10),0904177,Eugenio Cabezas National High School,04,01101101,Specific Budgets of National Government Agencies,2,Maintenance and Other Operating Expenses,5020503000,Internet Subscription Expenses,31.0,31000.0,7,,,,Basic Education (DepEd)
1219379,2022,07,Department of Education (DepEd),001,Office of the Secretary,310400100003000,Operation of Schools - Junior High School (Grade 7 to Grade 10),0904177,Eugenio Cabezas National High School,04,01101101,Specific Budgets of National Government Agencies,2,Maintenance and Other Operating Expenses,5020401000,Water Expenses,23.0,23000.0,7,,,,Basic Education (DepEd)
1219373,2022,07,Department of Education (DepEd),001,Office of the Secretary,310400100003000,Operation of Schools - Junior High School (Grade 7 to Grade 10),0904177,Eugenio Cabezas National High School,04,01101101,Specific Budgets of National Government Agencies,1,Personnel Services,5010304001,ECIP - Civilian,17.0,17000.0,7,,,,Basic Education (DepEd)
1219371,2022,07,Department of Education (DepEd),001,Office of the Secretary,310400100003000,Operation of Schools - Junior High School (Grade 7 to Grade 10),0904177,Eugenio Cabezas National High School,04,01101101,Specific Budgets of National Government Agencies,1,Personnel Services,5010302001,Pag-IBIG - Civilian,17.0,17000.0,7,,,,Basic Education (DepEd)
1219374,2022,07,Department of Education (DepEd),001,Office of the Secretary,310400100003000,Operation of Schools - Junior High School (Grade 7 to Grade 10),0904177,Eugenio Cabezas National High School,04,01101101,Specific Budgets of National Government Agencies,1,Personnel Services,5010499010,Lump-sum for Step Increments - Length of Service,11.0,11000.0,7,,,,Basic Education (DepEd)
1219375,2022,07,Department of Education (DepEd),001,Office of the Secretary,310400100003000,Operation of Schools - Junior High School (Grade 7 to Grade 10),0904177,Eugenio Cabezas National High School,04,01101101,Specific Budgets of National Government Agencies,2,Maintenance and Other Operating Expenses,5020201002,Training Expenses,11.0,11000.0,7,,,,Basic Education (DepEd)
1219383,2022,07,Department of Education (DepEd),001,Office of the Secretary,310400100003000,Operation of Schools - Junior High School (Grade 7 to Grade 10),0904177,Eugenio Cabezas National High School,04,01101101,Specific Budgets of National Government Agencies,2,Maintenance and Other Operating Expenses,5021502000,Fidelity Bond Premiums,2.0,2000.0,7,,,,Basic Education (DepEd)
1219366,2022,07,Department of Education (DepEd),001,Office of the Secretary,310400100003000,Operation of Schools - Junior High School (Grade 7 to Grade 10),0904177,Eugenio Cabezas National High School,04,01101101,Specific Budgets of National Government Agencies,1,Personnel Services,5010208001,Productivity Incentive Allowance - Civilian ,0.0,0.0,7,,,,Basic Education (DepEd)
1217963,2022,07,Department of Education (DepEd),001,Office of the Secretary,310400100003000,Operation of Schools - Junior High School (Grade 7 to Grade 10),0904131,Francisco Osorio National High School,04,01101101,Specific Budgets of National Government Agencies,1,Personnel Services,5010101001,Basic Salary - Civilian,14886.0,14886000.0,7,,,,Basic Education (DepEd)
1217987,2022,07,Department of Education (DepEd),001,Office of the Secretary,310400100003000,Operation of Schools - Junior High School (Grade 7 to Grade 10),0904131,Francisco Osorio National High School,04,01104102,Retirement and Life Insurance Premiums,1,Personnel Services,5010301000,Retirement and Life Insurance Premiums,1786.0,1786000.0,7,,,,Basic Education (DepEd)
1217971,2022,07,Department of Education (DepEd),001,Office of the Secretary,310400100003000,Operation of Schools - Junior High School (Grade 7 to Grade 10),0904131,Francisco Osorio National High School,04,01101101,Specific Budgets of National Government Agencies,1,Personnel Services,5010216001,Mid-Year Bonus - Civilian,1241.0,1241000.0,7,,,,Basic Education (DepEd)
1217969,2022,07,Department of Education (DepEd),001,Office of the Secretary,310400100003000,Operation of Schools - Junior High School (Grade 7 to Grade 10),0904131,Francisco Osorio National High School,04,01101101,Specific Budgets of National Government Agencies,1,Personnel Services,5010214001,Bonus - Civilian,1241.0,1241000.0,7,,,,Basic Education (DepEd)
1217965,2022,07,Department of Education (DepEd),001,Office of the Secretary,310400100003000,Operation of Schools - Junior High School (Grade 7 to Grade 10),0904131,Francisco Osorio National High School,04,01101101,Specific Budgets of National Government Agencies,1,Personnel Services,5010201001,PERA - Civilian,1056.0,1056000.0,7,,,,Basic Education (DepEd)
1217985,2022,07,Department of Education (DepEd),001,Office of the Secretary,310400100003000,Operation of Schools - Junior High School (Grade 7 to Grade 10),0904131,Francisco Osorio National High School,04,01101101,Specific Budgets of National Government Agencies,2,Maintenance and Other Operating Expenses,5021304002,School Buildings,476.0,476000.0,7,,,,Basic Education (DepEd)
1217983,2022,07,Department of Education (DepEd),001,Office of the Secretary,310400100003000,Operation of Schools - Junior High School (Grade 7 to Grade 10),0904131,Francisco Osorio National High School,04,01101101,Specific Budgets of National Government Agencies,2,Maintenance and Other Operating Expenses,5020402000,Electricity Expenses,360.0,360000.0,7,,,,Basic Education (DepEd)
1217964,2022,07,Department of Education (DepEd),001,Office of the Secretary,310400100003000,Operation of Schools - Junior High School (Grade 7 to Grade 10),0904131,Francisco Osorio National High School,04,01101101,Specific Budgets of National Government Agencies,1,Personnel Services,5010103000,Salaries and Wages - Substitute Teachers,287.0,287000.0,7,,,,Basic Education (DepEd)
1217966,2022,07,Department of Education (DepEd),001,Office of the Secretary,310400100003000,Operation of Schools - Junior High School (Grade 7 to Grade 10),0904131,Francisco Osorio National High School,04,01101101,Specific Budgets of National Government Agencies,1,Personnel Services,5010204001,Clothing/Uniform Allowance - Civilian,264.0,264000.0,7,,,,Basic Education (DepEd)
1217974,2022,07,Department of Education (DepEd),001,Office of the Secretary,310400100003000,Operation of Schools - Junior High School (Grade 7 to Grade 10),0904131,Francisco Osorio National High School,04,01101101,Specific Budgets of National Government Agencies,1,Personnel Services,5010303001,PhilHealth - Civilian,261.0,261000.0,7,,,,Basic Education (DepEd)
1217972,2022,07,Department of Education (DepEd),001,Office of the Secretary,310400100003000,Operation of Schools - Junior High School (Grade 7 to Grade 10),0904131,Francisco Osorio National High School,04,01101101,Specific Budgets of National Government Agencies,1,Personnel Services,5010299012,Productivity Enhancement Incentive - Civilian ,220.0,220000.0,7,,,,Basic Education (DepEd)
1217970,2022,07,Department of Education (DepEd),001,Office of the Secretary,310400100003000,Operation of Schools - Junior High School (Grade 7 to Grade 10),0904131,Francisco Osorio National High School,04,01101101,Specific Budgets of National Government Agencies,1,Personnel Services,5010215001,Cash Gift - Civilian ,220.0,220000.0,7,,,,Basic Education (DepEd)
1217979,2022,07,Department of Education (DepEd),001,Office of the Secretary,310400100003000,Operation of Schools - Junior High School (Grade 7 to Grade 10),0904131,Francisco Osorio National High School,04,01101101,Specific Budgets of National Government Agencies,2,Maintenance and Other Operating Expenses,5020301002,Office Supplies Expenses,179.0,179000.0,7,,,,Basic Education (DepEd)
1217977,2022,07,Department of Education (DepEd),001,Office of the Secretary,310400100003000,Operation of Schools - Junior High School (Grade 7 to Grade 10),0904131,Francisco Osorio National High School,04,01101101,Specific Budgets of National Government Agencies,2,Maintenance and Other Operating Expenses,5020101000,Traveling Expenses - Local,120.0,120000.0,7,,,,Basic Education (DepEd)
1217982,2022,07,Department of Education (DepEd),001,Office of the Secretary,310400100003000,Operation of Schools - Junior High School (Grade 7 to Grade 10),0904131,Francisco Osorio National High School,04,01101101,Specific Budgets of National Government Agencies,2,Maintenance and Other Operating Expenses,5020401000,Water Expenses,100.0,100000.0,7,,,,Basic Education (DepEd)
1217978,2022,07,Department of Education (DepEd),001,Office of the Secretary,310400100003000,Operation of Schools - Junior High School (Grade 7 to Grade 10),0904131,Francisco Osorio National High School,04,01101101,Specific Budgets of National Government Agencies,2,Maintenance and Other Operating Expenses,5020201002,Training Expenses,100.0,100000.0,7,,,,Basic Education (DepEd)
1217981,2022,07,Department of Education (DepEd),001,Office of the Secretary,310400100003000,Operation of Schools - Junior High School (Grade 7 to Grade 10),0904131,Francisco Osorio National High School,04,01101101,Specific Budgets of National Government Agencies,2,Maintenance and Other Operating Expenses,5020399000,Other Supplies and Materials Expenses,80.0,80000.0,7,,,,Basic Education (DepEd)
1217973,2022,07,Department of Education (DepEd),001,Office of the Secretary,310400100003000,Operation of Schools - Junior High School (Grade 7 to Grade 10),0904131,Francisco Osorio National High School,04,01101101,Specific Budgets of National Government Agencies,1,Personnel Services,5010302001,Pag-IBIG - Civilian,53.0,53000.0,7,,,,Basic Education (DepEd)
1217975,2022,07,Department of Education (DepEd),001,Office of the Secretary,310400100003000,Operation of Schools - Junior High School (Grade 7 to Grade 10),0904131,Francisco Osorio National High School,04,01101101,Specific Budgets of National Government Agencies,1,Personnel Services,5010304001,ECIP - Civilian,53.0,53000.0,7,,,,Basic Education (DepEd)
1217976,2022,07,Department of Education (DepEd),001,Office of the Secretary,310400100003000,Operation of Schools - Junior High School (Grade 7 to Grade 10),0904131,Francisco Osorio National High School,04,01101101,Specific Budgets of National Government Agencies,1,Personnel Services,5010499010,Lump-sum for Step Increments - Length of Service,37.0,37000.0,7,,,,Basic Education (DepEd)
1217984,2022,07,Department of Education (DepEd),001,Office of the Secretary,310400100003000,Operation of Schools - Junior High School (Grade 7 to Grade 10),0904131,Francisco Osorio National High School,04,01101101,Specific Budgets of National Government Agencies,2,Maintenance and Other Operating Expenses,5020502001,Mobile,30.0,30000.0,7,,,,Basic Education (DepEd)
1217968,2022,07,Department of Education (DepEd),001,Office of the Secretary,310400100003000,Operation of Schools - Junior High School (Grade 7 to Grade 10),0904131,Francisco Osorio National High School,04,01101101,Specific Budgets of National Government Agencies,1,Personnel Services,5010210001,Honoraria - Civilian,19.0,19000.0,7,,,,Basic Education (DepEd)
1217986,2022,07,Department of Education (DepEd),001,Office of the Secretary,310400100003000,Operation of Schools - Junior High School (Grade 7 to Grade 10),0904131,Francisco Osorio National High School,04,01101101,Specific Budgets of National Government Agencies,2,Maintenance and Other Operating Expenses,5021502000,Fidelity Bond Premiums,7.0,7000.0,7,,,,Basic Education (DepEd)
1217980,2022,07,Department of Education (DepEd),001,Office of the Secretary,310400100003000,Operation of Schools - Junior High School (Grade 7 to Grade 10),0904131,Francisco Osorio National High School,04,01101101,Specific Budgets of National Government Agencies,2,Maintenance and Other Operating Expenses,5020302000,Accountable Forms Expenses,2.0,2000.0,7,,,,Basic Education (DepEd)
1217967,2022,07,Department of Education (DepEd),001,Office of the Secretary,310400100003000,Operation of Schools - Junior High School (Grade 7 to Grade 10),0904131,Francisco Osorio National High School,04,01101101,Specific Budgets of National Government Agencies,1,Personnel Services,5010208001,Productivity Incentive Allowance - Civilian ,0.0,0.0,7,,,,Basic Education (DepEd)
1407273,2022,07,Department of Education (DepEd),001,Office of the Secretary,310400100004000,Operation of Schools - Senior High School (Grade 11 to Grade 12),0904131,Francisco Osorio National High School,04,01101101,Specific Budgets of National Government Agencies,2,Maintenance and Other Operating Expenses,5020301002,Office Supplies Expenses,132.0,132000.0,7,,,,Basic Education (DepEd)
1407274,2022,07,Department of Education (DepEd),001,Office of the Secretary,310400100004000,Operation of Schools - Senior High School (Grade 11 to Grade 12),0904131,Francisco Osorio National High School,04,01101101,Specific Budgets of National Government Agencies,2,Maintenance and Other Operating Expenses,5020399000,Other Supplies and Materials Expenses,94.0,94000.0,7,,,,Basic Education (DepEd)
1407272,2022,07,Department of Education (DepEd),001,Office of the Secretary,310400100004000,Operation of Schools - Senior High School (Grade 11 to Grade 12),0904131,Francisco Osorio National High School,04,01101101,Specific Budgets of National Government Agencies,2,Maintenance and Other Operating Expenses,5020101000,Traveling Expenses - Local,66.0,66000.0,7,,,,Basic Education (DepEd)
1407276,2022,07,Department of Education (DepEd),001,Office of the Secretary,310400100004000,Operation of Schools - Senior High School (Grade 11 to Grade 12),0904131,Francisco Osorio National High School,04,01101101,Specific Budgets of National Government Agencies,2,Maintenance and Other Operating Expenses,5020402000,Electricity Expenses,40.0,40000.0,7,,,,Basic Education (DepEd)
1407275,2022,07,Department of Education (DepEd),001,Office of the Secretary,310400100004000,Operation of Schools - Senior High School (Grade 11 to Grade 12),0904131,Francisco Osorio National High School,04,01101101,Specific Budgets of National Government Agencies,2,Maintenance and Other Operating Expenses,5020401000,Water Expenses,26.0,26000.0,7,,,,Basic Education (DepEd)
1218475,2022,07,Department of Education (DepEd),001,Office of the Secretary,310400100003000,Operation of Schools - Junior High School (Grade 7 to Grade 10),0904148,Luis Aguado National High School,04,01101101,Specific Budgets of National Government Agencies,1,Personnel Services,5010101001,Basic Salary - Civilian,30580.0,30580000.0,7,,,,Basic Education (DepEd)
1218506,2022,07,Department of Education (DepEd),001,Office of the Secretary,310400100003000,Operation of Schools - Junior High School (Grade 7 to Grade 10),0904148,Luis Aguado National High School,04,01104102,Retirement and Life Insurance Premiums,1,Personnel Services,5010301000,Retirement and Life Insurance Premiums,3670.0,3670000.0,7,,,,Basic Education (DepEd)
1218481,2022,07,Department of Education (DepEd),001,Office of the Secretary,310400100003000,Operation of Schools - Junior High School (Grade 7 to Grade 10),0904148,Luis Aguado National High School,04,01101101,Specific Budgets of National Government Agencies,1,Personnel Services,5010214001,Bonus - Civilian,2548.0,2548000.0,7,,,,Basic Education (DepEd)
1218483,2022,07,Department of Education (DepEd),001,Office of the Secretary,310400100003000,Operation of Schools - Junior High School (Grade 7 to Grade 10),0904148,Luis Aguado National High School,04,01101101,Specific Budgets of National Government Agencies,1,Personnel Services,5010216001,Mid-Year Bonus - Civilian,2548.0,2548000.0,7,,,,Basic Education (DepEd)
1218477,2022,07,Department of Education (DepEd),001,Office of the Secretary,310400100003000,Operation of Schools - Junior High School (Grade 7 to Grade 10),0904148,Luis Aguado National High School,04,01101101,Specific Budgets of National Government Agencies,1,Personnel Services,5010201001,PERA - Civilian,2184.0,2184000.0,7,,,,Basic Education (DepEd)
1218476,2022,07,Department of Education (DepEd),001,Office of the Secretary,310400100003000,Operation of Schools - Junior High School (Grade 7 to Grade 10),0904148,Luis Aguado National High School,04,01101101,Specific Budgets of National Government Agencies,1,Personnel Services,5010103000,Salaries and Wages - Substitute Teachers,690.0,690000.0,7,,,,Basic Education (DepEd)
1218478,2022,07,Department of Education (DepEd),001,Office of the Secretary,310400100003000,Operation of Schools - Junior High School (Grade 7 to Grade 10),0904148,Luis Aguado National High School,04,01101101,Specific Budgets of National Government Agencies,1,Personnel Services,5010204001,Clothing/Uniform Allowance - Civilian,546.0,546000.0,7,,,,Basic Education (DepEd)
1218486,2022,07,Department of Education (DepEd),001,Office of the Secretary,310400100003000,Operation of Schools - Junior High School (Grade 7 to Grade 10),0904148,Luis Aguado National High School,04,01101101,Specific Budgets of National Government Agencies,1,Personnel Services,5010303001,PhilHealth - Civilian,535.0,535000.0,7,,,,Basic Education (DepEd)
1218502,2022,07,Department of Education (DepEd),001,Office of the Secretary,310400100003000,Operation of Schools - Junior High School (Grade 7 to Grade 10),0904148,Luis Aguado National High School,04,01101101,Specific Budgets of National Government Agencies,2,Maintenance and Other Operating Expenses,5021304002,School Buildings,500.0,500000.0,7,,,,Basic Education (DepEd)
1218497,2022,07,Department of Education (DepEd),001,Office of the Secretary,310400100003000,Operation of Schools - Junior High School (Grade 7 to Grade 10),0904148,Luis Aguado National High School,04,01101101,Specific Budgets of National Government Agencies,2,Maintenance and Other Operating Expenses,5020402000,Electricity Expenses,457.0,457000.0,7,,,,Basic Education (DepEd)
1218484,2022,07,Department of Education (DepEd),001,Office of the Secretary,310400100003000,Operation of Schools - Junior High School (Grade 7 to Grade 10),0904148,Luis Aguado National High School,04,01101101,Specific Budgets of National Government Agencies,1,Personnel Services,5010299012,Productivity Enhancement Incentive - Civilian ,455.0,455000.0,7,,,,Basic Education (DepEd)
1218482,2022,07,Department of Education (DepEd),001,Office of the Secretary,310400100003000,Operation of Schools - Junior High School (Grade 7 to Grade 10),0904148,Luis Aguado National High School,04,01101101,Specific Budgets of National Government Agencies,1,Personnel Services,5010215001,Cash Gift - Civilian ,455.0,455000.0,7,,,,Basic Education (DepEd)
1218491,2022,07,Department of Education (DepEd),001,Office of the Secretary,310400100003000,Operation of Schools - Junior High School (Grade 7 to Grade 10),0904148,Luis Aguado National High School,04,01101101,Specific Budgets of National Government Agencies,2,Maintenance and Other Operating Expenses,5020301002,Office Supplies Expenses,450.0,450000.0,7,,,,Basic Education (DepEd)
1218501,2022,07,Department of Education (DepEd),001,Office of the Secretary,310400100003000,Operation of Schools - Junior High School (Grade 7 to Grade 10),0904148,Luis Aguado National High School,04,01101101,Specific Budgets of National Government Agencies,2,Maintenance and Other Operating Expenses,5021202000,Janitorial Services,290.0,290000.0,7,,,,Basic Education (DepEd)
1218490,2022,07,Department of Education (DepEd),001,Office of the Secretary,310400100003000,Operation of Schools - Junior High School (Grade 7 to Grade 10),0904148,Luis Aguado National High School,04,01101101,Specific Budgets of National Government Agencies,2,Maintenance and Other Operating Expenses,5020201002,Training Expenses,250.0,250000.0,7,,,,Basic Education (DepEd)
1218495,2022,07,Department of Education (DepEd),001,Office of the Secretary,310400100003000,Operation of Schools - Junior High School (Grade 7 to Grade 10),0904148,Luis Aguado National High School,04,01101101,Specific Budgets of National Government Agencies,2,Maintenance and Other Operating Expenses,5020399000,Other Supplies and Materials Expenses,206.0,206000.0,7,,,,Basic Education (DepEd)
1218487,2022,07,Department of Education (DepEd),001,Office of the Secretary,310400100003000,Operation of Schools - Junior High School (Grade 7 to Grade 10),0904148,Luis Aguado National High School,04,01101101,Specific Budgets of National Government Agencies,1,Personnel Services,5010304001,ECIP - Civilian,109.0,109000.0,7,,,,Basic Education (DepEd)
1218485,2022,07,Department of Education (DepEd),001,Office of the Secretary,310400100003000,Operation of Schools - Junior High School (Grade 7 to Grade 10),0904148,Luis Aguado National High School,04,01101101,Specific Budgets of National Government Agencies,1,Personnel Services,5010302001,Pag-IBIG - Civilian,109.0,109000.0,7,,,,Basic Education (DepEd)
1218494,2022,07,Department of Education (DepEd),001,Office of the Secretary,310400100003000,Operation of Schools - Junior High School (Grade 7 to Grade 10),0904148,Luis Aguado National High School,04,01101101,Specific Budgets of National Government Agencies,2,Maintenance and Other Operating Expenses,5020322001,Furniture and Fixtures,80.0,80000.0,7,,,,Basic Education (DepEd)
1218496,2022,07,Department of Education (DepEd),001,Office of the Secretary,310400100003000,Operation of Schools - Junior High School (Grade 7 to Grade 10),0904148,Luis Aguado National High School,04,01101101,Specific Budgets of National Government Agencies,2,Maintenance and Other Operating Expenses,5020401000,Water Expenses,80.0,80000.0,7,,,,Basic Education (DepEd)
1218489,2022,07,Department of Education (DepEd),001,Office of the Secretary,310400100003000,Operation of Schools - Junior High School (Grade 7 to Grade 10),0904148,Luis Aguado National High School,04,01101101,Specific Budgets of National Government Agencies,2,Maintenance and Other Operating Expenses,5020101000,Traveling Expenses - Local,80.0,80000.0,7,,,,Basic Education (DepEd)
1218488,2022,07,Department of Education (DepEd),001,Office of the Secretary,310400100003000,Operation of Schools - Junior High School (Grade 7 to Grade 10),0904148,Luis Aguado National High School,04,01101101,Specific Budgets of National Government Agencies,1,Personnel Services,5010499010,Lump-sum for Step Increments - Length of Service,76.0,76000.0,7,,,,Basic Education (DepEd)
1218500,2022,07,Department of Education (DepEd),001,Office of the Secretary,310400100003000,Operation of Schools - Junior High School (Grade 7 to Grade 10),0904148,Luis Aguado National High School,04,01101101,Specific Budgets of National Government Agencies,2,Maintenance and Other Operating Expenses,5020503000,Internet Subscription Expenses,70.0,70000.0,7,,,,Basic Education (DepEd)
1218499,2022,07,Department of Education (DepEd),001,Office of the Secretary,310400100003000,Operation of Schools - Junior High School (Grade 7 to Grade 10),0904148,Luis Aguado National High School,04,01101101,Specific Budgets of National Government Agencies,2,Maintenance and Other Operating Expenses,5020502002,Landline,50.0,50000.0,7,,,,Basic Education (DepEd)
1218493,2022,07,Department of Education (DepEd),001,Office of the Secretary,310400100003000,Operation of Schools - Junior High School (Grade 7 to Grade 10),0904148,Luis Aguado National High School,04,01101101,Specific Budgets of National Government Agencies,2,Maintenance and Other Operating Expenses,5020321003,Information and Communications Technology Equipment,50.0,50000.0,7,,,,Basic Education (DepEd)
1218480,2022,07,Department of Education (DepEd),001,Office of the Secretary,310400100003000,Operation of Schools - Junior High School (Grade 7 to Grade 10),0904148,Luis Aguado National High School,04,01101101,Specific Budgets of National Government Agencies,1,Personnel Services,5010210001,Honoraria - Civilian,45.0,45000.0,7,,,,Basic Education (DepEd)
1218503,2022,07,Department of Education (DepEd),001,Office of the Secretary,310400100003000,Operation of Schools - Junior High School (Grade 7 to Grade 10),0904148,Luis Aguado National High School,04,01101101,Specific Budgets of National Government Agencies,2,Maintenance and Other Operating Expenses,5021321002,Office Equipment,25.0,25000.0,7,,,,Basic Education (DepEd)
1218504,2022,07,Department of Education (DepEd),001,Office of the Secretary,310400100003000,Operation of Schools - Junior High School (Grade 7 to Grade 10),0904148,Luis Aguado National High School,04,01101101,Specific Budgets of National Government Agencies,2,Maintenance and Other Operating Expenses,5021321003,Information and Communications Technology Equipment,25.0,25000.0,7,,,,Basic Education (DepEd)
1218505,2022,07,Department of Education (DepEd),001,Office of the Secretary,310400100003000,Operation of Schools - Junior High School (Grade 7 to Grade 10),0904148,Luis Aguado National High School,04,01101101,Specific Budgets of National Government Agencies,2,Maintenance and Other Operating Expenses,5021502000,Fidelity Bond Premiums,7.0,7000.0,7,,,,Basic Education (DepEd)
1218498,2022,07,Department of Education (DepEd),001,Office of the Secretary,310400100003000,Operation of Schools - Junior High School (Grade 7 to Grade 10),0904148,Luis Aguado National High School,04,01101101,Specific Budgets of National Government Agencies,2,Maintenance and Other Operating Expenses,5020502001,Mobile,5.0,5000.0,7,,,,Basic Education (DepEd)
1218492,2022,07,Department of Education (DepEd),001,Office of the Secretary,310400100003000,Operation of Schools - Junior High School (Grade 7 to Grade 10),0904148,Luis Aguado National High School,04,01101101,Specific Budgets of National Government Agencies,2,Maintenance and Other Operating Expenses,5020302000,Accountable Forms Expenses,3.0,3000.0,7,,,,Basic Education (DepEd)
1218479,2022,07,Department of Education (DepEd),001,Office of the Secretary,310400100003000,Operation of Schools - Junior High School (Grade 7 to Grade 10),0904148,Luis Aguado National High School,04,01101101,Specific Budgets of National Government Agencies,1,Personnel Services,5010208001,Productivity Incentive Allowance - Civilian ,0.0,0.0,7,,,,Basic Education (DepEd)
1411767,2022,07,Department of Education (DepEd),001,Office of the Secretary,310400100004000,Operation of Schools - Senior High School (Grade 11 to Grade 12),0904798,Trece Martires City Senior High School,04,01101101,Specific Budgets of National Government Agencies,2,Maintenance and Other Operating Expenses,5020399000,Other Supplies and Materials Expenses,1062.0,1062000.0,7,,,,Basic Education (DepEd)
1411766,2022,07,Department of Education (DepEd),001,Office of the Secretary,310400100004000,Operation of Schools - Senior High School (Grade 11 to Grade 12),0904798,Trece Martires City Senior High School,04,01101101,Specific Budgets of National Government Agencies,2,Maintenance and Other Operating Expenses,5020301002,Office Supplies Expenses,513.0,513000.0,7,,,,Basic Education (DepEd)
1411770,2022,07,Department of Education (DepEd),001,Office of the Secretary,310400100004000,Operation of Schools - Senior High School (Grade 11 to Grade 12),0904798,Trece Martires City Senior High School,04,01101101,Specific Budgets of National Government Agencies,2,Maintenance and Other Operating Expenses,5020503000,Internet Subscription Expenses,513.0,513000.0,7,,,,Basic Education (DepEd)
1411769,2022,07,Department of Education (DepEd),001,Office of the Secretary,310400100004000,Operation of Schools - Senior High School (Grade 11 to Grade 12),0904798,Trece Martires City Senior High School,04,01101101,Specific Budgets of National Government Agencies,2,Maintenance and Other Operating Expenses,5020402000,Electricity Expenses,308.0,308000.0,7,,,,Basic Education (DepEd)
1411768,2022,07,Department of Education (DepEd),001,Office of the Secretary,310400100004000,Operation of Schools - Senior High School (Grade 11 to Grade 12),0904798,Trece Martires City Senior High School,04,01101101,Specific Budgets of National Government Agencies,2,Maintenance and Other Operating Expenses,5020401000,Water Expenses,205.0,205000.0,7,,,,Basic Education (DepEd)
1219332,2022,07,Department of Education (DepEd),001,Office of the Secretary,310400100003000,Operation of Schools - Junior High School (Grade 7 to Grade 10),0904176,Trece Martirez City National High School,04,01101101,Specific Budgets of National Government Agencies,1,Personnel Services,5010101001,Basic Salary - Civilian,127560.0,127560000.0,7,,,,Basic Education (DepEd)
1219362,2022,07,Department of Education (DepEd),001,Office of the Secretary,310400100003000,Operation of Schools - Junior High School (Grade 7 to Grade 10),0904176,Trece Martirez City National High School,04,01104102,Retirement and Life Insurance Premiums,1,Personnel Services,5010301000,Retirement and Life Insurance Premiums,15307.0,15307000.0,7,,,,Basic Education (DepEd)
1219341,2022,07,Department of Education (DepEd),001,Office of the Secretary,310400100003000,Operation of Schools - Junior High School (Grade 7 to Grade 10),0904176,Trece Martirez City National High School,04,01101101,Specific Budgets of National Government Agencies,1,Personnel Services,5010216001,Mid-Year Bonus - Civilian,10630.0,10630000.0,7,,,,Basic Education (DepEd)
1219339,2022,07,Department of Education (DepEd),001,Office of the Secretary,310400100003000,Operation of Schools - Junior High School (Grade 7 to Grade 10),0904176,Trece Martirez City National High School,04,01101101,Specific Budgets of National Government Agencies,1,Personnel Services,5010214001,Bonus - Civilian,10630.0,10630000.0,7,,,,Basic Education (DepEd)
1219335,2022,07,Department of Education (DepEd),001,Office of the Secretary,310400100003000,Operation of Schools - Junior High School (Grade 7 to Grade 10),0904176,Trece Martirez City National High School,04,01101101,Specific Budgets of National Government Agencies,1,Personnel Services,5010201001,PERA - Civilian,9312.0,9312000.0,7,,,,Basic Education (DepEd)
1219349,2022,07,Department of Education (DepEd),001,Office of the Secretary,310400100003000,Operation of Schools - Junior High School (Grade 7 to Grade 10),0904176,Trece Martirez City National High School,04,01101101,Specific Budgets of National Government Agencies,2,Maintenance and Other Operating Expenses,5020301002,Office Supplies Expenses,4834.0,4834000.0,7,,,,Basic Education (DepEd)
1219334,2022,07,Department of Education (DepEd),001,Office of the Secretary,310400100003000,Operation of Schools - Junior High School (Grade 7 to Grade 10),0904176,Trece Martirez City National High School,04,01101101,Specific Budgets of National Government Agencies,1,Personnel Services,5010103000,Salaries and Wages - Substitute Teachers,2976.0,2976000.0,7,,,,Basic Education (DepEd)
1219336,2022,07,Department of Education (DepEd),001,Office of the Secretary,310400100003000,Operation of Schools - Junior High School (Grade 7 to Grade 10),0904176,Trece Martirez City National High School,04,01101101,Specific Budgets of National Government Agencies,1,Personnel Services,5010204001,Clothing/Uniform Allowance - Civilian,2328.0,2328000.0,7,,,,Basic Education (DepEd)
1219344,2022,07,Department of Education (DepEd),001,Office of the Secretary,310400100003000,Operation of Schools - Junior High School (Grade 7 to Grade 10),0904176,Trece Martirez City National High School,04,01101101,Specific Budgets of National Government Agencies,1,Personnel Services,5010303001,PhilHealth - Civilian,2232.0,2232000.0,7,,,,Basic Education (DepEd)
1219354,2022,07,Department of Education (DepEd),001,Office of the Secretary,310400100003000,Operation of Schools - Junior High School (Grade 7 to Grade 10),0904176,Trece Martirez City National High School,04,01101101,Specific Budgets of National Government Agencies,2,Maintenance and Other Operating Expenses,5020402000,Electricity Expenses,2077.0,2077000.0,7,,,,Basic Education (DepEd)
1219342,2022,07,Department of Education (DepEd),001,Office of the Secretary,310400100003000,Operation of Schools - Junior High School (Grade 7 to Grade 10),0904176,Trece Martirez City National High School,04,01101101,Specific Budgets of National Government Agencies,1,Personnel Services,5010299012,Productivity Enhancement Incentive - Civilian ,1940.0,1940000.0,7,,,,Basic Education (DepEd)
1219340,2022,07,Department of Education (DepEd),001,Office of the Secretary,310400100003000,Operation of Schools - Junior High School (Grade 7 to Grade 10),0904176,Trece Martirez City National High School,04,01101101,Specific Budgets of National Government Agencies,1,Personnel Services,5010215001,Cash Gift - Civilian ,1940.0,1940000.0,7,,,,Basic Education (DepEd)
1219333,2022,07,Department of Education (DepEd),001,Office of the Secretary,310400100003000,Operation of Schools - Junior High School (Grade 7 to Grade 10),0904176,Trece Martirez City National High School,04,01101101,Specific Budgets of National Government Agencies,1,Personnel Services,5010102000,Salaries and Wages - Casual/Contractual,1502.0,1502000.0,7,,,,Basic Education (DepEd)
1219352,2022,07,Department of Education (DepEd),001,Office of the Secretary,310400100003000,Operation of Schools - Junior High School (Grade 7 to Grade 10),0904176,Trece Martirez City National High School,04,01101101,Specific Budgets of National Government Agencies,2,Maintenance and Other Operating Expenses,5020399000,Other Supplies and Materials Expenses,1400.0,1400000.0,7,,,,Basic Education (DepEd)
1219347,2022,07,Department of Education (DepEd),001,Office of the Secretary,310400100003000,Operation of Schools - Junior High School (Grade 7 to Grade 10),0904176,Trece Martirez City National High School,04,01101101,Specific Budgets of National Government Agencies,2,Maintenance and Other Operating Expenses,5020101000,Traveling Expenses - Local,718.0,718000.0,7,,,,Basic Education (DepEd)
1219358,2022,07,Department of Education (DepEd),001,Office of the Secretary,310400100003000,Operation of Schools - Junior High School (Grade 7 to Grade 10),0904176,Trece Martirez City National High School,04,01101101,Specific Budgets of National Government Agencies,2,Maintenance and Other Operating Expenses,5021304002,School Buildings,630.0,630000.0,7,,,,Basic Education (DepEd)
1219343,2022,07,Department of Education (DepEd),001,Office of the Secretary,310400100003000,Operation of Schools - Junior High School (Grade 7 to Grade 10),0904176,Trece Martirez City National High School,04,01101101,Specific Budgets of National Government Agencies,1,Personnel Services,5010302001,Pag-IBIG - Civilian,466.0,466000.0,7,,,,Basic Education (DepEd)
1219345,2022,07,Department of Education (DepEd),001,Office of the Secretary,310400100003000,Operation of Schools - Junior High School (Grade 7 to Grade 10),0904176,Trece Martirez City National High School,04,01101101,Specific Budgets of National Government Agencies,1,Personnel Services,5010304001,ECIP - Civilian,466.0,466000.0,7,,,,Basic Education (DepEd)
1219346,2022,07,Department of Education (DepEd),001,Office of the Secretary,310400100003000,Operation of Schools - Junior High School (Grade 7 to Grade 10),0904176,Trece Martirez City National High School,04,01101101,Specific Budgets of National Government Agencies,1,Personnel Services,5010499010,Lump-sum for Step Increments - Length of Service,319.0,319000.0,7,,,,Basic Education (DepEd)
1219350,2022,07,Department of Education (DepEd),001,Office of the Secretary,310400100003000,Operation of Schools - Junior High School (Grade 7 to Grade 10),0904176,Trece Martirez City National High School,04,01101101,Specific Budgets of National Government Agencies,2,Maintenance and Other Operating Expenses,5020308000,"Medical, Dental and Laboratory Supplies Expenses",207.0,207000.0,7,,,,Basic Education (DepEd)
1219338,2022,07,Department of Education (DepEd),001,Office of the Secretary,310400100003000,Operation of Schools - Junior High School (Grade 7 to Grade 10),0904176,Trece Martirez City National High School,04,01101101,Specific Budgets of National Government Agencies,1,Personnel Services,5010210001,Honoraria - Civilian,185.0,185000.0,7,,,,Basic Education (DepEd)
1219348,2022,07,Department of Education (DepEd),001,Office of the Secretary,310400100003000,Operation of Schools - Junior High School (Grade 7 to Grade 10),0904176,Trece Martirez City National High School,04,01101101,Specific Budgets of National Government Agencies,2,Maintenance and Other Operating Expenses,5020201002,Training Expenses,141.0,141000.0,7,,,,Basic Education (DepEd)
1219351,2022,07,Department of Education (DepEd),001,Office of the Secretary,310400100003000,Operation of Schools - Junior High School (Grade 7 to Grade 10),0904176,Trece Martirez City National High School,04,01101101,Specific Budgets of National Government Agencies,2,Maintenance and Other Operating Expenses,5020309000,"Fuel, Oil and Lubricants Expenses",101.0,101000.0,7,,,,Basic Education (DepEd)
1219355,2022,07,Department of Education (DepEd),001,Office of the Secretary,310400100003000,Operation of Schools - Junior High School (Grade 7 to Grade 10),0904176,Trece Martirez City National High School,04,01101101,Specific Budgets of National Government Agencies,2,Maintenance and Other Operating Expenses,5020502001,Mobile,74.0,74000.0,7,,,,Basic Education (DepEd)
1219356,2022,07,Department of Education (DepEd),001,Office of the Secretary,310400100003000,Operation of Schools - Junior High School (Grade 7 to Grade 10),0904176,Trece Martirez City National High School,04,01101101,Specific Budgets of National Government Agencies,2,Maintenance and Other Operating Expenses,5020502002,Landline,58.0,58000.0,7,,,,Basic Education (DepEd)
1219357,2022,07,Department of Education (DepEd),001,Office of the Secretary,310400100003000,Operation of Schools - Junior High School (Grade 7 to Grade 10),0904176,Trece Martirez City National High School,04,01101101,Specific Budgets of National Government Agencies,2,Maintenance and Other Operating Expenses,5020503000,Internet Subscription Expenses,54.0,54000.0,7,,,,Basic Education (DepEd)
1219353,2022,07,Department of Education (DepEd),001,Office of the Secretary,310400100003000,Operation of Schools - Junior High School (Grade 7 to Grade 10),0904176,Trece Martirez City National High School,04,01101101,Specific Budgets of National Government Agencies,2,Maintenance and Other Operating Expenses,5020401000,Water Expenses,41.0,41000.0,7,,,,Basic Education (DepEd)
1219360,2022,07,Department of Education (DepEd),001,Office of the Secretary,310400100003000,Operation of Schools - Junior High School (Grade 7 to Grade 10),0904176,Trece Martirez City National High School,04,01101101,Specific Budgets of National Government Agencies,2,Maintenance and Other Operating Expenses,5029903000,Representation Expenses,34.0,34000.0,7,,,,Basic Education (DepEd)
1219361,2022,07,Department of Education (DepEd),001,Office of the Secretary,310400100003000,Operation of Schools - Junior High School (Grade 7 to Grade 10),0904176,Trece Martirez City National High School,04,01101101,Specific Budgets of National Government Agencies,2,Maintenance and Other Operating Expenses,5029904000,Transportation and Delivery Expenses,28.0,28000.0,7,,,,Basic Education (DepEd)
1219359,2022,07,Department of Education (DepEd),001,Office of the Secretary,310400100003000,Operation of Schools - Junior High School (Grade 7 to Grade 10),0904176,Trece Martirez City National High School,04,01101101,Specific Budgets of National Government Agencies,2,Maintenance and Other Operating Expenses,5021502000,Fidelity Bond Premiums,8.0,8000.0,7,,,,Basic Education (DepEd)
1219337,2022,07,Department of Education (DepEd),001,Office of the Secretary,310400100003000,Operation of Schools - Junior High School (Grade 7 to Grade 10),0904176,Trece Martirez City National High School,04,01101101,Specific Budgets of National Government Agencies,1,Personnel Services,5010208001,Productivity Incentive Allowance - Civilian ,0.0,0.0,7,,,,Basic Education (DepEd)
1219388,2022,07,Department of Education (DepEd),001,Office of the Secretary,310400100003000,Operation of Schools - Junior High School (Grade 7 to Grade 10),0904178,Trece Martirez City National High School (Cochu Annex),04,01101101,Specific Budgets of National Government Agencies,2,Maintenance and Other Operating Expenses,5020301002,Office Supplies Expenses,400.0,400000.0,7,,,,Basic Education (DepEd)
1219389,2022,07,Department of Education (DepEd),001,Office of the Secretary,310400100003000,Operation of Schools - Junior High School (Grade 7 to Grade 10),0904178,Trece Martirez City National High School (Cochu Annex),04,01101101,Specific Budgets of National Government Agencies,2,Maintenance and Other Operating Expenses,5020399000,Other Supplies and Materials Expenses,190.0,190000.0,7,,,,Basic Education (DepEd)
1219393,2022,07,Department of Education (DepEd),001,Office of the Secretary,310400100003000,Operation of Schools - Junior High School (Grade 7 to Grade 10),0904178,Trece Martirez City National High School (Cochu Annex),04,01101101,Specific Budgets of National Government Agencies,2,Maintenance and Other Operating Expenses,5021304002,School Buildings,88.0,88000.0,7,,,,Basic Education (DepEd)
1219391,2022,07,Department of Education (DepEd),001,Office of the Secretary,310400100003000,Operation of Schools - Junior High School (Grade 7 to Grade 10),0904178,Trece Martirez City National High School (Cochu Annex),04,01101101,Specific Budgets of National Government Agencies,2,Maintenance and Other Operating Expenses,5020402000,Electricity Expenses,80.0,80000.0,7,,,,Basic Education (DepEd)
1219386,2022,07,Department of Education (DepEd),001,Office of the Secretary,310400100003000,Operation of Schools - Junior High School (Grade 7 to Grade 10),0904178,Trece Martirez City National High School (Cochu Annex),04,01101101,Specific Budgets of National Government Agencies,2,Maintenance and Other Operating Expenses,5020201002,Training Expenses,59.0,59000.0,7,,,,Basic Education (DepEd)
1219387,2022,07,Department of Education (DepEd),001,Office of the Secretary,310400100003000,Operation of Schools - Junior High School (Grade 7 to Grade 10),0904178,Trece Martirez City National High School (Cochu Annex),04,01101101,Specific Budgets of National Government Agencies,2,Maintenance and Other Operating Expenses,5020301001,ICT Office Supplies,50.0,50000.0,7,,,,Basic Education (DepEd)
1219392,2022,07,Department of Education (DepEd),001,Office of the Secretary,310400100003000,Operation of Schools - Junior High School (Grade 7 to Grade 10),0904178,Trece Martirez City National High School (Cochu Annex),04,01101101,Specific Budgets of National Government Agencies,2,Maintenance and Other Operating Expenses,5020503000,Internet Subscription Expenses,36.0,36000.0,7,,,,Basic Education (DepEd)
1219390,2022,07,Department of Education (DepEd),001,Office of the Secretary,310400100003000,Operation of Schools - Junior High School (Grade 7 to Grade 10),0904178,Trece Martirez City National High School (Cochu Annex),04,01101101,Specific Budgets of National Government Agencies,2,Maintenance and Other Operating Expenses,5020401000,Water Expenses,27.0,27000.0,7,,,,Basic Education (DepEd)
1639392,2022,18,Department of Public Works and Highways (DPWH),001,Office of the Secretary,310204101748000,"Cabuco - Indang Diversion Road(Construction of Bridge 2), Cavite",1800061,Cavite District Engineering Office,04,01101101,Specific Budgets of National Government Agencies,6,Capital Outlays,5060403001,Road Networks,15000.0,15000000.0,7,,,,Roads & Bridges (DPWH)
1639393,2022,18,Department of Public Works and Highways (DPWH),001,Office of the Secretary,310204101749000,"Cabuco - Indang Diversion Road, Phase II, Cavite",1800061,Cavite District Engineering Office,04,01101101,Specific Budgets of National Government Agencies,6,Capital Outlays,5060403001,Road Networks,50000.0,50000000.0,7,,,,Roads & Bridges (DPWH)
1618750,2022,18,Department of Public Works and Highways (DPWH),001,Office of the Secretary,300221101000000,"Concreting of Road at Barangay Aguado, Trece Martires , Cavite",1800061,Cavite District Engineering Office,04,01101101,Specific Budgets of National Government Agencies,6,Capital Outlays,5060403001,Road Networks,10000.0,10000000.0,7,,,,Roads & Bridges (DPWH)
1618760,2022,18,Department of Public Works and Highways (DPWH),001,Office of the Secretary,300221101010000,"Concreting of Road at Barangay Aguado, Trece Martires, Cavite",1800061,Cavite District Engineering Office,04,01101101,Specific Budgets of National Government Agencies,6,Capital Outlays,5060403001,Road Networks,10000.0,10000000.0,7,,,,Roads & Bridges (DPWH)
1618751,2022,18,Department of Public Works and Highways (DPWH),001,Office of the Secretary,300221101001000,"Concreting of Road at Barangay Inocencio, Trece Martires , Cavite",1800061,Cavite District Engineering Office,04,01101101,Specific Budgets of National Government Agencies,6,Capital Outlays,5060403001,Road Networks,5000.0,5000000.0,7,,,,Roads & Bridges (DPWH)
1618761,2022,18,Department of Public Works and Highways (DPWH),001,Office of the Secretary,300221101011000,"Concreting of Road at Barangay Inocencio, Trece Martires, Cavite",1800061,Cavite District Engineering Office,04,01101101,Specific Budgets of National Government Agencies,6,Capital Outlays,5060403001,Road Networks,5000.0,5000000.0,7,,,,Roads & Bridges (DPWH)
1618752,2022,18,Department of Public Works and Highways (DPWH),001,Office of the Secretary,300221101002000,"Concreting of Road at Barangay Lallana, Trece Martires , Cavite",1800061,Cavite District Engineering Office,04,01101101,Specific Budgets of National Government Agencies,6,Capital Outlays,5060403001,Road Networks,5000.0,5000000.0,7,,,,Roads & Bridges (DPWH)
1618762,2022,18,Department of Public Works and Highways (DPWH),001,Office of the Secretary,300221101012000,"Concreting of Road at Barangay Lallana, Trece Martires, Cavite",1800061,Cavite District Engineering Office,04,01101101,Specific Budgets of National Government Agencies,6,Capital Outlays,5060403001,Road Networks,5000.0,5000000.0,7,,,,Roads & Bridges (DPWH)
1618753,2022,18,Department of Public Works and Highways (DPWH),001,Office of the Secretary,300221101003000,"Concreting of Road at Barangay Osorio, Trece Martires , Cavite",1800061,Cavite District Engineering Office,04,01101101,Specific Budgets of National Government Agencies,6,Capital Outlays,5060403001,Road Networks,5000.0,5000000.0,7,,,,Roads & Bridges (DPWH)
1618763,2022,18,Department of Public Works and Highways (DPWH),001,Office of the Secretary,300221101013000,"Concreting of Road at Barangay Osorio, Trece Martires, Cavite",1800061,Cavite District Engineering Office,04,01101101,Specific Budgets of National Government Agencies,6,Capital Outlays,5060403001,Road Networks,5000.0,5000000.0,7,,,,Roads & Bridges (DPWH)
1622525,2022,18,Department of Public Works and Highways (DPWH),001,Office of the Secretary,300226101626000,"Construction of Multi-Purpose Building (Covered Court) at Barangay Gregorio, Trece Martires , Cavite",1800061,Cavite District Engineering Office,04,01101101,Specific Budgets of National Government Agencies,6,Capital Outlays,5060403099,Other Infrastructure Assets,5000.0,5000000.0,7,,,,Community & Public Buildings (DPWH)
1622526,2022,18,Department of Public Works and Highways (DPWH),001,Office of the Secretary,300226101627000,"Construction of Multi-Purpose Building (Covered Court) at Barangay Hugo Perez - Karla Villa Subdivision, Trece Martires , Cavite",1800061,Cavite District Engineering Office,04,01101101,Specific Budgets of National Government Agencies,6,Capital Outlays,5060403099,Other Infrastructure Assets,5000.0,5000000.0,7,,,,Community & Public Buildings (DPWH)
1622527,2022,18,Department of Public Works and Highways (DPWH),001,Office of the Secretary,300226101628000,"Construction of Multi-Purpose Building (Covered Court) at Barangay Luciano, Trece Martires , Cavite",1800061,Cavite District Engineering Office,04,01101101,Specific Budgets of National Government Agencies,6,Capital Outlays,5060403099,Other Infrastructure Assets,5000.0,5000000.0,7,,,,Community & Public Buildings (DPWH)
1622530,2022,18,Department of Public Works and Highways (DPWH),001,Office of the Secretary,300226101631000,"Construction of Multi-Purpose Building (Covered Court) at Command Center (City Hall Extension) at Barangay Conchu, Trece Martires , Cavite",1800061,Cavite District Engineering Office,04,01101101,Specific Budgets of National Government Agencies,6,Capital Outlays,5060403099,Other Infrastructure Assets,10000.0,10000000.0,7,,,,Community & Public Buildings (DPWH)
1622528,2022,18,Department of Public Works and Highways (DPWH),001,Office of the Secretary,300226101629000,"Construction of Multi-Purpose Building (Covered Court) at Luis Aguado National High School, Barangay Aguado, Trece Martires , Cavite",1800061,Cavite District Engineering Office,04,01101101,Specific Budgets of National Government Agencies,6,Capital Outlays,5060403099,Other Infrastructure Assets,5000.0,5000000.0,7,,,,School Buildings & Education Infra (DPWH)
1622531,2022,18,Department of Public Works and Highways (DPWH),001,Office of the Secretary,300226101632000,"Construction of Multi-Purpose Building (Covered Court) at PNP Compound, Barangay Osorio, Trece Martires , Cavite, Trece Martires , Cavite",1800061,Cavite District Engineering Office,04,01101101,Specific Budgets of National Government Agencies,6,Capital Outlays,5060403099,Other Infrastructure Assets,5000.0,5000000.0,7,,,,Community & Public Buildings (DPWH)
1622529,2022,18,Department of Public Works and Highways (DPWH),001,Office of the Secretary,300226101630000,"Construction of Multi-Purpose Building (Covered Court) at Trece Martires City National High School, Barangay Cabuco, Trece Martires , Cavite",1800061,Cavite District Engineering Office,04,01101101,Specific Budgets of National Government Agencies,6,Capital Outlays,5060403099,Other Infrastructure Assets,5000.0,5000000.0,7,,,,School Buildings & Education Infra (DPWH)
1622576,2022,18,Department of Public Works and Highways (DPWH),001,Office of the Secretary,300226101677000,"Construction of Multi-Purpose Building at Barangay Gregorio, Trece Martires, Cavite",1800061,Cavite District Engineering Office,04,01101101,Specific Budgets of National Government Agencies,6,Capital Outlays,5060404001,Buildings,5000.0,5000000.0,7,,,,Community & Public Buildings (DPWH)
1622577,2022,18,Department of Public Works and Highways (DPWH),001,Office of the Secretary,300226101678000,"Construction of Multi-Purpose Building at Barangay Hugo Perez (Karla Villa Subdivision), Trece Martires, Cavite",1800061,Cavite District Engineering Office,04,01101101,Specific Budgets of National Government Agencies,6,Capital Outlays,5060404001,Buildings,5000.0,5000000.0,7,,,,Community & Public Buildings (DPWH)
1622535,2022,18,Department of Public Works and Highways (DPWH),001,Office of the Secretary,300226101636000,"Construction of Multi-Purpose Building at Barangay Sanja Mayor, Trece Tanza, Cavite",1800061,Cavite District Engineering Office,04,01101101,Specific Budgets of National Government Agencies,6,Capital Outlays,5060404001,Buildings,5000.0,5000000.0,7,,,,Community & Public Buildings (DPWH)
1654534,2022,18,Department of Public Works and Highways (DPWH),001,Office of the Secretary,320101108085000,"Construction of Revetment along Ca±as River, Brgy Luciano, Trece Martires City, Phase 3, Cavite",1800061,Cavite District Engineering Office,04,01101101,Specific Budgets of National Government Agencies,6,Capital Outlays,5060403002,Flood Control Systems,50000.0,50000000.0,7,,,,Flood Control & River Mitigation (DPWH)
1654536,2022,18,Department of Public Works and Highways (DPWH),001,Office of the Secretary,320101108087000,"Construction of Revetment along Ca±as River, Brgy. De Ocampo Section, Phase 4, Trece Martires City, Cavite",1800061,Cavite District Engineering Office,04,01101101,Specific Budgets of National Government Agencies,6,Capital Outlays,5060403002,Flood Control Systems,50000.0,50000000.0,7,,,,Flood Control & River Mitigation (DPWH)
1654539,2022,18,Department of Public Works and Highways (DPWH),001,Office of the Secretary,320101108090000,"Construction of Road Dike along Timalan River, Brgy. Cabuco, Phase I, Trece Martires City, Cavite",1800061,Cavite District Engineering Office,04,01101101,Specific Budgets of National Government Agencies,6,Capital Outlays,5060403002,Flood Control Systems,50000.0,50000000.0,7,,,,Flood Control & River Mitigation (DPWH)
1654540,2022,18,Department of Public Works and Highways (DPWH),001,Office of the Secretary,320101108091000,"Construction of Road Dike along Timalan River, Brgy. Cabuco, Phase II, Trece Martires City, Cavite",1800061,Cavite District Engineering Office,04,01101101,Specific Budgets of National Government Agencies,6,Capital Outlays,5060403002,Flood Control Systems,50000.0,50000000.0,7,,,,Flood Control & River Mitigation (DPWH)
1654541,2022,18,Department of Public Works and Highways (DPWH),001,Office of the Secretary,320101108092000,"Construction of Road Dike along Timalan River, Brgy. Cabuco, Phase III, Trece Martires City, Cavite",1800061,Cavite District Engineering Office,04,01101101,Specific Budgets of National Government Agencies,6,Capital Outlays,5060403002,Flood Control Systems,50000.0,50000000.0,7,,,,Flood Control & River Mitigation (DPWH)
1654544,2022,18,Department of Public Works and Highways (DPWH),001,Office of the Secretary,320101108095000,"Construction of Road Dike along Timalan River, Brgy. Cabuco, Phase IV, Trece Martires City, Cavite",1800061,Cavite District Engineering Office,04,01101101,Specific Budgets of National Government Agencies,6,Capital Outlays,5060403002,Flood Control Systems,50000.0,50000000.0,7,,,,Flood Control & River Mitigation (DPWH)
1618764,2022,18,Department of Public Works and Highways (DPWH),001,Office of the Secretary,300221101014000,"Construction of Road from Brgy Buenavista General Trias to Brgy Osorio, Trece Martires City, Cavite",1800061,Cavite District Engineering Office,04,01101101,Specific Budgets of National Government Agencies,6,Capital Outlays,5060403001,Road Networks,20000.0,20000000.0,7,,,,Roads & Bridges (DPWH)
1614265,2022,18,Department of Public Works and Highways (DPWH),001,Office of the Secretary,300215101447000,"Construction of Tanza Trece Martirez- Indang Road, Tanza, Cavite",1800061,Cavite District Engineering Office,04,01101101,Specific Budgets of National Government Agencies,6,Capital Outlays,5060403001,Road Networks,50000.0,50000000.0,7,,,,Roads & Bridges (DPWH)
1629909,2022,18,Department of Public Works and Highways (DPWH),001,Office of the Secretary,310105100689000,Tanza-Trece Martires City-Indang Rd - K0051 + 000 - K0053 + 462,1800061,Cavite District Engineering Office,04,01101101,Specific Budgets of National Government Agencies,6,Capital Outlays,5060403001,Road Networks,62655.0,62655000.0,7,,,,Infrastructure (DPWH)
1612969,2022,18,Department of Public Works and Highways (DPWH),001,Office of the Secretary,300215100151000,"Construction of De Ocampo -Gregorio Bridge, Trece Martires City, Cavite",0100000,Central Office,13,01101101,Specific Budgets of National Government Agencies,6,Capital Outlays,5060403001,Road Networks,70000.0,70000000.0,7,,,,Roads & Bridges (DPWH)
1612570,2022,18,Department of Public Works and Highways (DPWH),001,Office of the Secretary,300214100050000,"Preventive Maintenance (Asphalt Overlay) with shoulder along Tanza-Trece Martires City-Indang Rd - K0036 + 683 - K0037 + 755, K0042 + 304 - K0042 + 898, K0045 + 000 - K0045 + 594",0100000,Central Office,13,01101101,Specific Budgets of National Government Agencies,6,Capital Outlays,5060403001,Road Networks,79000.0,79000000.0,7,,,,Infrastructure (DPWH)
1638961,2022,18,Department of Public Works and Highways (DPWH),001,Office of the Secretary,310204101317000,"San Agustin - Luciano By - Pass Road, Cavite",0100000,Central Office,13,01101101,Specific Budgets of National Government Agencies,6,Capital Outlays,5060403001,Road Networks,54780.0,54780000.0,7,,,,Roads & Bridges (DPWH)
1645061,2022,18,Department of Public Works and Highways (DPWH),001,Office of the Secretary,310305100220000,Alang  -  Ilang Br. (B03058LZ) along Dasmari±as - Trece Martires City - Naic Rd,nan,nan,nan,nan,nan,nan,nan,nan,nan,0.0,0.0,7,,,,Roads & Bridges (DPWH)
1642941,2022,18,Department of Public Works and Highways (DPWH),001,Office of the Secretary,310303100520000,Alulod Br. (B02521LZ) along Tanza - Trece Martires City - Indang Rd,nan,nan,nan,nan,nan,nan,nan,nan,nan,0.0,0.0,7,,,,Roads & Bridges (DPWH)
1638959,2022,18,Department of Public Works and Highways (DPWH),001,Office of the Secretary,310204101315000,"Cabuco  -  Indang -  Naic - Maragondon Diversion Road, Cavite",nan,nan,nan,nan,nan,nan,nan,nan,nan,0.0,0.0,7,,,,Roads & Bridges (DPWH)
1603004,2022,18,Department of Public Works and Highways (DPWH),001,Office of the Secretary,300117208941000,"Concreting of Road, Barangay Hugo Perez, Trece Martires, Cavite",nan,nan,nan,nan,nan,nan,nan,nan,nan,0.0,0.0,7,,,,Roads & Bridges (DPWH)
1584634,2022,18,Department of Public Works and Highways (DPWH),001,Office of the Secretary,300105200324000,"Construction (Completion) of  Multi -  Purpose Building of DPWH Cavite 1st DEO, Brgy. De Ocampo, Trece Martires City, Cavite",nan,nan,nan,nan,nan,nan,nan,nan,nan,0.0,0.0,7,,,,Community & Public Buildings (DPWH)
1579130,2022,18,Department of Public Works and Highways (DPWH),001,Office of the Secretary,300104221396000,"Construction / Rehabilitation of Multi - Purpose Building at Barangay Cabezas, Trece Martires City, Cavite",nan,nan,nan,nan,nan,nan,nan,nan,nan,0.0,0.0,7,,,,Community & Public Buildings (DPWH)
1579136,2022,18,Department of Public Works and Highways (DPWH),001,Office of the Secretary,300104221402000,"Construction / Rehabilitation of Multi - Purpose Building at City Hall Compound at Barangay San Agustin, Trece Martires City, Cavite",nan,nan,nan,nan,nan,nan,nan,nan,nan,0.0,0.0,7,,,,Community & Public Buildings (DPWH)
1579137,2022,18,Department of Public Works and Highways (DPWH),001,Office of the Secretary,300104221403000,"Construction / Rehabilitation of Multi - Purpose Building at Summerfield, Barangay Osorio, Trece Martires City, Cavite",nan,nan,nan,nan,nan,nan,nan,nan,nan,0.0,0.0,7,,,,Community & Public Buildings (DPWH)
1579138,2022,18,Department of Public Works and Highways (DPWH),001,Office of the Secretary,300104221404000,"Construction / Rehabilitation of Multi - Purpose Building at Trece Medical Pavilion at Barangay Luciano, Trece Martires City, Cavite",nan,nan,nan,nan,nan,nan,nan,nan,nan,0.0,0.0,7,,,,Community & Public Buildings (DPWH)
1553252,2022,18,Department of Public Works and Highways (DPWH),001,Office of the Secretary,300101200007000,"Construction of 4STY - 20CL at Trece Martires City ES, Trece Martires, Cavite",nan,nan,nan,nan,nan,nan,nan,nan,nan,0.0,0.0,7,,,,School Buildings & Education Infra (DPWH)
1559666,2022,18,Department of Public Works and Highways (DPWH),001,Office of the Secretary,300104201931000,"Construction of Covered Court at the Department of Education, Region IV - A, Division of Cavite Office, Trece Martires City, Cavite",nan,nan,nan,nan,nan,nan,nan,nan,nan,0.0,0.0,7,,,,Community & Public Buildings (DPWH)
1559667,2022,18,Department of Public Works and Highways (DPWH),001,Office of the Secretary,300104201932000,"Construction of Covered Court, Brgy. De Ocampo, Trece Martires City, Cavite",nan,nan,nan,nan,nan,nan,nan,nan,nan,0.0,0.0,7,,,,Community & Public Buildings (DPWH)
1559668,2022,18,Department of Public Works and Highways (DPWH),001,Office of the Secretary,300104201933000,"Construction of Covered Court, Brgy. Lapidario, Trece Martires City, Cavite",nan,nan,nan,nan,nan,nan,nan,nan,nan,0.0,0.0,7,,,,Community & Public Buildings (DPWH)
1579139,2022,18,Department of Public Works and Highways (DPWH),001,Office of the Secretary,300104221405000,"Construction of DPWH Building Phase 3, Trece Martires City, Cavite",nan,nan,nan,nan,nan,nan,nan,nan,nan,0.0,0.0,7,,,,Community & Public Buildings (DPWH)
1586066,2022,18,Department of Public Works and Highways (DPWH),001,Office of the Secretary,300107200127000,"Construction of Flood Control Project, Brgy. Cabuco, Trece Martires City, Cavite",nan,nan,nan,nan,nan,nan,nan,nan,nan,0.0,0.0,7,,,,Flood Control & River Mitigation (DPWH)
1591605,2022,18,Department of Public Works and Highways (DPWH),001,Office of the Secretary,300116202180000,"Construction of Indang  -  Cabuco  -  Naic Diversion Rd., Trece Martires City, Cavite",nan,nan,nan,nan,nan,nan,nan,nan,nan,0.0,0.0,7,,,,Roads & Bridges (DPWH)
1579142,2022,18,Department of Public Works and Highways (DPWH),001,Office of the Secretary,300104221408000,"Construction of Multi - Purpose Building (Covered Court) in Trece Martires City, Cavite",nan,nan,nan,nan,nan,nan,nan,nan,nan,0.0,0.0,7,,,,Community & Public Buildings (DPWH)
1565861,2022,18,Department of Public Works and Highways (DPWH),001,Office of the Secretary,300104208126000,"Construction of Multi - Purpose Building (Covered Court), Cavite Center for Mental Health, Trece Martires City, Cavite",nan,nan,nan,nan,nan,nan,nan,nan,nan,0.0,0.0,7,,,,Community & Public Buildings (DPWH)
1565862,2022,18,Department of Public Works and Highways (DPWH),001,Office of the Secretary,300104208127000,"Construction of Multi - Purpose Building (Covered Court), Conchu Elementary School, Brgy. Conchu, Trece Martires City, Cavite",nan,nan,nan,nan,nan,nan,nan,nan,nan,0.0,0.0,7,,,,School Buildings & Education Infra (DPWH)
1565869,2022,18,Department of Public Works and Highways (DPWH),001,Office of the Secretary,300104208134000,"Construction of Multi - Purpose Building (Covered Court), La Paz Subdivision, Brgy. Cabezas, Trece Martires City, Cavite",nan,nan,nan,nan,nan,nan,nan,nan,nan,0.0,0.0,7,,,,Community & Public Buildings (DPWH)
1565874,2022,18,Department of Public Works and Highways (DPWH),001,Office of the Secretary,300104208139000,"Construction of Multi - Purpose Building (Covered Court), Osorio Elementary School, Brgy. Paradahan, Trece Martires City, Cavite",nan,nan,nan,nan,nan,nan,nan,nan,nan,0.0,0.0,7,,,,School Buildings & Education Infra (DPWH)
1565880,2022,18,Department of Public Works and Highways (DPWH),001,Office of the Secretary,300104208145000,"Construction of Multi - Purpose Building (Covered Court), Sampaguita Pag - asa I, Brgy. Aguado, Trece Martires City, Cavite",nan,nan,nan,nan,nan,nan,nan,nan,nan,0.0,0.0,7,,,,Community & Public Buildings (DPWH)
1565885,2022,18,Department of Public Works and Highways (DPWH),001,Office of the Secretary,300104208150000,"Construction of Multi - Purpose Building (Covered Court), Trece Martires City College, Brgy. Luciano, Trece Martires City, Cavite",nan,nan,nan,nan,nan,nan,nan,nan,nan,0.0,0.0,7,,,,Community & Public Buildings (DPWH)
1565886,2022,18,Department of Public Works and Highways (DPWH),001,Office of the Secretary,300104208151000,"Construction of Multi - Purpose Building (Covered Court), Trece Matires City Senior High School, Brgy. San Agustin, Trece Martires City, Cavite",nan,nan,nan,nan,nan,nan,nan,nan,nan,0.0,0.0,7,,,,School Buildings & Education Infra (DPWH)
1579145,2022,18,Department of Public Works and Highways (DPWH),001,Office of the Secretary,300104221411000,"Construction of Multi - Purpose Building (PCP2 PNP Sub Station Base), Barangay Hugo Perez, Trece Martires City, Cavite",nan,nan,nan,nan,nan,nan,nan,nan,nan,0.0,0.0,7,,,,Community & Public Buildings (DPWH)
1579146,2022,18,Department of Public Works and Highways (DPWH),001,Office of the Secretary,300104221412000,"Construction of Multi - Purpose Building (Trece Martires Memorial Park), Barangay Aguado, Trece Martires City, Cavite",nan,nan,nan,nan,nan,nan,nan,nan,nan,0.0,0.0,7,,,,Community & Public Buildings (DPWH)
1579154,2022,18,Department of Public Works and Highways (DPWH),001,Office of the Secretary,300104221420000,"Construction of Multi - Purpose Building, Barangay Inocencio, Trece Martirez City, Cavite",nan,nan,nan,nan,nan,nan,nan,nan,nan,0.0,0.0,7,,,,Community & Public Buildings (DPWH)
1579158,2022,18,Department of Public Works and Highways (DPWH),001,Office of the Secretary,300104221424000,"Construction of Multi - Purpose Building, Barangay San Agustin, Trece Martires City, Cavite",nan,nan,nan,nan,nan,nan,nan,nan,nan,0.0,0.0,7,,,,Community & Public Buildings (DPWH)
1579163,2022,18,Department of Public Works and Highways (DPWH),001,Office of the Secretary,300104221429000,"Construction of Multi - Purpose Building, City Hall Compound, Barangay San Agustin, Trece Martires City, Cavite",nan,nan,nan,nan,nan,nan,nan,nan,nan,0.0,0.0,7,,,,Community & Public Buildings (DPWH)
1565905,2022,18,Department of Public Works and Highways (DPWH),001,Office of the Secretary,300104208170000,"Construction of Multi - Purpose Hall Luis Aguado National High School, Brgy. Aguado, Trece Martires City, Cavite",nan,nan,nan,nan,nan,nan,nan,nan,nan,0.0,0.0,7,,,,School Buildings & Education Infra (DPWH)
1559705,2022,18,Department of Public Works and Highways (DPWH),001,Office of the Secretary,300104201970000,"Construction of Multipurpose Building, Sampaguita Subdivision, Brgy. Inocencion, Trece Martires City, Cavite",nan,nan,nan,nan,nan,nan,nan,nan,nan,0.0,0.0,7,,,,Community & Public Buildings (DPWH)
1649484,2022,18,Department of Public Works and Highways (DPWH),001,Office of the Secretary,320101102622000,"Construction of Revetment along Ca±as River, Brgy. De Ocampo Section, Phase 2, Trece Martires City, Cavite",nan,nan,nan,nan,nan,nan,nan,nan,nan,0.0,0.0,7,,,,Flood Control & River Mitigation (DPWH)
1650271,2022,18,Department of Public Works and Highways (DPWH),001,Office of the Secretary,320101103409000,"Construction of Revetment along Ca±as River, Brgy. Luciano, Trece Martires City, Cavite",nan,nan,nan,nan,nan,nan,nan,nan,nan,0.0,0.0,7,,,,Flood Control & River Mitigation (DPWH)
1651671,2022,18,Department of Public Works and Highways (DPWH),001,Office of the Secretary,320101104811000,"Construction of Revetment along Ca±as River, Phase II, Brgy. Luciano, Trece Martires City, Cavite",nan,nan,nan,nan,nan,nan,nan,nan,nan,0.0,0.0,7,,,,Flood Control & River Mitigation (DPWH)
1651672,2022,18,Department of Public Works and Highways (DPWH),001,Office of the Secretary,320101104812000,"Construction of Revetment along Ca±as River, Phase III, Brgy. De Ocampo, Trece Martires City, Cavite",nan,nan,nan,nan,nan,nan,nan,nan,nan,0.0,0.0,7,,,,Flood Control & River Mitigation (DPWH)
1648254,2022,18,Department of Public Works and Highways (DPWH),001,Office of the Secretary,320101101392000,"Construction of Revetment along Ilang - Ilang River, Brgy. De Ocampo Section, Trece Martices City, Cavite",nan,nan,nan,nan,nan,nan,nan,nan,nan,0.0,0.0,7,,,,Flood Control & River Mitigation (DPWH)
1572934,2022,18,Department of Public Works and Highways (DPWH),001,Office of the Secretary,300104215200000,"Construction/Completion/Rehabilitation of DPWH Building Phase 2, Trece Martires City, Cavite",nan,nan,nan,nan,nan,nan,nan,nan,nan,0.0,0.0,7,,,,Community & Public Buildings (DPWH)
1579170,2022,18,Department of Public Works and Highways (DPWH),001,Office of the Secretary,300104221436000,"Construction/Rehabilitation of City Hall Building, Trece Martires City, Cavite",nan,nan,nan,nan,nan,nan,nan,nan,nan,0.0,0.0,7,,,,Community & Public Buildings (DPWH)
1640685,2022,18,Department of Public Works and Highways (DPWH),001,Office of the Secretary,310207100062000,"Dasmari±as - Trece Martires City - Naic Rd  -  K0038 + ( - 727.10)  -  K0038 + ( - 329), K0043 + 000  -  K0043 + 740",nan,nan,nan,nan,nan,nan,nan,nan,nan,0.0,0.0,7,,,,Infrastructure (DPWH)
1635097,2022,18,Department of Public Works and Highways (DPWH),001,Office of the Secretary,310201100389000,Dasmari±as - Trece Martires City - Naic Rd  -  K0038 + 737  -  K0039 + 000,nan,nan,nan,nan,nan,nan,nan,nan,nan,0.0,0.0,7,,,,Infrastructure (DPWH)
1625923,2022,18,Department of Public Works and Highways (DPWH),001,Office of the Secretary,310101100072000,"Dasmari±as - Trece Martires City - Naic Rd  -  K0039 + 140  -  K0039 + 547, K0045 +  - 570  -  K0045 + 061",nan,nan,nan,nan,nan,nan,nan,nan,nan,0.0,0.0,7,,,,Infrastructure (DPWH)
1626658,2022,18,Department of Public Works and Highways (DPWH),001,Office of the Secretary,310102100028000,"Dasmari±as - Trece Martires City - Naic Rd  -  K0044 + ( - 376)  -  K0045 + 000 , K0046 + 090  -  K0047 + 000 , K0047 + 600  -  K0051 + 602",nan,nan,nan,nan,nan,nan,nan,nan,nan,0.0,0.0,7,,,,Infrastructure (DPWH)
1636043,2022,18,Department of Public Works and Highways (DPWH),001,Office of the Secretary,310202100274000,Dasmari±as - Trece Martires City - Naic Rd  -  K0047 + 575  -  K0049 + 650,nan,nan,nan,nan,nan,nan,nan,nan,nan,0.0,0.0,7,,,,Infrastructure (DPWH)
1626744,2022,18,Department of Public Works and Highways (DPWH),001,Office of the Secretary,310102100114000,Dasmari±as - Trece Martires City - Naic Rd  -  K0051 + 000  -  K0051 + 602,nan,nan,nan,nan,nan,nan,nan,nan,nan,0.0,0.0,7,,,,Infrastructure (DPWH)
1645469,2022,18,Department of Public Works and Highways (DPWH),001,Office of the Secretary,310305100628000,Langkaan Br. 1 (B03055LZ) along Dasmari±as - Trece Martires City - Naic Rd,nan,nan,nan,nan,nan,nan,nan,nan,nan,0.0,0.0,7,,,,Roads & Bridges (DPWH)
1565906,2022,18,Department of Public Works and Highways (DPWH),001,Office of the Secretary,300104208171000,"Reconstruction of Multi - Purpose Building (Training Center), TESDA, Trece Martires City, Cavite",nan,nan,nan,nan,nan,nan,nan,nan,nan,0.0,0.0,7,,,,Community & Public Buildings (DPWH)
1552518,2022,18,Department of Public Works and Highways (DPWH),001,Office of the Secretary,200000100220000,Regionwide/Nationwide  -  Roads and Bridges  -  Conduct of Feasibility Studies/ Preliminary and Detailed Engineering/ Economic Analysis/ Technical Studies/ Traffic Impact Assessment  -  Region IV - A  -  Manila - Cavite Diversion Road and Sahod - Ulan  -  Tres Cruses  -  Trece Martires City Road,nan,nan,nan,nan,nan,nan,nan,nan,nan,0.0,0.0,7,,,,Roads & Bridges (DPWH)
1591655,2022,18,Department of Public Works and Highways (DPWH),001,Office of the Secretary,300116202230000,"Rehabilitation of Conchu Rd., Trece Station, Phase 1, Sta 0+000  -  Sta, Amadeo, Cavite",nan,nan,nan,nan,nan,nan,nan,nan,nan,0.0,0.0,7,,,,Infrastructure (DPWH)
1591656,2022,18,Department of Public Works and Highways (DPWH),001,Office of the Secretary,300116202231000,"Rehabilitation of Conchu Rd., Trece Station, Phase 2, Sta 2+400  -  Sta 4+800, Amadeo, Cavite",nan,nan,nan,nan,nan,nan,nan,nan,nan,0.0,0.0,7,,,,Infrastructure (DPWH)
1559713,2022,18,Department of Public Works and Highways (DPWH),001,Office of the Secretary,300104201978000,"Rehabilitation of Covered Court, La Paz Subdivision, Brgy. Cabezas, Trece Martires City, Cavite",nan,nan,nan,nan,nan,nan,nan,nan,nan,0.0,0.0,7,,,,Community & Public Buildings (DPWH)
1565910,2022,18,Department of Public Works and Highways (DPWH),001,Office of the Secretary,300104208175000,"Rehabilitation of Multi - Purpose Building (Barangay Hall), Barangay Conchu, Trece Martires City, Cavite",nan,nan,nan,nan,nan,nan,nan,nan,nan,0.0,0.0,7,,,,Community & Public Buildings (DPWH)
1565919,2022,18,Department of Public Works and Highways (DPWH),001,Office of the Secretary,300104208184000,"Rehabilitation of Multi - Purpose Building (Covered Court), Barangay La Ilana, Trece Martires City, Cavite",nan,nan,nan,nan,nan,nan,nan,nan,nan,0.0,0.0,7,,,,Community & Public Buildings (DPWH)
1565923,2022,18,Department of Public Works and Highways (DPWH),001,Office of the Secretary,300104208188000,"Rehabilitation of Multi - Purpose Building (Fences  -  Trece Martines NHS, Hugo Perez, Annex), Barangay Hugo Perez, Trece Martires City, Cavite",nan,nan,nan,nan,nan,nan,nan,nan,nan,0.0,0.0,7,,,,Community & Public Buildings (DPWH)
1572990,2022,18,Department of Public Works and Highways (DPWH),001,Office of the Secretary,300104215256000,"Rehabilitation of Multi - Purpose Building, Governor's Drive, Brgy. San Agustin, Trece Martires City, Cavite",nan,nan,nan,nan,nan,nan,nan,nan,nan,0.0,0.0,7,,,,Community & Public Buildings (DPWH)
1600441,2022,18,Department of Public Works and Highways (DPWH),001,Office of the Secretary,300117206378000,"Rehabilitation of Road, Brgy. Hugo Perez, Trece Martires, Cavite",nan,nan,nan,nan,nan,nan,nan,nan,nan,0.0,0.0,7,,,,Roads & Bridges (DPWH)
1600449,2022,18,Department of Public Works and Highways (DPWH),001,Office of the Secretary,300117206386000,"Rehabilitation of San Agustin - Luciano By - Pass Road, Brgy. San Agustin, Trece Martires City, Cavite",nan,nan,nan,nan,nan,nan,nan,nan,nan,0.0,0.0,7,,,,Roads & Bridges (DPWH)
1553574,2022,18,Department of Public Works and Highways (DPWH),001,Office of the Secretary,300102200270000,"Rehabilitation of School Building (Balcony Grills  -  Luciano ES), Barangay Luciano, Trece Martires City, Cavite",nan,nan,nan,nan,nan,nan,nan,nan,nan,0.0,0.0,7,,,,School Buildings & Education Infra (DPWH)
1600452,2022,18,Department of Public Works and Highways (DPWH),001,Office of the Secretary,300117206389000,"Rehabilitation of Trece - Amadeo Road, Brgy. Conchu, Trece Martires City, Cavite",nan,nan,nan,nan,nan,nan,nan,nan,nan,0.0,0.0,7,,,,Roads & Bridges (DPWH)
1600440,2022,18,Department of Public Works and Highways (DPWH),001,Office of the Secretary,300117206377000,"Rehabilitation of Trece - Amadeo Road, Brgy. Conchu, Trece Martires, Cavite",nan,nan,nan,nan,nan,nan,nan,nan,nan,0.0,0.0,7,,,,Roads & Bridges (DPWH)
1553396,2022,18,Department of Public Works and Highways (DPWH),001,Office of the Secretary,300102200092000,"Renovation/Rehabilitation of San Agustin Elementary School, Trece Martires City, Cavite",nan,nan,nan,nan,nan,nan,nan,nan,nan,0.0,0.0,7,,,,School Buildings & Education Infra (DPWH)
1612353,2022,18,Department of Public Works and Highways (DPWH),001,Office of the Secretary,300211100109000,"Repair/Rehabilitation along Juanito R. Remulla Sr Road (S06090LZ) K0045+061  -  K0045+ 647, K0045+669 - K0046+047, Trece Martires City",nan,nan,nan,nan,nan,nan,nan,nan,nan,0.0,0.0,7,,,,Roads & Bridges (DPWH)
1612356,2022,18,Department of Public Works and Highways (DPWH),001,Office of the Secretary,300211100112000,"Repair/Rehabilitation along Tanza  -  Trece Martires City  -  Indang Road (S06096LZ) K0036+683 - K0037+883, Tanza, Cavite",nan,nan,nan,nan,nan,nan,nan,nan,nan,0.0,0.0,7,,,,Roads & Bridges (DPWH)
1612357,2022,18,Department of Public Works and Highways (DPWH),001,Office of the Secretary,300211100113000,"Repair/Rehabilitation along Tanza  -  Trece Martires City  -  Indang Road (S06097LZ) K0048+ ( - 641)  -  K0049+472, Trece Matrires City",nan,nan,nan,nan,nan,nan,nan,nan,nan,0.0,0.0,7,,,,Roads & Bridges (DPWH)
1597650,2022,18,Department of Public Works and Highways (DPWH),001,Office of the Secretary,300117203586000,"Road Concreting, Brgy. Aguado, Trece Martires City, Cavite",nan,nan,nan,nan,nan,nan,nan,nan,nan,0.0,0.0,7,,,,Roads & Bridges (DPWH)
1591194,2022,18,Department of Public Works and Highways (DPWH),001,Office of the Secretary,300116201769000,"Road Widening/Concreting of Tanza, Trece Martirez City Road, Tanza, Cavite",nan,nan,nan,nan,nan,nan,nan,nan,nan,0.0,0.0,7,,,,Roads & Bridges (DPWH)
1635098,2022,18,Department of Public Works and Highways (DPWH),001,Office of the Secretary,310201100390000,Tanza - Trece Martires City - Indang Rd  -   K0035 + ( - 171)  -  K0035 + 675,nan,nan,nan,nan,nan,nan,nan,nan,nan,0.0,0.0,7,,,,Infrastructure (DPWH)
1625886,2022,18,Department of Public Works and Highways (DPWH),001,Office of the Secretary,310101100035000,"Tanza - Trece Martires City - Indang Rd  -  K0035 +  -  302  -  K0035 + 087, K0042 + 898  -  K0045 + 000, K0045 + 594  -  K0047 + 148",nan,nan,nan,nan,nan,nan,nan,nan,nan,0.0,0.0,7,,,,Infrastructure (DPWH)
1635263,2022,18,Department of Public Works and Highways (DPWH),001,Office of the Secretary,310201100556000,Tanza - Trece Martires City - Indang Rd  -  K0035 + 640  -  K0036 + 197,nan,nan,nan,nan,nan,nan,nan,nan,nan,0.0,0.0,7,,,,Infrastructure (DPWH)
1634922,2022,18,Department of Public Works and Highways (DPWH),001,Office of the Secretary,310201100214000,"Tanza - Trece Martires City - Indang Rd  -  K0036 + 145  -  K0039 + 691, K0039 + 700  -  K0040 + 416",nan,nan,nan,nan,nan,nan,nan,nan,nan,0.0,0.0,7,,,,Infrastructure (DPWH)
1635462,2022,18,Department of Public Works and Highways (DPWH),001,Office of the Secretary,310201100755000,Tanza - Trece Martires City - Indang Rd  -  K0036 + 197  -  K0037 + 251,nan,nan,nan,nan,nan,nan,nan,nan,nan,0.0,0.0,7,,,,Infrastructure (DPWH)
1626305,2022,18,Department of Public Works and Highways (DPWH),001,Office of the Secretary,310101100454000,Tanza - Trece Martires City - Indang Rd  -  K0045 + 000  -  K0045 + 223,nan,nan,nan,nan,nan,nan,nan,nan,nan,0.0,0.0,7,,,,Infrastructure (DPWH)
1634087,2022,18,Department of Public Works and Highways (DPWH),001,Office of the Secretary,310111100191000,Tanza - Trece Martires City - Indang Rd  -  K0048 + ( - 398)  -  K0049 + 472,nan,nan,nan,nan,nan,nan,nan,nan,nan,0.0,0.0,7,,,,Infrastructure (DPWH)
1634923,2022,18,Department of Public Works and Highways (DPWH),001,Office of the Secretary,310201100215000,Tanza - Trece Martires City - Indang Rd  -  K0049 + 472  -  K0051 + 622,nan,nan,nan,nan,nan,nan,nan,nan,nan,0.0,0.0,7,,,,Infrastructure (DPWH)
1640936,2022,18,Department of Public Works and Highways (DPWH),001,Office of the Secretary,310208100079000,Tanza - Trece Martires City - Indang Rd  -  K0052 + ( - 280)  -  K0052 + 148,nan,nan,nan,nan,nan,nan,nan,nan,nan,0.0,0.0,7,,,,Infrastructure (DPWH)
1635965,2022,18,Department of Public Works and Highways (DPWH),001,Office of the Secretary,310202100196000,Tanza - Trece Martires City - Indang Rd  -  K0057 + 560  -  K0059 + 137,nan,nan,nan,nan,nan,nan,nan,nan,nan,0.0,0.0,7,,,,Infrastructure (DPWH)
1626985,2022,18,Department of Public Works and Highways (DPWH),001,Office of the Secretary,310102100355000,Trece Martirez St  -  (S00010LT)  -  Chainage 118  -  Chainage 533,nan,nan,nan,nan,nan,nan,nan,nan,nan,0.0,0.0,7,,,,Infrastructure (DPWH)
1452324,2022,08,State Universities and Colleges (SUCs),039,Cavite State University,100000200007000,Construction of 5-Storey Academic Building (Trece Martires City Campus),nan,nan,nan,nan,nan,nan,nan,nan,nan,0.0,0.0,7,,,,Higher Education (SUCs / CvSU)
1847350,2023,07,Department of Education (DepEd),001,Office of the Secretary,310400100003000,Operation of Schools - Junior High School (Grade 7 to Grade 10),0904177,Eugenio Cabezas National High School,04,01101101,Specific Budgets of National Government Agencies,1,Personnel Services,5010101001,Basic Salary - Civilian,4643.0,4643000.0,7,1,,,Basic Education (DepEd)
1847371,2023,07,Department of Education (DepEd),001,Office of the Secretary,310400100003000,Operation of Schools - Junior High School (Grade 7 to Grade 10),0904177,Eugenio Cabezas National High School,04,01104102,Retirement and Life Insurance Premiums,1,Personnel Services,5010301000,Retirement and Life Insurance Premiums,557.0,557000.0,7,1,,,Basic Education (DepEd)
1847364,2023,07,Department of Education (DepEd),001,Office of the Secretary,310400100003000,Operation of Schools - Junior High School (Grade 7 to Grade 10),0904177,Eugenio Cabezas National High School,04,01101101,Specific Budgets of National Government Agencies,2,Maintenance and Other Operating Expenses,5020399000,Other Supplies and Materials Expenses,422.0,422000.0,7,1,,,Basic Education (DepEd)
1847353,2023,07,Department of Education (DepEd),001,Office of the Secretary,310400100003000,Operation of Schools - Junior High School (Grade 7 to Grade 10),0904177,Eugenio Cabezas National High School,04,01101101,Specific Budgets of National Government Agencies,1,Personnel Services,5010214001,Bonus - Civilian,387.0,387000.0,7,1,,,Basic Education (DepEd)
1847355,2023,07,Department of Education (DepEd),001,Office of the Secretary,310400100003000,Operation of Schools - Junior High School (Grade 7 to Grade 10),0904177,Eugenio Cabezas National High School,04,01101101,Specific Budgets of National Government Agencies,1,Personnel Services,5010216001,Mid-Year Bonus - Civilian,387.0,387000.0,7,1,,,Basic Education (DepEd)
1847351,2023,07,Department of Education (DepEd),001,Office of the Secretary,310400100003000,Operation of Schools - Junior High School (Grade 7 to Grade 10),0904177,Eugenio Cabezas National High School,04,01101101,Specific Budgets of National Government Agencies,1,Personnel Services,5010201001,PERA - Civilian,336.0,336000.0,7,1,,,Basic Education (DepEd)
1847362,2023,07,Department of Education (DepEd),001,Office of the Secretary,310400100003000,Operation of Schools - Junior High School (Grade 7 to Grade 10),0904177,Eugenio Cabezas National High School,04,01101101,Specific Budgets of National Government Agencies,2,Maintenance and Other Operating Expenses,5020301002,Office Supplies Expenses,296.0,296000.0,7,1,,,Basic Education (DepEd)
1847370,2023,07,Department of Education (DepEd),001,Office of the Secretary,310400100003000,Operation of Schools - Junior High School (Grade 7 to Grade 10),0904177,Eugenio Cabezas National High School,04,01101101,Specific Budgets of National Government Agencies,2,Maintenance and Other Operating Expenses,5029902000,Printing and Publication Expenses,237.0,237000.0,7,1,,,Basic Education (DepEd)
1847358,2023,07,Department of Education (DepEd),001,Office of the Secretary,310400100003000,Operation of Schools - Junior High School (Grade 7 to Grade 10),0904177,Eugenio Cabezas National High School,04,01101101,Specific Budgets of National Government Agencies,1,Personnel Services,5010303001,PhilHealth - Civilian,104.0,104000.0,7,1,,,Basic Education (DepEd)
1847366,2023,07,Department of Education (DepEd),001,Office of the Secretary,310400100003000,Operation of Schools - Junior High School (Grade 7 to Grade 10),0904177,Eugenio Cabezas National High School,04,01101101,Specific Budgets of National Government Agencies,2,Maintenance and Other Operating Expenses,5020402000,Electricity Expenses,97.0,97000.0,7,1,,,Basic Education (DepEd)
1847368,2023,07,Department of Education (DepEd),001,Office of the Secretary,310400100003000,Operation of Schools - Junior High School (Grade 7 to Grade 10),0904177,Eugenio Cabezas National High School,04,01101101,Specific Budgets of National Government Agencies,2,Maintenance and Other Operating Expenses,5021304002,School Buildings,95.0,95000.0,7,1,,,Basic Education (DepEd)
1847352,2023,07,Department of Education (DepEd),001,Office of the Secretary,310400100003000,Operation of Schools - Junior High School (Grade 7 to Grade 10),0904177,Eugenio Cabezas National High School,04,01101101,Specific Budgets of National Government Agencies,1,Personnel Services,5010204001,Clothing/Uniform Allowance - Civilian,84.0,84000.0,7,1,,,Basic Education (DepEd)
1847363,2023,07,Department of Education (DepEd),001,Office of the Secretary,310400100003000,Operation of Schools - Junior High School (Grade 7 to Grade 10),0904177,Eugenio Cabezas National High School,04,01101101,Specific Budgets of National Government Agencies,2,Maintenance and Other Operating Expenses,5020321002,Office Equipment,81.0,81000.0,7,1,,,Basic Education (DepEd)
1847354,2023,07,Department of Education (DepEd),001,Office of the Secretary,310400100003000,Operation of Schools - Junior High School (Grade 7 to Grade 10),0904177,Eugenio Cabezas National High School,04,01101101,Specific Budgets of National Government Agencies,1,Personnel Services,5010215001,Cash Gift - Civilian ,70.0,70000.0,7,1,,,Basic Education (DepEd)
1847356,2023,07,Department of Education (DepEd),001,Office of the Secretary,310400100003000,Operation of Schools - Junior High School (Grade 7 to Grade 10),0904177,Eugenio Cabezas National High School,04,01101101,Specific Budgets of National Government Agencies,1,Personnel Services,5010299012,Productivity Enhancement Incentive - Civilian ,70.0,70000.0,7,1,,,Basic Education (DepEd)
1847367,2023,07,Department of Education (DepEd),001,Office of the Secretary,310400100003000,Operation of Schools - Junior High School (Grade 7 to Grade 10),0904177,Eugenio Cabezas National High School,04,01101101,Specific Budgets of National Government Agencies,2,Maintenance and Other Operating Expenses,5020503000,Internet Subscription Expenses,29.0,29000.0,7,1,,,Basic Education (DepEd)
1847365,2023,07,Department of Education (DepEd),001,Office of the Secretary,310400100003000,Operation of Schools - Junior High School (Grade 7 to Grade 10),0904177,Eugenio Cabezas National High School,04,01101101,Specific Budgets of National Government Agencies,2,Maintenance and Other Operating Expenses,5020401000,Water Expenses,22.0,22000.0,7,1,,,Basic Education (DepEd)
1847359,2023,07,Department of Education (DepEd),001,Office of the Secretary,310400100003000,Operation of Schools - Junior High School (Grade 7 to Grade 10),0904177,Eugenio Cabezas National High School,04,01101101,Specific Budgets of National Government Agencies,1,Personnel Services,5010304001,ECIP - Civilian,17.0,17000.0,7,1,,,Basic Education (DepEd)
1847357,2023,07,Department of Education (DepEd),001,Office of the Secretary,310400100003000,Operation of Schools - Junior High School (Grade 7 to Grade 10),0904177,Eugenio Cabezas National High School,04,01101101,Specific Budgets of National Government Agencies,1,Personnel Services,5010302001,Pag-IBIG - Civilian,17.0,17000.0,7,1,,,Basic Education (DepEd)
1847360,2023,07,Department of Education (DepEd),001,Office of the Secretary,310400100003000,Operation of Schools - Junior High School (Grade 7 to Grade 10),0904177,Eugenio Cabezas National High School,04,01101101,Specific Budgets of National Government Agencies,1,Personnel Services,5010499010,Lump-sum for Step Increments - Length of Service,12.0,12000.0,7,1,,,Basic Education (DepEd)
1847361,2023,07,Department of Education (DepEd),001,Office of the Secretary,310400100003000,Operation of Schools - Junior High School (Grade 7 to Grade 10),0904177,Eugenio Cabezas National High School,04,01101101,Specific Budgets of National Government Agencies,2,Maintenance and Other Operating Expenses,5020201002,Training Expenses,10.0,10000.0,7,1,,,Basic Education (DepEd)
1847369,2023,07,Department of Education (DepEd),001,Office of the Secretary,310400100003000,Operation of Schools - Junior High School (Grade 7 to Grade 10),0904177,Eugenio Cabezas National High School,04,01101101,Specific Budgets of National Government Agencies,2,Maintenance and Other Operating Expenses,5021502000,Fidelity Bond Premiums,2.0,2000.0,7,1,,,Basic Education (DepEd)
1846003,2023,07,Department of Education (DepEd),001,Office of the Secretary,310400100003000,Operation of Schools - Junior High School (Grade 7 to Grade 10),0904131,Francisco Osorio Integrated Senior High School,04,01101101,Specific Budgets of National Government Agencies,1,Personnel Services,5010101001,Basic Salary - Civilian,15366.0,15366000.0,7,1,,,Basic Education (DepEd)
1846026,2023,07,Department of Education (DepEd),001,Office of the Secretary,310400100003000,Operation of Schools - Junior High School (Grade 7 to Grade 10),0904131,Francisco Osorio Integrated Senior High School,04,01104102,Retirement and Life Insurance Premiums,1,Personnel Services,5010301000,Retirement and Life Insurance Premiums,1844.0,1844000.0,7,1,,,Basic Education (DepEd)
1846008,2023,07,Department of Education (DepEd),001,Office of the Secretary,310400100003000,Operation of Schools - Junior High School (Grade 7 to Grade 10),0904131,Francisco Osorio Integrated Senior High School,04,01101101,Specific Budgets of National Government Agencies,1,Personnel Services,5010214001,Bonus - Civilian,1280.0,1280000.0,7,1,,,Basic Education (DepEd)
1846010,2023,07,Department of Education (DepEd),001,Office of the Secretary,310400100003000,Operation of Schools - Junior High School (Grade 7 to Grade 10),0904131,Francisco Osorio Integrated Senior High School,04,01101101,Specific Budgets of National Government Agencies,1,Personnel Services,5010216001,Mid-Year Bonus - Civilian,1280.0,1280000.0,7,1,,,Basic Education (DepEd)
1846005,2023,07,Department of Education (DepEd),001,Office of the Secretary,310400100003000,Operation of Schools - Junior High School (Grade 7 to Grade 10),0904131,Francisco Osorio Integrated Senior High School,04,01101101,Specific Budgets of National Government Agencies,1,Personnel Services,5010201001,PERA - Civilian,1032.0,1032000.0,7,1,,,Basic Education (DepEd)
1846024,2023,07,Department of Education (DepEd),001,Office of the Secretary,310400100003000,Operation of Schools - Junior High School (Grade 7 to Grade 10),0904131,Francisco Osorio Integrated Senior High School,04,01101101,Specific Budgets of National Government Agencies,2,Maintenance and Other Operating Expenses,5021304002,School Buildings,545.0,545000.0,7,1,,,Basic Education (DepEd)
1846022,2023,07,Department of Education (DepEd),001,Office of the Secretary,310400100003000,Operation of Schools - Junior High School (Grade 7 to Grade 10),0904131,Francisco Osorio Integrated Senior High School,04,01101101,Specific Budgets of National Government Agencies,2,Maintenance and Other Operating Expenses,5020402000,Electricity Expenses,412.0,412000.0,7,1,,,Basic Education (DepEd)
1846013,2023,07,Department of Education (DepEd),001,Office of the Secretary,310400100003000,Operation of Schools - Junior High School (Grade 7 to Grade 10),0904131,Francisco Osorio Integrated Senior High School,04,01101101,Specific Budgets of National Government Agencies,1,Personnel Services,5010303001,PhilHealth - Civilian,346.0,346000.0,7,1,,,Basic Education (DepEd)
1846004,2023,07,Department of Education (DepEd),001,Office of the Secretary,310400100003000,Operation of Schools - Junior High School (Grade 7 to Grade 10),0904131,Francisco Osorio Integrated Senior High School,04,01101101,Specific Budgets of National Government Agencies,1,Personnel Services,5010103000,Salaries and Wages - Substitute Teachers,322.0,322000.0,7,1,,,Basic Education (DepEd)
1846006,2023,07,Department of Education (DepEd),001,Office of the Secretary,310400100003000,Operation of Schools - Junior High School (Grade 7 to Grade 10),0904131,Francisco Osorio Integrated Senior High School,04,01101101,Specific Budgets of National Government Agencies,1,Personnel Services,5010204001,Clothing/Uniform Allowance - Civilian,258.0,258000.0,7,1,,,Basic Education (DepEd)
1846011,2023,07,Department of Education (DepEd),001,Office of the Secretary,310400100003000,Operation of Schools - Junior High School (Grade 7 to Grade 10),0904131,Francisco Osorio Integrated Senior High School,04,01101101,Specific Budgets of National Government Agencies,1,Personnel Services,5010299012,Productivity Enhancement Incentive - Civilian ,215.0,215000.0,7,1,,,Basic Education (DepEd)
1846009,2023,07,Department of Education (DepEd),001,Office of the Secretary,310400100003000,Operation of Schools - Junior High School (Grade 7 to Grade 10),0904131,Francisco Osorio Integrated Senior High School,04,01101101,Specific Budgets of National Government Agencies,1,Personnel Services,5010215001,Cash Gift - Civilian ,215.0,215000.0,7,1,,,Basic Education (DepEd)
1846018,2023,07,Department of Education (DepEd),001,Office of the Secretary,310400100003000,Operation of Schools - Junior High School (Grade 7 to Grade 10),0904131,Francisco Osorio Integrated Senior High School,04,01101101,Specific Budgets of National Government Agencies,2,Maintenance and Other Operating Expenses,5020301002,Office Supplies Expenses,177.0,177000.0,7,1,,,Basic Education (DepEd)
1846016,2023,07,Department of Education (DepEd),001,Office of the Secretary,310400100003000,Operation of Schools - Junior High School (Grade 7 to Grade 10),0904131,Francisco Osorio Integrated Senior High School,04,01101101,Specific Budgets of National Government Agencies,2,Maintenance and Other Operating Expenses,5020101000,Traveling Expenses - Local,137.0,137000.0,7,1,,,Basic Education (DepEd)
1846021,2023,07,Department of Education (DepEd),001,Office of the Secretary,310400100003000,Operation of Schools - Junior High School (Grade 7 to Grade 10),0904131,Francisco Osorio Integrated Senior High School,04,01101101,Specific Budgets of National Government Agencies,2,Maintenance and Other Operating Expenses,5020401000,Water Expenses,115.0,115000.0,7,1,,,Basic Education (DepEd)
1846017,2023,07,Department of Education (DepEd),001,Office of the Secretary,310400100003000,Operation of Schools - Junior High School (Grade 7 to Grade 10),0904131,Francisco Osorio Integrated Senior High School,04,01101101,Specific Budgets of National Government Agencies,2,Maintenance and Other Operating Expenses,5020201002,Training Expenses,115.0,115000.0,7,1,,,Basic Education (DepEd)
1846012,2023,07,Department of Education (DepEd),001,Office of the Secretary,310400100003000,Operation of Schools - Junior High School (Grade 7 to Grade 10),0904131,Francisco Osorio Integrated Senior High School,04,01101101,Specific Budgets of National Government Agencies,1,Personnel Services,5010302001,Pag-IBIG - Civilian,52.0,52000.0,7,1,,,Basic Education (DepEd)
1846014,2023,07,Department of Education (DepEd),001,Office of the Secretary,310400100003000,Operation of Schools - Junior High School (Grade 7 to Grade 10),0904131,Francisco Osorio Integrated Senior High School,04,01101101,Specific Budgets of National Government Agencies,1,Personnel Services,5010304001,ECIP - Civilian,52.0,52000.0,7,1,,,Basic Education (DepEd)
1846015,2023,07,Department of Education (DepEd),001,Office of the Secretary,310400100003000,Operation of Schools - Junior High School (Grade 7 to Grade 10),0904131,Francisco Osorio Integrated Senior High School,04,01101101,Specific Budgets of National Government Agencies,1,Personnel Services,5010499010,Lump-sum for Step Increments - Length of Service,38.0,38000.0,7,1,,,Basic Education (DepEd)
1846023,2023,07,Department of Education (DepEd),001,Office of the Secretary,310400100003000,Operation of Schools - Junior High School (Grade 7 to Grade 10),0904131,Francisco Osorio Integrated Senior High School,04,01101101,Specific Budgets of National Government Agencies,2,Maintenance and Other Operating Expenses,5020502001,Mobile,34.0,34000.0,7,1,,,Basic Education (DepEd)
1846007,2023,07,Department of Education (DepEd),001,Office of the Secretary,310400100003000,Operation of Schools - Junior High School (Grade 7 to Grade 10),0904131,Francisco Osorio Integrated Senior High School,04,01101101,Specific Budgets of National Government Agencies,1,Personnel Services,5010210001,Honoraria - Civilian,18.0,18000.0,7,1,,,Basic Education (DepEd)
1846025,2023,07,Department of Education (DepEd),001,Office of the Secretary,310400100003000,Operation of Schools - Junior High School (Grade 7 to Grade 10),0904131,Francisco Osorio Integrated Senior High School,04,01101101,Specific Budgets of National Government Agencies,2,Maintenance and Other Operating Expenses,5021502000,Fidelity Bond Premiums,8.0,8000.0,7,1,,,Basic Education (DepEd)
1846019,2023,07,Department of Education (DepEd),001,Office of the Secretary,310400100003000,Operation of Schools - Junior High School (Grade 7 to Grade 10),0904131,Francisco Osorio Integrated Senior High School,04,01101101,Specific Budgets of National Government Agencies,2,Maintenance and Other Operating Expenses,5020302000,Accountable Forms Expenses,2.0,2000.0,7,1,,,Basic Education (DepEd)
1846020,2023,07,Department of Education (DepEd),001,Office of the Secretary,310400100003000,Operation of Schools - Junior High School (Grade 7 to Grade 10),0904131,Francisco Osorio Integrated Senior High School,04,01101101,Specific Budgets of National Government Agencies,2,Maintenance and Other Operating Expenses,5020399000,Other Supplies and Materials Expenses,0.0,0.0,7,1,,,Basic Education (DepEd)
2034226,2023,07,Department of Education (DepEd),001,Office of the Secretary,310400100004000,Operation of Schools - Senior High School (Grade 11 to Grade 12),0904131,Francisco Osorio Integrated Senior High School,04,01101101,Specific Budgets of National Government Agencies,2,Maintenance and Other Operating Expenses,5020301002,Office Supplies Expenses,150.0,150000.0,7,1,,,Basic Education (DepEd)
2034227,2023,07,Department of Education (DepEd),001,Office of the Secretary,310400100004000,Operation of Schools - Senior High School (Grade 11 to Grade 12),0904131,Francisco Osorio Integrated Senior High School,04,01101101,Specific Budgets of National Government Agencies,2,Maintenance and Other Operating Expenses,5020399000,Other Supplies and Materials Expenses,125.0,125000.0,7,1,,,Basic Education (DepEd)
2034225,2023,07,Department of Education (DepEd),001,Office of the Secretary,310400100004000,Operation of Schools - Senior High School (Grade 11 to Grade 12),0904131,Francisco Osorio Integrated Senior High School,04,01101101,Specific Budgets of National Government Agencies,2,Maintenance and Other Operating Expenses,5020101000,Traveling Expenses - Local,75.0,75000.0,7,1,,,Basic Education (DepEd)
2034229,2023,07,Department of Education (DepEd),001,Office of the Secretary,310400100004000,Operation of Schools - Senior High School (Grade 11 to Grade 12),0904131,Francisco Osorio Integrated Senior High School,04,01101101,Specific Budgets of National Government Agencies,2,Maintenance and Other Operating Expenses,5020402000,Electricity Expenses,45.0,45000.0,7,1,,,Basic Education (DepEd)
2034228,2023,07,Department of Education (DepEd),001,Office of the Secretary,310400100004000,Operation of Schools - Senior High School (Grade 11 to Grade 12),0904131,Francisco Osorio Integrated Senior High School,04,01101101,Specific Budgets of National Government Agencies,2,Maintenance and Other Operating Expenses,5020401000,Water Expenses,29.0,29000.0,7,1,,,Basic Education (DepEd)
1846491,2023,07,Department of Education (DepEd),001,Office of the Secretary,310400100003000,Operation of Schools - Junior High School (Grade 7 to Grade 10),0904148,Luis Aguado National High School,04,01101101,Specific Budgets of National Government Agencies,1,Personnel Services,5010101001,Basic Salary - Civilian,32933.0,32933000.0,7,1,,,Basic Education (DepEd)
1846521,2023,07,Department of Education (DepEd),001,Office of the Secretary,310400100003000,Operation of Schools - Junior High School (Grade 7 to Grade 10),0904148,Luis Aguado National High School,04,01104102,Retirement and Life Insurance Premiums,1,Personnel Services,5010301000,Retirement and Life Insurance Premiums,3952.0,3952000.0,7,1,,,Basic Education (DepEd)
1846498,2023,07,Department of Education (DepEd),001,Office of the Secretary,310400100003000,Operation of Schools - Junior High School (Grade 7 to Grade 10),0904148,Luis Aguado National High School,04,01101101,Specific Budgets of National Government Agencies,1,Personnel Services,5010216001,Mid-Year Bonus - Civilian,2744.0,2744000.0,7,1,,,Basic Education (DepEd)
1846496,2023,07,Department of Education (DepEd),001,Office of the Secretary,310400100003000,Operation of Schools - Junior High School (Grade 7 to Grade 10),0904148,Luis Aguado National High School,04,01101101,Specific Budgets of National Government Agencies,1,Personnel Services,5010214001,Bonus - Civilian,2744.0,2744000.0,7,1,,,Basic Education (DepEd)
1846493,2023,07,Department of Education (DepEd),001,Office of the Secretary,310400100003000,Operation of Schools - Junior High School (Grade 7 to Grade 10),0904148,Luis Aguado National High School,04,01101101,Specific Budgets of National Government Agencies,1,Personnel Services,5010201001,PERA - Civilian,2232.0,2232000.0,7,1,,,Basic Education (DepEd)
1846501,2023,07,Department of Education (DepEd),001,Office of the Secretary,310400100003000,Operation of Schools - Junior High School (Grade 7 to Grade 10),0904148,Luis Aguado National High School,04,01101101,Specific Budgets of National Government Agencies,1,Personnel Services,5010303001,PhilHealth - Civilian,741.0,741000.0,7,1,,,Basic Education (DepEd)
1846492,2023,07,Department of Education (DepEd),001,Office of the Secretary,310400100003000,Operation of Schools - Junior High School (Grade 7 to Grade 10),0904148,Luis Aguado National High School,04,01101101,Specific Budgets of National Government Agencies,1,Personnel Services,5010103000,Salaries and Wages - Substitute Teachers,644.0,644000.0,7,1,,,Basic Education (DepEd)
1846494,2023,07,Department of Education (DepEd),001,Office of the Secretary,310400100003000,Operation of Schools - Junior High School (Grade 7 to Grade 10),0904148,Luis Aguado National High School,04,01101101,Specific Budgets of National Government Agencies,1,Personnel Services,5010204001,Clothing/Uniform Allowance - Civilian,558.0,558000.0,7,1,,,Basic Education (DepEd)
1846517,2023,07,Department of Education (DepEd),001,Office of the Secretary,310400100003000,Operation of Schools - Junior High School (Grade 7 to Grade 10),0904148,Luis Aguado National High School,04,01101101,Specific Budgets of National Government Agencies,2,Maintenance and Other Operating Expenses,5021304002,School Buildings,535.0,535000.0,7,1,,,Basic Education (DepEd)
1846512,2023,07,Department of Education (DepEd),001,Office of the Secretary,310400100003000,Operation of Schools - Junior High School (Grade 7 to Grade 10),0904148,Luis Aguado National High School,04,01101101,Specific Budgets of National Government Agencies,2,Maintenance and Other Operating Expenses,5020402000,Electricity Expenses,489.0,489000.0,7,1,,,Basic Education (DepEd)
1846506,2023,07,Department of Education (DepEd),001,Office of the Secretary,310400100003000,Operation of Schools - Junior High School (Grade 7 to Grade 10),0904148,Luis Aguado National High School,04,01101101,Specific Budgets of National Government Agencies,2,Maintenance and Other Operating Expenses,5020301002,Office Supplies Expenses,482.0,482000.0,7,1,,,Basic Education (DepEd)
1846497,2023,07,Department of Education (DepEd),001,Office of the Secretary,310400100003000,Operation of Schools - Junior High School (Grade 7 to Grade 10),0904148,Luis Aguado National High School,04,01101101,Specific Budgets of National Government Agencies,1,Personnel Services,5010215001,Cash Gift - Civilian ,465.0,465000.0,7,1,,,Basic Education (DepEd)
1846499,2023,07,Department of Education (DepEd),001,Office of the Secretary,310400100003000,Operation of Schools - Junior High School (Grade 7 to Grade 10),0904148,Luis Aguado National High School,04,01101101,Specific Budgets of National Government Agencies,1,Personnel Services,5010299012,Productivity Enhancement Incentive - Civilian ,465.0,465000.0,7,1,,,Basic Education (DepEd)
1846516,2023,07,Department of Education (DepEd),001,Office of the Secretary,310400100003000,Operation of Schools - Junior High School (Grade 7 to Grade 10),0904148,Luis Aguado National High School,04,01101101,Specific Budgets of National Government Agencies,2,Maintenance and Other Operating Expenses,5021202000,Janitorial Services,310.0,310000.0,7,1,,,Basic Education (DepEd)
1846505,2023,07,Department of Education (DepEd),001,Office of the Secretary,310400100003000,Operation of Schools - Junior High School (Grade 7 to Grade 10),0904148,Luis Aguado National High School,04,01101101,Specific Budgets of National Government Agencies,2,Maintenance and Other Operating Expenses,5020201002,Training Expenses,268.0,268000.0,7,1,,,Basic Education (DepEd)
1846510,2023,07,Department of Education (DepEd),001,Office of the Secretary,310400100003000,Operation of Schools - Junior High School (Grade 7 to Grade 10),0904148,Luis Aguado National High School,04,01101101,Specific Budgets of National Government Agencies,2,Maintenance and Other Operating Expenses,5020399000,Other Supplies and Materials Expenses,157.0,157000.0,7,1,,,Basic Education (DepEd)
1846500,2023,07,Department of Education (DepEd),001,Office of the Secretary,310400100003000,Operation of Schools - Junior High School (Grade 7 to Grade 10),0904148,Luis Aguado National High School,04,01101101,Specific Budgets of National Government Agencies,1,Personnel Services,5010302001,Pag-IBIG - Civilian,112.0,112000.0,7,1,,,Basic Education (DepEd)
1846502,2023,07,Department of Education (DepEd),001,Office of the Secretary,310400100003000,Operation of Schools - Junior High School (Grade 7 to Grade 10),0904148,Luis Aguado National High School,04,01101101,Specific Budgets of National Government Agencies,1,Personnel Services,5010304001,ECIP - Civilian,112.0,112000.0,7,1,,,Basic Education (DepEd)
1846511,2023,07,Department of Education (DepEd),001,Office of the Secretary,310400100003000,Operation of Schools - Junior High School (Grade 7 to Grade 10),0904148,Luis Aguado National High School,04,01101101,Specific Budgets of National Government Agencies,2,Maintenance and Other Operating Expenses,5020401000,Water Expenses,86.0,86000.0,7,1,,,Basic Education (DepEd)
1846509,2023,07,Department of Education (DepEd),001,Office of the Secretary,310400100003000,Operation of Schools - Junior High School (Grade 7 to Grade 10),0904148,Luis Aguado National High School,04,01101101,Specific Budgets of National Government Agencies,2,Maintenance and Other Operating Expenses,5020322001,Furniture and Fixtures,86.0,86000.0,7,1,,,Basic Education (DepEd)
1846504,2023,07,Department of Education (DepEd),001,Office of the Secretary,310400100003000,Operation of Schools - Junior High School (Grade 7 to Grade 10),0904148,Luis Aguado National High School,04,01101101,Specific Budgets of National Government Agencies,2,Maintenance and Other Operating Expenses,5020101000,Traveling Expenses - Local,86.0,86000.0,7,1,,,Basic Education (DepEd)
1846503,2023,07,Department of Education (DepEd),001,Office of the Secretary,310400100003000,Operation of Schools - Junior High School (Grade 7 to Grade 10),0904148,Luis Aguado National High School,04,01101101,Specific Budgets of National Government Agencies,1,Personnel Services,5010499010,Lump-sum for Step Increments - Length of Service,82.0,82000.0,7,1,,,Basic Education (DepEd)
1846515,2023,07,Department of Education (DepEd),001,Office of the Secretary,310400100003000,Operation of Schools - Junior High School (Grade 7 to Grade 10),0904148,Luis Aguado National High School,04,01101101,Specific Budgets of National Government Agencies,2,Maintenance and Other Operating Expenses,5020503000,Internet Subscription Expenses,75.0,75000.0,7,1,,,Basic Education (DepEd)
1846514,2023,07,Department of Education (DepEd),001,Office of the Secretary,310400100003000,Operation of Schools - Junior High School (Grade 7 to Grade 10),0904148,Luis Aguado National High School,04,01101101,Specific Budgets of National Government Agencies,2,Maintenance and Other Operating Expenses,5020502002,Landline,54.0,54000.0,7,1,,,Basic Education (DepEd)
1846508,2023,07,Department of Education (DepEd),001,Office of the Secretary,310400100003000,Operation of Schools - Junior High School (Grade 7 to Grade 10),0904148,Luis Aguado National High School,04,01101101,Specific Budgets of National Government Agencies,2,Maintenance and Other Operating Expenses,5020321003,Information and Communications Technology Equipment,54.0,54000.0,7,1,,,Basic Education (DepEd)
1846495,2023,07,Department of Education (DepEd),001,Office of the Secretary,310400100003000,Operation of Schools - Junior High School (Grade 7 to Grade 10),0904148,Luis Aguado National High School,04,01101101,Specific Budgets of National Government Agencies,1,Personnel Services,5010210001,Honoraria - Civilian,39.0,39000.0,7,1,,,Basic Education (DepEd)
1846519,2023,07,Department of Education (DepEd),001,Office of the Secretary,310400100003000,Operation of Schools - Junior High School (Grade 7 to Grade 10),0904148,Luis Aguado National High School,04,01101101,Specific Budgets of National Government Agencies,2,Maintenance and Other Operating Expenses,5021321003,Information and Communications Technology Equipment,27.0,27000.0,7,1,,,Basic Education (DepEd)
1846518,2023,07,Department of Education (DepEd),001,Office of the Secretary,310400100003000,Operation of Schools - Junior High School (Grade 7 to Grade 10),0904148,Luis Aguado National High School,04,01101101,Specific Budgets of National Government Agencies,2,Maintenance and Other Operating Expenses,5021321002,Office Equipment,27.0,27000.0,7,1,,,Basic Education (DepEd)
1846520,2023,07,Department of Education (DepEd),001,Office of the Secretary,310400100003000,Operation of Schools - Junior High School (Grade 7 to Grade 10),0904148,Luis Aguado National High School,04,01101101,Specific Budgets of National Government Agencies,2,Maintenance and Other Operating Expenses,5021502000,Fidelity Bond Premiums,7.0,7000.0,7,1,,,Basic Education (DepEd)
1846513,2023,07,Department of Education (DepEd),001,Office of the Secretary,310400100003000,Operation of Schools - Junior High School (Grade 7 to Grade 10),0904148,Luis Aguado National High School,04,01101101,Specific Budgets of National Government Agencies,2,Maintenance and Other Operating Expenses,5020502001,Mobile,5.0,5000.0,7,1,,,Basic Education (DepEd)
1846507,2023,07,Department of Education (DepEd),001,Office of the Secretary,310400100003000,Operation of Schools - Junior High School (Grade 7 to Grade 10),0904148,Luis Aguado National High School,04,01101101,Specific Budgets of National Government Agencies,2,Maintenance and Other Operating Expenses,5020302000,Accountable Forms Expenses,3.0,3000.0,7,1,,,Basic Education (DepEd)
2039061,2023,07,Department of Education (DepEd),001,Office of the Secretary,310400100004000,Operation of Schools - Senior High School (Grade 11 to Grade 12),0904798,Trece Martires City Senior High School,04,01101101,Specific Budgets of National Government Agencies,2,Maintenance and Other Operating Expenses,5020399000,Other Supplies and Materials Expenses,1025.0,1025000.0,7,1,,,Basic Education (DepEd)
2039060,2023,07,Department of Education (DepEd),001,Office of the Secretary,310400100004000,Operation of Schools - Senior High School (Grade 11 to Grade 12),0904798,Trece Martires City Senior High School,04,01101101,Specific Budgets of National Government Agencies,2,Maintenance and Other Operating Expenses,5020301002,Office Supplies Expenses,579.0,579000.0,7,1,,,Basic Education (DepEd)
2039064,2023,07,Department of Education (DepEd),001,Office of the Secretary,310400100004000,Operation of Schools - Senior High School (Grade 11 to Grade 12),0904798,Trece Martires City Senior High School,04,01101101,Specific Budgets of National Government Agencies,2,Maintenance and Other Operating Expenses,5020503000,Internet Subscription Expenses,579.0,579000.0,7,1,,,Basic Education (DepEd)
2039063,2023,07,Department of Education (DepEd),001,Office of the Secretary,310400100004000,Operation of Schools - Senior High School (Grade 11 to Grade 12),0904798,Trece Martires City Senior High School,04,01101101,Specific Budgets of National Government Agencies,2,Maintenance and Other Operating Expenses,5020402000,Electricity Expenses,348.0,348000.0,7,1,,,Basic Education (DepEd)
2039062,2023,07,Department of Education (DepEd),001,Office of the Secretary,310400100004000,Operation of Schools - Senior High School (Grade 11 to Grade 12),0904798,Trece Martires City Senior High School,04,01101101,Specific Budgets of National Government Agencies,2,Maintenance and Other Operating Expenses,5020401000,Water Expenses,231.0,231000.0,7,1,,,Basic Education (DepEd)
1847320,2023,07,Department of Education (DepEd),001,Office of the Secretary,310400100003000,Operation of Schools - Junior High School (Grade 7 to Grade 10),0904176,Trece Martirez City National High School,04,01101101,Specific Budgets of National Government Agencies,1,Personnel Services,5010101001,Basic Salary - Civilian,136822.0,136822000.0,7,1,,,Basic Education (DepEd)
1847349,2023,07,Department of Education (DepEd),001,Office of the Secretary,310400100003000,Operation of Schools - Junior High School (Grade 7 to Grade 10),0904176,Trece Martirez City National High School,04,01104102,Retirement and Life Insurance Premiums,1,Personnel Services,5010301000,Retirement and Life Insurance Premiums,16419.0,16419000.0,7,1,,,Basic Education (DepEd)
1847328,2023,07,Department of Education (DepEd),001,Office of the Secretary,310400100003000,Operation of Schools - Junior High School (Grade 7 to Grade 10),0904176,Trece Martirez City National High School,04,01101101,Specific Budgets of National Government Agencies,1,Personnel Services,5010216001,Mid-Year Bonus - Civilian,11402.0,11402000.0,7,1,,,Basic Education (DepEd)
1847326,2023,07,Department of Education (DepEd),001,Office of the Secretary,310400100003000,Operation of Schools - Junior High School (Grade 7 to Grade 10),0904176,Trece Martirez City National High School,04,01101101,Specific Budgets of National Government Agencies,1,Personnel Services,5010214001,Bonus - Civilian,11402.0,11402000.0,7,1,,,Basic Education (DepEd)
1847323,2023,07,Department of Education (DepEd),001,Office of the Secretary,310400100003000,Operation of Schools - Junior High School (Grade 7 to Grade 10),0904176,Trece Martirez City National High School,04,01101101,Specific Budgets of National Government Agencies,1,Personnel Services,5010201001,PERA - Civilian,9384.0,9384000.0,7,1,,,Basic Education (DepEd)
1847336,2023,07,Department of Education (DepEd),001,Office of the Secretary,310400100003000,Operation of Schools - Junior High School (Grade 7 to Grade 10),0904176,Trece Martirez City National High School,04,01101101,Specific Budgets of National Government Agencies,2,Maintenance and Other Operating Expenses,5020301002,Office Supplies Expenses,4591.0,4591000.0,7,1,,,Basic Education (DepEd)
1847331,2023,07,Department of Education (DepEd),001,Office of the Secretary,310400100003000,Operation of Schools - Junior High School (Grade 7 to Grade 10),0904176,Trece Martirez City National High School,04,01101101,Specific Budgets of National Government Agencies,1,Personnel Services,5010303001,PhilHealth - Civilian,3079.0,3079000.0,7,1,,,Basic Education (DepEd)
1847322,2023,07,Department of Education (DepEd),001,Office of the Secretary,310400100003000,Operation of Schools - Junior High School (Grade 7 to Grade 10),0904176,Trece Martirez City National High School,04,01101101,Specific Budgets of National Government Agencies,1,Personnel Services,5010103000,Salaries and Wages - Substitute Teachers,3058.0,3058000.0,7,1,,,Basic Education (DepEd)
1847339,2023,07,Department of Education (DepEd),001,Office of the Secretary,310400100003000,Operation of Schools - Junior High School (Grade 7 to Grade 10),0904176,Trece Martirez City National High School,04,01101101,Specific Budgets of National Government Agencies,2,Maintenance and Other Operating Expenses,5020399000,Other Supplies and Materials Expenses,2558.0,2558000.0,7,1,,,Basic Education (DepEd)
1847324,2023,07,Department of Education (DepEd),001,Office of the Secretary,310400100003000,Operation of Schools - Junior High School (Grade 7 to Grade 10),0904176,Trece Martirez City National High School,04,01101101,Specific Budgets of National Government Agencies,1,Personnel Services,5010204001,Clothing/Uniform Allowance - Civilian,2346.0,2346000.0,7,1,,,Basic Education (DepEd)
1847341,2023,07,Department of Education (DepEd),001,Office of the Secretary,310400100003000,Operation of Schools - Junior High School (Grade 7 to Grade 10),0904176,Trece Martirez City National High School,04,01101101,Specific Budgets of National Government Agencies,2,Maintenance and Other Operating Expenses,5020402000,Electricity Expenses,1973.0,1973000.0,7,1,,,Basic Education (DepEd)
1847327,2023,07,Department of Education (DepEd),001,Office of the Secretary,310400100003000,Operation of Schools - Junior High School (Grade 7 to Grade 10),0904176,Trece Martirez City National High School,04,01101101,Specific Budgets of National Government Agencies,1,Personnel Services,5010215001,Cash Gift - Civilian ,1955.0,1955000.0,7,1,,,Basic Education (DepEd)
1847329,2023,07,Department of Education (DepEd),001,Office of the Secretary,310400100003000,Operation of Schools - Junior High School (Grade 7 to Grade 10),0904176,Trece Martirez City National High School,04,01101101,Specific Budgets of National Government Agencies,1,Personnel Services,5010299012,Productivity Enhancement Incentive - Civilian ,1955.0,1955000.0,7,1,,,Basic Education (DepEd)
1847321,2023,07,Department of Education (DepEd),001,Office of the Secretary,310400100003000,Operation of Schools - Junior High School (Grade 7 to Grade 10),0904176,Trece Martirez City National High School,04,01101101,Specific Budgets of National Government Agencies,1,Personnel Services,5010102000,Salaries and Wages - Casual/Contractual,1556.0,1556000.0,7,1,,,Basic Education (DepEd)
1847334,2023,07,Department of Education (DepEd),001,Office of the Secretary,310400100003000,Operation of Schools - Junior High School (Grade 7 to Grade 10),0904176,Trece Martirez City National High School,04,01101101,Specific Budgets of National Government Agencies,2,Maintenance and Other Operating Expenses,5020101000,Traveling Expenses - Local,682.0,682000.0,7,1,,,Basic Education (DepEd)
1847345,2023,07,Department of Education (DepEd),001,Office of the Secretary,310400100003000,Operation of Schools - Junior High School (Grade 7 to Grade 10),0904176,Trece Martirez City National High School,04,01101101,Specific Budgets of National Government Agencies,2,Maintenance and Other Operating Expenses,5021304002,School Buildings,598.0,598000.0,7,1,,,Basic Education (DepEd)
1847332,2023,07,Department of Education (DepEd),001,Office of the Secretary,310400100003000,Operation of Schools - Junior High School (Grade 7 to Grade 10),0904176,Trece Martirez City National High School,04,01101101,Specific Budgets of National Government Agencies,1,Personnel Services,5010304001,ECIP - Civilian,469.0,469000.0,7,1,,,Basic Education (DepEd)
1847330,2023,07,Department of Education (DepEd),001,Office of the Secretary,310400100003000,Operation of Schools - Junior High School (Grade 7 to Grade 10),0904176,Trece Martirez City National High School,04,01101101,Specific Budgets of National Government Agencies,1,Personnel Services,5010302001,Pag-IBIG - Civilian,469.0,469000.0,7,1,,,Basic Education (DepEd)
1847333,2023,07,Department of Education (DepEd),001,Office of the Secretary,310400100003000,Operation of Schools - Junior High School (Grade 7 to Grade 10),0904176,Trece Martirez City National High School,04,01101101,Specific Budgets of National Government Agencies,1,Personnel Services,5010499010,Lump-sum for Step Increments - Length of Service,342.0,342000.0,7,1,,,Basic Education (DepEd)
1847337,2023,07,Department of Education (DepEd),001,Office of the Secretary,310400100003000,Operation of Schools - Junior High School (Grade 7 to Grade 10),0904176,Trece Martirez City National High School,04,01101101,Specific Budgets of National Government Agencies,2,Maintenance and Other Operating Expenses,5020308000,"Medical, Dental and Laboratory Supplies Expenses",197.0,197000.0,7,1,,,Basic Education (DepEd)
1847325,2023,07,Department of Education (DepEd),001,Office of the Secretary,310400100003000,Operation of Schools - Junior High School (Grade 7 to Grade 10),0904176,Trece Martirez City National High School,04,01101101,Specific Budgets of National Government Agencies,1,Personnel Services,5010210001,Honoraria - Civilian,172.0,172000.0,7,1,,,Basic Education (DepEd)
1847335,2023,07,Department of Education (DepEd),001,Office of the Secretary,310400100003000,Operation of Schools - Junior High School (Grade 7 to Grade 10),0904176,Trece Martirez City National High School,04,01101101,Specific Budgets of National Government Agencies,2,Maintenance and Other Operating Expenses,5020201002,Training Expenses,134.0,134000.0,7,1,,,Basic Education (DepEd)
1847338,2023,07,Department of Education (DepEd),001,Office of the Secretary,310400100003000,Operation of Schools - Junior High School (Grade 7 to Grade 10),0904176,Trece Martirez City National High School,04,01101101,Specific Budgets of National Government Agencies,2,Maintenance and Other Operating Expenses,5020309000,"Fuel, Oil and Lubricants Expenses",96.0,96000.0,7,1,,,Basic Education (DepEd)
1847342,2023,07,Department of Education (DepEd),001,Office of the Secretary,310400100003000,Operation of Schools - Junior High School (Grade 7 to Grade 10),0904176,Trece Martirez City National High School,04,01101101,Specific Budgets of National Government Agencies,2,Maintenance and Other Operating Expenses,5020502001,Mobile,70.0,70000.0,7,1,,,Basic Education (DepEd)
1847343,2023,07,Department of Education (DepEd),001,Office of the Secretary,310400100003000,Operation of Schools - Junior High School (Grade 7 to Grade 10),0904176,Trece Martirez City National High School,04,01101101,Specific Budgets of National Government Agencies,2,Maintenance and Other Operating Expenses,5020502002,Landline,55.0,55000.0,7,1,,,Basic Education (DepEd)
1847344,2023,07,Department of Education (DepEd),001,Office of the Secretary,310400100003000,Operation of Schools - Junior High School (Grade 7 to Grade 10),0904176,Trece Martirez City National High School,04,01101101,Specific Budgets of National Government Agencies,2,Maintenance and Other Operating Expenses,5020503000,Internet Subscription Expenses,51.0,51000.0,7,1,,,Basic Education (DepEd)
1847340,2023,07,Department of Education (DepEd),001,Office of the Secretary,310400100003000,Operation of Schools - Junior High School (Grade 7 to Grade 10),0904176,Trece Martirez City National High School,04,01101101,Specific Budgets of National Government Agencies,2,Maintenance and Other Operating Expenses,5020401000,Water Expenses,39.0,39000.0,7,1,,,Basic Education (DepEd)
1847347,2023,07,Department of Education (DepEd),001,Office of the Secretary,310400100003000,Operation of Schools - Junior High School (Grade 7 to Grade 10),0904176,Trece Martirez City National High School,04,01101101,Specific Budgets of National Government Agencies,2,Maintenance and Other Operating Expenses,5029903000,Representation Expenses,32.0,32000.0,7,1,,,Basic Education (DepEd)
1847348,2023,07,Department of Education (DepEd),001,Office of the Secretary,310400100003000,Operation of Schools - Junior High School (Grade 7 to Grade 10),0904176,Trece Martirez City National High School,04,01101101,Specific Budgets of National Government Agencies,2,Maintenance and Other Operating Expenses,5029904000,Transportation and Delivery Expenses,27.0,27000.0,7,1,,,Basic Education (DepEd)
1847346,2023,07,Department of Education (DepEd),001,Office of the Secretary,310400100003000,Operation of Schools - Junior High School (Grade 7 to Grade 10),0904176,Trece Martirez City National High School,04,01101101,Specific Budgets of National Government Agencies,2,Maintenance and Other Operating Expenses,5021502000,Fidelity Bond Premiums,8.0,8000.0,7,1,,,Basic Education (DepEd)
1847374,2023,07,Department of Education (DepEd),001,Office of the Secretary,310400100003000,Operation of Schools - Junior High School (Grade 7 to Grade 10),0904178,Trece Martirez City National High School (Cochu Annex),04,01101101,Specific Budgets of National Government Agencies,2,Maintenance and Other Operating Expenses,5020301002,Office Supplies Expenses,380.0,380000.0,7,1,,,Basic Education (DepEd)
1847375,2023,07,Department of Education (DepEd),001,Office of the Secretary,310400100003000,Operation of Schools - Junior High School (Grade 7 to Grade 10),0904178,Trece Martirez City National High School (Cochu Annex),04,01101101,Specific Budgets of National Government Agencies,2,Maintenance and Other Operating Expenses,5020399000,Other Supplies and Materials Expenses,272.0,272000.0,7,1,,,Basic Education (DepEd)
1847379,2023,07,Department of Education (DepEd),001,Office of the Secretary,310400100003000,Operation of Schools - Junior High School (Grade 7 to Grade 10),0904178,Trece Martirez City National High School (Cochu Annex),04,01101101,Specific Budgets of National Government Agencies,2,Maintenance and Other Operating Expenses,5021304002,School Buildings,84.0,84000.0,7,1,,,Basic Education (DepEd)
1847377,2023,07,Department of Education (DepEd),001,Office of the Secretary,310400100003000,Operation of Schools - Junior High School (Grade 7 to Grade 10),0904178,Trece Martirez City National High School (Cochu Annex),04,01101101,Specific Budgets of National Government Agencies,2,Maintenance and Other Operating Expenses,5020402000,Electricity Expenses,76.0,76000.0,7,1,,,Basic Education (DepEd)
1847372,2023,07,Department of Education (DepEd),001,Office of the Secretary,310400100003000,Operation of Schools - Junior High School (Grade 7 to Grade 10),0904178,Trece Martirez City National High School (Cochu Annex),04,01101101,Specific Budgets of National Government Agencies,2,Maintenance and Other Operating Expenses,5020201002,Training Expenses,56.0,56000.0,7,1,,,Basic Education (DepEd)
1847373,2023,07,Department of Education (DepEd),001,Office of the Secretary,310400100003000,Operation of Schools - Junior High School (Grade 7 to Grade 10),0904178,Trece Martirez City National High School (Cochu Annex),04,01101101,Specific Budgets of National Government Agencies,2,Maintenance and Other Operating Expenses,5020301001,ICT Office Supplies,47.0,47000.0,7,1,,,Basic Education (DepEd)
1847378,2023,07,Department of Education (DepEd),001,Office of the Secretary,310400100003000,Operation of Schools - Junior High School (Grade 7 to Grade 10),0904178,Trece Martirez City National High School (Cochu Annex),04,01101101,Specific Budgets of National Government Agencies,2,Maintenance and Other Operating Expenses,5020503000,Internet Subscription Expenses,34.0,34000.0,7,1,,,Basic Education (DepEd)
1847376,2023,07,Department of Education (DepEd),001,Office of the Secretary,310400100003000,Operation of Schools - Junior High School (Grade 7 to Grade 10),0904178,Trece Martirez City National High School (Cochu Annex),04,01101101,Specific Budgets of National Government Agencies,2,Maintenance and Other Operating Expenses,5020401000,Water Expenses,26.0,26000.0,7,1,,,Basic Education (DepEd)
2287525,2023,18,Department of Public Works and Highways (DPWH),001,Office of the Secretary,310204102333000,"Cabuco - Indang  Diversion Road, Phase III, Trece Martires City, Cavite",1800061,Cavite District Engineering Office,04,01101101,Specific Budgets of National Government Agencies,6,Capital Outlays,5060403001,Road Networks,50000.0,50000000.0,7,1,,,Roads & Bridges (DPWH)
2266024,2023,18,Department of Public Works and Highways (DPWH),001,Office of the Secretary,300226106542000,"Construction of Multi-Purpose Building Barangay De Ocampo, Trece Martires City, Cavite",1800061,Cavite District Engineering Office,04,01101101,Specific Budgets of National Government Agencies,6,Capital Outlays,5060403099,Other Infrastructure Assets,7000.0,7000000.0,7,1,,,Community & Public Buildings (DPWH)
2266023,2023,18,Department of Public Works and Highways (DPWH),001,Office of the Secretary,300226106541000,"Construction of Multi-Purpose Building, Barangay Hugo Perez, Trece Martires, Cavite",1800061,Cavite District Engineering Office,04,01101101,Specific Budgets of National Government Agencies,6,Capital Outlays,5060403099,Other Infrastructure Assets,10000.0,10000000.0,7,1,,,Community & Public Buildings (DPWH)
2284317,2023,18,Department of Public Works and Highways (DPWH),001,Office of the Secretary,310202101381000,Tanza-Trece Martires City-Indang Rd - K0057 + 165 - K0057 + 573,1800061,Cavite District Engineering Office,04,01101101,Specific Budgets of National Government Agencies,6,Capital Outlays,5060403001,Road Networks,16205.0,16205000.0,7,1,,,Infrastructure (DPWH)
2215108,2023,18,Department of Public Works and Highways (DPWH),001,Office of the Secretary,300105200922000,"Construction (Completion) of Multi-Purpose Building of DPWH Cavite 1st DEO, Brgy. De Ocampo, Trece Martires City, Cavite",0100000,Central Office,13,01101101,Specific Budgets of National Government Agencies,6,Capital Outlays,5060404001,Buildings,73390.0,73390000.0,7,1,,,Community & Public Buildings (DPWH)
2284198,2023,18,Department of Public Works and Highways (DPWH),001,Office of the Secretary,310202101262000,Tanza-Trece Martires City-Indang Rd - K0054 + 733 - K0057 + 121,0100000,Central Office,13,01101101,Specific Budgets of National Government Agencies,6,Capital Outlays,5060403001,Road Networks,95602.0,95602000.0,7,1,,,Infrastructure (DPWH)
2287203,2023,18,Department of Public Works and Highways (DPWH),001,Office of the Secretary,310204102011000,"Widening of Bridge 2 along  Cabuco - Indang  Diversion Road,Trece Martires City, Cavite",0100000,Central Office,13,01101101,Specific Budgets of National Government Agencies,6,Capital Outlays,5060403001,Road Networks,51782.0,51782000.0,7,1,,,Roads & Bridges (DPWH)
2293972,2023,18,Department of Public Works and Highways (DPWH),001,Office of the Secretary,310305100220000,Alang   -   Ilang Br. ( B03058LZ ) along Dasmari±as  -  Trece Martires City  -  Naic Rd,nan,nan,nan,nan,nan,nan,nan,nan,nan,0.0,0.0,7,1,,,Roads & Bridges (DPWH)
2291540,2023,18,Department of Public Works and Highways (DPWH),001,Office of the Secretary,310303100520000,Alulod Br. ( B02521LZ ) along Tanza  -  Trece Martires City  -  Indang Rd,nan,nan,nan,nan,nan,nan,nan,nan,nan,0.0,0.0,7,1,,,Roads & Bridges (DPWH)
2286507,2023,18,Department of Public Works and Highways (DPWH),001,Office of the Secretary,310204101315000,"Cabuco   -   Indang  -   Naic  -  Maragondon Diversion Road, Cavite",nan,nan,nan,nan,nan,nan,nan,nan,nan,0.0,0.0,7,1,,,Roads & Bridges (DPWH)
2286940,2023,18,Department of Public Works and Highways (DPWH),001,Office of the Secretary,310204101748000,"Cabuco  -  Indang Diversion Road( Construction of Bridge 2 ), Cavite",nan,nan,nan,nan,nan,nan,nan,nan,nan,0.0,0.0,7,1,,,Roads & Bridges (DPWH)
2286941,2023,18,Department of Public Works and Highways (DPWH),001,Office of the Secretary,310204101749000,"Cabuco  -  Indang Diversion Road, Phase II, Cavite",nan,nan,nan,nan,nan,nan,nan,nan,nan,0.0,0.0,7,1,,,Roads & Bridges (DPWH)
2254019,2023,18,Department of Public Works and Highways (DPWH),001,Office of the Secretary,300221101000000,"Concreting of Road at Barangay Aguado, Trece Martires , Cavite",nan,nan,nan,nan,nan,nan,nan,nan,nan,0.0,0.0,7,1,,,Roads & Bridges (DPWH)
2254029,2023,18,Department of Public Works and Highways (DPWH),001,Office of the Secretary,300221101010000,"Concreting of Road at Barangay Aguado, Trece Martires, Cavite",nan,nan,nan,nan,nan,nan,nan,nan,nan,0.0,0.0,7,1,,,Roads & Bridges (DPWH)
2254020,2023,18,Department of Public Works and Highways (DPWH),001,Office of the Secretary,300221101001000,"Concreting of Road at Barangay Inocencio, Trece Martires , Cavite",nan,nan,nan,nan,nan,nan,nan,nan,nan,0.0,0.0,7,1,,,Roads & Bridges (DPWH)
2254030,2023,18,Department of Public Works and Highways (DPWH),001,Office of the Secretary,300221101011000,"Concreting of Road at Barangay Inocencio, Trece Martires, Cavite",nan,nan,nan,nan,nan,nan,nan,nan,nan,0.0,0.0,7,1,,,Roads & Bridges (DPWH)
2254021,2023,18,Department of Public Works and Highways (DPWH),001,Office of the Secretary,300221101002000,"Concreting of Road at Barangay Lallana, Trece Martires , Cavite",nan,nan,nan,nan,nan,nan,nan,nan,nan,0.0,0.0,7,1,,,Roads & Bridges (DPWH)
2254031,2023,18,Department of Public Works and Highways (DPWH),001,Office of the Secretary,300221101012000,"Concreting of Road at Barangay Lallana, Trece Martires, Cavite",nan,nan,nan,nan,nan,nan,nan,nan,nan,0.0,0.0,7,1,,,Roads & Bridges (DPWH)
2254022,2023,18,Department of Public Works and Highways (DPWH),001,Office of the Secretary,300221101003000,"Concreting of Road at Barangay Osorio, Trece Martires , Cavite",nan,nan,nan,nan,nan,nan,nan,nan,nan,0.0,0.0,7,1,,,Roads & Bridges (DPWH)
2254032,2023,18,Department of Public Works and Highways (DPWH),001,Office of the Secretary,300221101013000,"Concreting of Road at Barangay Osorio, Trece Martires, Cavite",nan,nan,nan,nan,nan,nan,nan,nan,nan,0.0,0.0,7,1,,,Roads & Bridges (DPWH)
2233178,2023,18,Department of Public Works and Highways (DPWH),001,Office of the Secretary,300117208941000,"Concreting of Road, Barangay Hugo Perez, Trece Martires, Cavite",nan,nan,nan,nan,nan,nan,nan,nan,nan,0.0,0.0,7,1,,,Roads & Bridges (DPWH)
2209009,2023,18,Department of Public Works and Highways (DPWH),001,Office of the Secretary,300104221396000,"Construction  /  Rehabilitation of Multi  -  Purpose Building at Barangay Cabezas, Trece Martires City, Cavite",nan,nan,nan,nan,nan,nan,nan,nan,nan,0.0,0.0,7,1,,,Community & Public Buildings (DPWH)
2209015,2023,18,Department of Public Works and Highways (DPWH),001,Office of the Secretary,300104221402000,"Construction  /  Rehabilitation of Multi  -  Purpose Building at City Hall Compound at Barangay San Agustin, Trece Martires City, Cavite",nan,nan,nan,nan,nan,nan,nan,nan,nan,0.0,0.0,7,1,,,Community & Public Buildings (DPWH)
2209016,2023,18,Department of Public Works and Highways (DPWH),001,Office of the Secretary,300104221403000,"Construction  /  Rehabilitation of Multi  -  Purpose Building at Summerfield, Barangay Osorio, Trece Martires City, Cavite",nan,nan,nan,nan,nan,nan,nan,nan,nan,0.0,0.0,7,1,,,Community & Public Buildings (DPWH)
2209017,2023,18,Department of Public Works and Highways (DPWH),001,Office of the Secretary,300104221404000,"Construction  /  Rehabilitation of Multi  -  Purpose Building at Trece Medical Pavilion at Barangay Luciano, Trece Martires City, Cavite",nan,nan,nan,nan,nan,nan,nan,nan,nan,0.0,0.0,7,1,,,Community & Public Buildings (DPWH)
2214513,2023,18,Department of Public Works and Highways (DPWH),001,Office of the Secretary,300105200324000,"Construction ( Completion ) of  Multi  -   Purpose Building of DPWH Cavite 1st DEO, Brgy. De Ocampo, Trece Martires City, Cavite",nan,nan,nan,nan,nan,nan,nan,nan,nan,0.0,0.0,7,1,,,Community & Public Buildings (DPWH)
2202813,2023,18,Department of Public Works and Highways (DPWH),001,Office of the Secretary,300104215200000,"Construction / Completion / Rehabilitation of DPWH Building Phase 2, Trece Martires City, Cavite",nan,nan,nan,nan,nan,nan,nan,nan,nan,0.0,0.0,7,1,,,Community & Public Buildings (DPWH)
2209049,2023,18,Department of Public Works and Highways (DPWH),001,Office of the Secretary,300104221436000,"Construction / Rehabilitation of City Hall Building, Trece Martires City, Cavite",nan,nan,nan,nan,nan,nan,nan,nan,nan,0.0,0.0,7,1,,,Community & Public Buildings (DPWH)
2183131,2023,18,Department of Public Works and Highways (DPWH),001,Office of the Secretary,300101200007000,"Construction of 4STY  -  20CL at Trece Martires City ES, Trece Martires, Cavite",nan,nan,nan,nan,nan,nan,nan,nan,nan,0.0,0.0,7,1,,,School Buildings & Education Infra (DPWH)
2189545,2023,18,Department of Public Works and Highways (DPWH),001,Office of the Secretary,300104201931000,"Construction of Covered Court at the Department of Education, Region IV  -  A, Division of Cavite Office, Trece Martires City, Cavite",nan,nan,nan,nan,nan,nan,nan,nan,nan,0.0,0.0,7,1,,,Community & Public Buildings (DPWH)
2189546,2023,18,Department of Public Works and Highways (DPWH),001,Office of the Secretary,300104201932000,"Construction of Covered Court, Brgy. De Ocampo, Trece Martires City, Cavite",nan,nan,nan,nan,nan,nan,nan,nan,nan,0.0,0.0,7,1,,,Community & Public Buildings (DPWH)
2189547,2023,18,Department of Public Works and Highways (DPWH),001,Office of the Secretary,300104201933000,"Construction of Covered Court, Brgy. Lapidario, Trece Martires City, Cavite",nan,nan,nan,nan,nan,nan,nan,nan,nan,0.0,0.0,7,1,,,Community & Public Buildings (DPWH)
2209018,2023,18,Department of Public Works and Highways (DPWH),001,Office of the Secretary,300104221405000,"Construction of DPWH Building Phase 3, Trece Martires City, Cavite",nan,nan,nan,nan,nan,nan,nan,nan,nan,0.0,0.0,7,1,,,Community & Public Buildings (DPWH)
2245334,2023,18,Department of Public Works and Highways (DPWH),001,Office of the Secretary,300215100151000,"Construction of De Ocampo  - Gregorio Bridge, Trece Martires City, Cavite",nan,nan,nan,nan,nan,nan,nan,nan,nan,0.0,0.0,7,1,,,Roads & Bridges (DPWH)
2216236,2023,18,Department of Public Works and Highways (DPWH),001,Office of the Secretary,300107200127000,"Construction of Flood Control Project, Brgy. Cabuco, Trece Martires City, Cavite",nan,nan,nan,nan,nan,nan,nan,nan,nan,0.0,0.0,7,1,,,Flood Control & River Mitigation (DPWH)
2221779,2023,18,Department of Public Works and Highways (DPWH),001,Office of the Secretary,300116202180000,"Construction of Indang   -   Cabuco   -   Naic Diversion Rd., Trece Martires City, Cavite",nan,nan,nan,nan,nan,nan,nan,nan,nan,0.0,0.0,7,1,,,Roads & Bridges (DPWH)
2209021,2023,18,Department of Public Works and Highways (DPWH),001,Office of the Secretary,300104221408000,"Construction of Multi  -  Purpose Building ( Covered Court ) in Trece Martires City, Cavite",nan,nan,nan,nan,nan,nan,nan,nan,nan,0.0,0.0,7,1,,,Community & Public Buildings (DPWH)
2195740,2023,18,Department of Public Works and Highways (DPWH),001,Office of the Secretary,300104208126000,"Construction of Multi  -  Purpose Building ( Covered Court ), Cavite Center for Mental Health, Trece Martires City, Cavite",nan,nan,nan,nan,nan,nan,nan,nan,nan,0.0,0.0,7,1,,,Community & Public Buildings (DPWH)
2195741,2023,18,Department of Public Works and Highways (DPWH),001,Office of the Secretary,300104208127000,"Construction of Multi  -  Purpose Building ( Covered Court ), Conchu Elementary School, Brgy. Conchu, Trece Martires City, Cavite",nan,nan,nan,nan,nan,nan,nan,nan,nan,0.0,0.0,7,1,,,School Buildings & Education Infra (DPWH)
2195748,2023,18,Department of Public Works and Highways (DPWH),001,Office of the Secretary,300104208134000,"Construction of Multi  -  Purpose Building ( Covered Court ), La Paz Subdivision, Brgy. Cabezas, Trece Martires City, Cavite",nan,nan,nan,nan,nan,nan,nan,nan,nan,0.0,0.0,7,1,,,Community & Public Buildings (DPWH)
2195753,2023,18,Department of Public Works and Highways (DPWH),001,Office of the Secretary,300104208139000,"Construction of Multi  -  Purpose Building ( Covered Court ), Osorio Elementary School, Brgy. Paradahan, Trece Martires City, Cavite",nan,nan,nan,nan,nan,nan,nan,nan,nan,0.0,0.0,7,1,,,School Buildings & Education Infra (DPWH)
2195759,2023,18,Department of Public Works and Highways (DPWH),001,Office of the Secretary,300104208145000,"Construction of Multi  -  Purpose Building ( Covered Court ), Sampaguita Pag  -  asa I, Brgy. Aguado, Trece Martires City, Cavite",nan,nan,nan,nan,nan,nan,nan,nan,nan,0.0,0.0,7,1,,,Community & Public Buildings (DPWH)
2195764,2023,18,Department of Public Works and Highways (DPWH),001,Office of the Secretary,300104208150000,"Construction of Multi  -  Purpose Building ( Covered Court ), Trece Martires City College, Brgy. Luciano, Trece Martires City, Cavite",nan,nan,nan,nan,nan,nan,nan,nan,nan,0.0,0.0,7,1,,,Community & Public Buildings (DPWH)
2195765,2023,18,Department of Public Works and Highways (DPWH),001,Office of the Secretary,300104208151000,"Construction of Multi  -  Purpose Building ( Covered Court ), Trece Matires City Senior High School, Brgy. San Agustin, Trece Martires City, Cavite",nan,nan,nan,nan,nan,nan,nan,nan,nan,0.0,0.0,7,1,,,School Buildings & Education Infra (DPWH)
2209024,2023,18,Department of Public Works and Highways (DPWH),001,Office of the Secretary,300104221411000,"Construction of Multi  -  Purpose Building ( PCP2 PNP Sub Station Base ), Barangay Hugo Perez, Trece Martires City, Cavite",nan,nan,nan,nan,nan,nan,nan,nan,nan,0.0,0.0,7,1,,,Community & Public Buildings (DPWH)
2209025,2023,18,Department of Public Works and Highways (DPWH),001,Office of the Secretary,300104221412000,"Construction of Multi  -  Purpose Building ( Trece Martires Memorial Park ), Barangay Aguado, Trece Martires City, Cavite",nan,nan,nan,nan,nan,nan,nan,nan,nan,0.0,0.0,7,1,,,Community & Public Buildings (DPWH)
2209033,2023,18,Department of Public Works and Highways (DPWH),001,Office of the Secretary,300104221420000,"Construction of Multi  -  Purpose Building, Barangay Inocencio, Trece Martirez City, Cavite",nan,nan,nan,nan,nan,nan,nan,nan,nan,0.0,0.0,7,1,,,Community & Public Buildings (DPWH)
2209037,2023,18,Department of Public Works and Highways (DPWH),001,Office of the Secretary,300104221424000,"Construction of Multi  -  Purpose Building, Barangay San Agustin, Trece Martires City, Cavite",nan,nan,nan,nan,nan,nan,nan,nan,nan,0.0,0.0,7,1,,,Community & Public Buildings (DPWH)
2209042,2023,18,Department of Public Works and Highways (DPWH),001,Office of the Secretary,300104221429000,"Construction of Multi  -  Purpose Building, City Hall Compound, Barangay San Agustin, Trece Martires City, Cavite",nan,nan,nan,nan,nan,nan,nan,nan,nan,0.0,0.0,7,1,,,Community & Public Buildings (DPWH)
2195784,2023,18,Department of Public Works and Highways (DPWH),001,Office of the Secretary,300104208170000,"Construction of Multi  -  Purpose Hall Luis Aguado National High School, Brgy. Aguado, Trece Martires City, Cavite",nan,nan,nan,nan,nan,nan,nan,nan,nan,0.0,0.0,7,1,,,School Buildings & Education Infra (DPWH)
2261108,2023,18,Department of Public Works and Highways (DPWH),001,Office of the Secretary,300226101626000,"Construction of Multi - Purpose Building ( Covered Court ) at Barangay Gregorio, Trece Martires , Cavite",nan,nan,nan,nan,nan,nan,nan,nan,nan,0.0,0.0,7,1,,,Community & Public Buildings (DPWH)
2261109,2023,18,Department of Public Works and Highways (DPWH),001,Office of the Secretary,300226101627000,"Construction of Multi - Purpose Building ( Covered Court ) at Barangay Hugo Perez  -  Karla Villa Subdivision, Trece Martires , Cavite",nan,nan,nan,nan,nan,nan,nan,nan,nan,0.0,0.0,7,1,,,Community & Public Buildings (DPWH)
2261110,2023,18,Department of Public Works and Highways (DPWH),001,Office of the Secretary,300226101628000,"Construction of Multi - Purpose Building ( Covered Court ) at Barangay Luciano, Trece Martires , Cavite",nan,nan,nan,nan,nan,nan,nan,nan,nan,0.0,0.0,7,1,,,Community & Public Buildings (DPWH)
2261113,2023,18,Department of Public Works and Highways (DPWH),001,Office of the Secretary,300226101631000,"Construction of Multi - Purpose Building ( Covered Court ) at Command Center ( City Hall Extension ) at Barangay Conchu, Trece Martires , Cavite",nan,nan,nan,nan,nan,nan,nan,nan,nan,0.0,0.0,7,1,,,Community & Public Buildings (DPWH)
2261111,2023,18,Department of Public Works and Highways (DPWH),001,Office of the Secretary,300226101629000,"Construction of Multi - Purpose Building ( Covered Court ) at Luis Aguado National High School, Barangay Aguado, Trece Martires , Cavite",nan,nan,nan,nan,nan,nan,nan,nan,nan,0.0,0.0,7,1,,,School Buildings & Education Infra (DPWH)
2261114,2023,18,Department of Public Works and Highways (DPWH),001,Office of the Secretary,300226101632000,"Construction of Multi - Purpose Building ( Covered Court ) at PNP Compound, Barangay Osorio, Trece Martires , Cavite, Trece Martires , Cavite",nan,nan,nan,nan,nan,nan,nan,nan,nan,0.0,0.0,7,1,,,Community & Public Buildings (DPWH)
2261112,2023,18,Department of Public Works and Highways (DPWH),001,Office of the Secretary,300226101630000,"Construction of Multi - Purpose Building ( Covered Court ) at Trece Martires City National High School, Barangay Cabuco, Trece Martires , Cavite",nan,nan,nan,nan,nan,nan,nan,nan,nan,0.0,0.0,7,1,,,School Buildings & Education Infra (DPWH)
2261159,2023,18,Department of Public Works and Highways (DPWH),001,Office of the Secretary,300226101677000,"Construction of Multi - Purpose Building at Barangay Gregorio, Trece Martires, Cavite",nan,nan,nan,nan,nan,nan,nan,nan,nan,0.0,0.0,7,1,,,Community & Public Buildings (DPWH)
2261160,2023,18,Department of Public Works and Highways (DPWH),001,Office of the Secretary,300226101678000,"Construction of Multi - Purpose Building at Barangay Hugo Perez ( Karla Villa Subdivision ), Trece Martires, Cavite",nan,nan,nan,nan,nan,nan,nan,nan,nan,0.0,0.0,7,1,,,Community & Public Buildings (DPWH)
2261118,2023,18,Department of Public Works and Highways (DPWH),001,Office of the Secretary,300226101636000,"Construction of Multi - Purpose Building at Barangay Sanja Mayor, Trece Tanza, Cavite",nan,nan,nan,nan,nan,nan,nan,nan,nan,0.0,0.0,7,1,,,Community & Public Buildings (DPWH)
2189584,2023,18,Department of Public Works and Highways (DPWH),001,Office of the Secretary,300104201970000,"Construction of Multipurpose Building, Sampaguita Subdivision, Brgy. Inocencion, Trece Martires City, Cavite",nan,nan,nan,nan,nan,nan,nan,nan,nan,0.0,0.0,7,1,,,Community & Public Buildings (DPWH)
2303805,2023,18,Department of Public Works and Highways (DPWH),001,Office of the Secretary,320101108085000,"Construction of Revetment along Ca±as River, Brgy Luciano, Trece Martires City, Phase 3, Cavite",nan,nan,nan,nan,nan,nan,nan,nan,nan,0.0,0.0,7,1,,,Flood Control & River Mitigation (DPWH)
2298756,2023,18,Department of Public Works and Highways (DPWH),001,Office of the Secretary,320101102622000,"Construction of Revetment along Ca±as River, Brgy. De Ocampo Section, Phase 2, Trece Martires City, Cavite",nan,nan,nan,nan,nan,nan,nan,nan,nan,0.0,0.0,7,1,,,Flood Control & River Mitigation (DPWH)
2303807,2023,18,Department of Public Works and Highways (DPWH),001,Office of the Secretary,320101108087000,"Construction of Revetment along Ca±as River, Brgy. De Ocampo Section, Phase 4, Trece Martires City, Cavite",nan,nan,nan,nan,nan,nan,nan,nan,nan,0.0,0.0,7,1,,,Flood Control & River Mitigation (DPWH)
2299543,2023,18,Department of Public Works and Highways (DPWH),001,Office of the Secretary,320101103409000,"Construction of Revetment along Ca±as River, Brgy. Luciano, Trece Martires City, Cavite",nan,nan,nan,nan,nan,nan,nan,nan,nan,0.0,0.0,7,1,,,Flood Control & River Mitigation (DPWH)
2300943,2023,18,Department of Public Works and Highways (DPWH),001,Office of the Secretary,320101104811000,"Construction of Revetment along Ca±as River, Phase II, Brgy. Luciano, Trece Martires City, Cavite",nan,nan,nan,nan,nan,nan,nan,nan,nan,0.0,0.0,7,1,,,Flood Control & River Mitigation (DPWH)
2300944,2023,18,Department of Public Works and Highways (DPWH),001,Office of the Secretary,320101104812000,"Construction of Revetment along Ca±as River, Phase III, Brgy. De Ocampo, Trece Martires City, Cavite",nan,nan,nan,nan,nan,nan,nan,nan,nan,0.0,0.0,7,1,,,Flood Control & River Mitigation (DPWH)
2297526,2023,18,Department of Public Works and Highways (DPWH),001,Office of the Secretary,320101101392000,"Construction of Revetment along Ilang  -  Ilang River, Brgy. De Ocampo Section, Trece Martices City, Cavite",nan,nan,nan,nan,nan,nan,nan,nan,nan,0.0,0.0,7,1,,,Flood Control & River Mitigation (DPWH)
2303810,2023,18,Department of Public Works and Highways (DPWH),001,Office of the Secretary,320101108090000,"Construction of Road Dike along Timalan River, Brgy. Cabuco, Phase I, Trece Martires City, Cavite",nan,nan,nan,nan,nan,nan,nan,nan,nan,0.0,0.0,7,1,,,Flood Control & River Mitigation (DPWH)
2303811,2023,18,Department of Public Works and Highways (DPWH),001,Office of the Secretary,320101108091000,"Construction of Road Dike along Timalan River, Brgy. Cabuco, Phase II, Trece Martires City, Cavite",nan,nan,nan,nan,nan,nan,nan,nan,nan,0.0,0.0,7,1,,,Flood Control & River Mitigation (DPWH)
2303812,2023,18,Department of Public Works and Highways (DPWH),001,Office of the Secretary,320101108092000,"Construction of Road Dike along Timalan River, Brgy. Cabuco, Phase III, Trece Martires City, Cavite",nan,nan,nan,nan,nan,nan,nan,nan,nan,0.0,0.0,7,1,,,Flood Control & River Mitigation (DPWH)
2303815,2023,18,Department of Public Works and Highways (DPWH),001,Office of the Secretary,320101108095000,"Construction of Road Dike along Timalan River, Brgy. Cabuco, Phase IV, Trece Martires City, Cavite",nan,nan,nan,nan,nan,nan,nan,nan,nan,0.0,0.0,7,1,,,Flood Control & River Mitigation (DPWH)
2254033,2023,18,Department of Public Works and Highways (DPWH),001,Office of the Secretary,300221101014000,"Construction of Road from Brgy Buenavista General Trias to Brgy Osorio, Trece Martires City, Cavite",nan,nan,nan,nan,nan,nan,nan,nan,nan,0.0,0.0,7,1,,,Roads & Bridges (DPWH)
2246630,2023,18,Department of Public Works and Highways (DPWH),001,Office of the Secretary,300215101447000,"Construction of Tanza Trece Martirez -  Indang Road, Tanza, Cavite",nan,nan,nan,nan,nan,nan,nan,nan,nan,0.0,0.0,7,1,,,Roads & Bridges (DPWH)
2288922,2023,18,Department of Public Works and Highways (DPWH),001,Office of the Secretary,310207100062000,"Dasmari±as  -  Trece Martires City  -  Naic Rd   -   K0038 + (   -  727.10 )   -   K0038 + (   -  329 ), K0043 + 000   -   K0043 + 740",nan,nan,nan,nan,nan,nan,nan,nan,nan,0.0,0.0,7,1,,,Infrastructure (DPWH)
2282080,2023,18,Department of Public Works and Highways (DPWH),001,Office of the Secretary,310201100389000,Dasmari±as  -  Trece Martires City  -  Naic Rd   -   K0038 + 737   -   K0039 + 000,nan,nan,nan,nan,nan,nan,nan,nan,nan,0.0,0.0,7,1,,,Infrastructure (DPWH)
2270058,2023,18,Department of Public Works and Highways (DPWH),001,Office of the Secretary,310101100072000,"Dasmari±as  -  Trece Martires City  -  Naic Rd   -   K0039 + 140   -   K0039 + 547, K0045 +   -  570   -   K0045 + 061",nan,nan,nan,nan,nan,nan,nan,nan,nan,0.0,0.0,7,1,,,Infrastructure (DPWH)
2271156,2023,18,Department of Public Works and Highways (DPWH),001,Office of the Secretary,310102100028000,"Dasmari±as  -  Trece Martires City  -  Naic Rd   -   K0044 + (   -  376 )   -   K0045 + 000 , K0046 + 090   -   K0047 + 000 , K0047 + 600   -   K0051 + 602",nan,nan,nan,nan,nan,nan,nan,nan,nan,0.0,0.0,7,1,,,Infrastructure (DPWH)
2283211,2023,18,Department of Public Works and Highways (DPWH),001,Office of the Secretary,310202100274000,Dasmari±as  -  Trece Martires City  -  Naic Rd   -   K0047 + 575   -   K0049 + 650,nan,nan,nan,nan,nan,nan,nan,nan,nan,0.0,0.0,7,1,,,Infrastructure (DPWH)
2271242,2023,18,Department of Public Works and Highways (DPWH),001,Office of the Secretary,310102100114000,Dasmari±as  -  Trece Martires City  -  Naic Rd   -   K0051 + 000   -   K0051 + 602,nan,nan,nan,nan,nan,nan,nan,nan,nan,0.0,0.0,7,1,,,Infrastructure (DPWH)
2294380,2023,18,Department of Public Works and Highways (DPWH),001,Office of the Secretary,310305100628000,Langkaan Br. 1 ( B03055LZ ) along Dasmari±as  -  Trece Martires City  -  Naic Rd,nan,nan,nan,nan,nan,nan,nan,nan,nan,0.0,0.0,7,1,,,Roads & Bridges (DPWH)
2244610,2023,18,Department of Public Works and Highways (DPWH),001,Office of the Secretary,300214100050000,"Preventive Maintenance ( Asphalt Overlay ) with shoulder along Tanza - Trece Martires City - Indang Rd  -  K0036 + 683  -  K0037 + 755, K0042 + 304  -  K0042 + 898, K0045 + 000  -  K0045 + 594",nan,nan,nan,nan,nan,nan,nan,nan,nan,0.0,0.0,7,1,,,Infrastructure (DPWH)
2195785,2023,18,Department of Public Works and Highways (DPWH),001,Office of the Secretary,300104208171000,"Reconstruction of Multi  -  Purpose Building ( Training Center ), TESDA, Trece Martires City, Cavite",nan,nan,nan,nan,nan,nan,nan,nan,nan,0.0,0.0,7,1,,,Community & Public Buildings (DPWH)
2182182,2023,18,Department of Public Works and Highways (DPWH),001,Office of the Secretary,200000100220000,Regionwide / Nationwide   -   Roads and Bridges   -   Conduct of Feasibility Studies /  Preliminary and Detailed Engineering /  Economic Analysis /  Technical Studies /  Traffic Impact Assessment   -   Region IV  -  A   -   Manila  -  Cavite Diversion Road and Sahod  -  Ulan   -   Tres Cruses   -   Trece Martires City Road,nan,nan,nan,nan,nan,nan,nan,nan,nan,0.0,0.0,7,1,,,Roads & Bridges (DPWH)
2221829,2023,18,Department of Public Works and Highways (DPWH),001,Office of the Secretary,300116202230000,"Rehabilitation of Conchu Rd., Trece Station, Phase 1, Sta 0+000   -   Sta, Amadeo, Cavite",nan,nan,nan,nan,nan,nan,nan,nan,nan,0.0,0.0,7,1,,,Infrastructure (DPWH)
2221830,2023,18,Department of Public Works and Highways (DPWH),001,Office of the Secretary,300116202231000,"Rehabilitation of Conchu Rd., Trece Station, Phase 2, Sta 2+400   -   Sta 4+800, Amadeo, Cavite",nan,nan,nan,nan,nan,nan,nan,nan,nan,0.0,0.0,7,1,,,Infrastructure (DPWH)
2189592,2023,18,Department of Public Works and Highways (DPWH),001,Office of the Secretary,300104201978000,"Rehabilitation of Covered Court, La Paz Subdivision, Brgy. Cabezas, Trece Martires City, Cavite",nan,nan,nan,nan,nan,nan,nan,nan,nan,0.0,0.0,7,1,,,Community & Public Buildings (DPWH)
2195789,2023,18,Department of Public Works and Highways (DPWH),001,Office of the Secretary,300104208175000,"Rehabilitation of Multi  -  Purpose Building ( Barangay Hall ), Barangay Conchu, Trece Martires City, Cavite",nan,nan,nan,nan,nan,nan,nan,nan,nan,0.0,0.0,7,1,,,Community & Public Buildings (DPWH)
2195798,2023,18,Department of Public Works and Highways (DPWH),001,Office of the Secretary,300104208184000,"Rehabilitation of Multi  -  Purpose Building ( Covered Court ), Barangay La Ilana, Trece Martires City, Cavite",nan,nan,nan,nan,nan,nan,nan,nan,nan,0.0,0.0,7,1,,,Community & Public Buildings (DPWH)
2195802,2023,18,Department of Public Works and Highways (DPWH),001,Office of the Secretary,300104208188000,"Rehabilitation of Multi  -  Purpose Building ( Fences   -   Trece Martines NHS, Hugo Perez, Annex ), Barangay Hugo Perez, Trece Martires City, Cavite",nan,nan,nan,nan,nan,nan,nan,nan,nan,0.0,0.0,7,1,,,Community & Public Buildings (DPWH)
2202869,2023,18,Department of Public Works and Highways (DPWH),001,Office of the Secretary,300104215256000,"Rehabilitation of Multi  -  Purpose Building, Governor's Drive, Brgy. San Agustin, Trece Martires City, Cavite",nan,nan,nan,nan,nan,nan,nan,nan,nan,0.0,0.0,7,1,,,Community & Public Buildings (DPWH)
2230615,2023,18,Department of Public Works and Highways (DPWH),001,Office of the Secretary,300117206378000,"Rehabilitation of Road, Brgy. Hugo Perez, Trece Martires, Cavite",nan,nan,nan,nan,nan,nan,nan,nan,nan,0.0,0.0,7,1,,,Roads & Bridges (DPWH)
2230623,2023,18,Department of Public Works and Highways (DPWH),001,Office of the Secretary,300117206386000,"Rehabilitation of San Agustin  -  Luciano By  -  Pass Road, Brgy. San Agustin, Trece Martires City, Cavite",nan,nan,nan,nan,nan,nan,nan,nan,nan,0.0,0.0,7,1,,,Roads & Bridges (DPWH)
2183453,2023,18,Department of Public Works and Highways (DPWH),001,Office of the Secretary,300102200270000,"Rehabilitation of School Building ( Balcony Grills   -   Luciano ES ), Barangay Luciano, Trece Martires City, Cavite",nan,nan,nan,nan,nan,nan,nan,nan,nan,0.0,0.0,7,1,,,School Buildings & Education Infra (DPWH)
2230626,2023,18,Department of Public Works and Highways (DPWH),001,Office of the Secretary,300117206389000,"Rehabilitation of Trece  -  Amadeo Road, Brgy. Conchu, Trece Martires City, Cavite",nan,nan,nan,nan,nan,nan,nan,nan,nan,0.0,0.0,7,1,,,Roads & Bridges (DPWH)
2230614,2023,18,Department of Public Works and Highways (DPWH),001,Office of the Secretary,300117206377000,"Rehabilitation of Trece  -  Amadeo Road, Brgy. Conchu, Trece Martires, Cavite",nan,nan,nan,nan,nan,nan,nan,nan,nan,0.0,0.0,7,1,,,Roads & Bridges (DPWH)
2183275,2023,18,Department of Public Works and Highways (DPWH),001,Office of the Secretary,300102200092000,"Renovation / Rehabilitation of San Agustin Elementary School, Trece Martires City, Cavite",nan,nan,nan,nan,nan,nan,nan,nan,nan,0.0,0.0,7,1,,,School Buildings & Education Infra (DPWH)
2244393,2023,18,Department of Public Works and Highways (DPWH),001,Office of the Secretary,300211100109000,"Repair / Rehabilitation along Juanito R. Remulla Sr Road ( S06090LZ ) K0045+061   -   K0045+ 647, K0045+669  -  K0046+047, Trece Martires City",nan,nan,nan,nan,nan,nan,nan,nan,nan,0.0,0.0,7,1,,,Roads & Bridges (DPWH)
2244396,2023,18,Department of Public Works and Highways (DPWH),001,Office of the Secretary,300211100112000,"Repair / Rehabilitation along Tanza   -   Trece Martires City   -   Indang Road ( S06096LZ ) K0036+683  -  K0037+883, Tanza, Cavite",nan,nan,nan,nan,nan,nan,nan,nan,nan,0.0,0.0,7,1,,,Roads & Bridges (DPWH)
2244397,2023,18,Department of Public Works and Highways (DPWH),001,Office of the Secretary,300211100113000,"Repair / Rehabilitation along Tanza   -   Trece Martires City   -   Indang Road ( S06097LZ ) K0048+ (   -  641 )   -   K0049+472, Trece Matrires City",nan,nan,nan,nan,nan,nan,nan,nan,nan,0.0,0.0,7,1,,,Roads & Bridges (DPWH)
2227824,2023,18,Department of Public Works and Highways (DPWH),001,Office of the Secretary,300117203586000,"Road Concreting, Brgy. Aguado, Trece Martires City, Cavite",nan,nan,nan,nan,nan,nan,nan,nan,nan,0.0,0.0,7,1,,,Roads & Bridges (DPWH)
2221368,2023,18,Department of Public Works and Highways (DPWH),001,Office of the Secretary,300116201769000,"Road Widening / Concreting of Tanza, Trece Martirez City Road, Tanza, Cavite",nan,nan,nan,nan,nan,nan,nan,nan,nan,0.0,0.0,7,1,,,Roads & Bridges (DPWH)
2282081,2023,18,Department of Public Works and Highways (DPWH),001,Office of the Secretary,310201100390000,Tanza  -  Trece Martires City  -  Indang Rd   -    K0035 + (   -  171 )   -   K0035 + 675,nan,nan,nan,nan,nan,nan,nan,nan,nan,0.0,0.0,7,1,,,Infrastructure (DPWH)
2270021,2023,18,Department of Public Works and Highways (DPWH),001,Office of the Secretary,310101100035000,"Tanza  -  Trece Martires City  -  Indang Rd   -   K0035 +   -   302   -   K0035 + 087, K0042 + 898   -   K0045 + 000, K0045 + 594   -   K0047 + 148",nan,nan,nan,nan,nan,nan,nan,nan,nan,0.0,0.0,7,1,,,Infrastructure (DPWH)
2282246,2023,18,Department of Public Works and Highways (DPWH),001,Office of the Secretary,310201100556000,Tanza  -  Trece Martires City  -  Indang Rd   -   K0035 + 640   -   K0036 + 197,nan,nan,nan,nan,nan,nan,nan,nan,nan,0.0,0.0,7,1,,,Infrastructure (DPWH)
2281905,2023,18,Department of Public Works and Highways (DPWH),001,Office of the Secretary,310201100214000,"Tanza  -  Trece Martires City  -  Indang Rd   -   K0036 + 145   -   K0039 + 691, K0039 + 700   -   K0040 + 416",nan,nan,nan,nan,nan,nan,nan,nan,nan,0.0,0.0,7,1,,,Infrastructure (DPWH)
2282445,2023,18,Department of Public Works and Highways (DPWH),001,Office of the Secretary,310201100755000,Tanza  -  Trece Martires City  -  Indang Rd   -   K0036 + 197   -   K0037 + 251,nan,nan,nan,nan,nan,nan,nan,nan,nan,0.0,0.0,7,1,,,Infrastructure (DPWH)
2270440,2023,18,Department of Public Works and Highways (DPWH),001,Office of the Secretary,310101100454000,Tanza  -  Trece Martires City  -  Indang Rd   -   K0045 + 000   -   K0045 + 223,nan,nan,nan,nan,nan,nan,nan,nan,nan,0.0,0.0,7,1,,,Infrastructure (DPWH)
2280845,2023,18,Department of Public Works and Highways (DPWH),001,Office of the Secretary,310111100191000,Tanza  -  Trece Martires City  -  Indang Rd   -   K0048 + (   -  398 )   -   K0049 + 472,nan,nan,nan,nan,nan,nan,nan,nan,nan,0.0,0.0,7,1,,,Infrastructure (DPWH)
2281906,2023,18,Department of Public Works and Highways (DPWH),001,Office of the Secretary,310201100215000,Tanza  -  Trece Martires City  -  Indang Rd   -   K0049 + 472   -   K0051 + 622,nan,nan,nan,nan,nan,nan,nan,nan,nan,0.0,0.0,7,1,,,Infrastructure (DPWH)
2289241,2023,18,Department of Public Works and Highways (DPWH),001,Office of the Secretary,310208100079000,Tanza  -  Trece Martires City  -  Indang Rd   -   K0052 + (   -  280 )   -   K0052 + 148,nan,nan,nan,nan,nan,nan,nan,nan,nan,0.0,0.0,7,1,,,Infrastructure (DPWH)
2283133,2023,18,Department of Public Works and Highways (DPWH),001,Office of the Secretary,310202100196000,Tanza  -  Trece Martires City  -  Indang Rd   -   K0057 + 560   -   K0059 + 137,nan,nan,nan,nan,nan,nan,nan,nan,nan,0.0,0.0,7,1,,,Infrastructure (DPWH)
2275246,2023,18,Department of Public Works and Highways (DPWH),001,Office of the Secretary,310105100689000,Tanza - Trece Martires City - Indang Rd  -  K0051 + 000  -  K0053 + 462,nan,nan,nan,nan,nan,nan,nan,nan,nan,0.0,0.0,7,1,,,Infrastructure (DPWH)
2271483,2023,18,Department of Public Works and Highways (DPWH),001,Office of the Secretary,310102100355000,Trece Martirez St   -   ( S00010LT )   -   Chainage 118   -   Chainage 533,nan,nan,nan,nan,nan,nan,nan,nan,nan,0.0,0.0,7,1,,,Infrastructure (DPWH)
2281108,2023,18,Department of Public Works and Highways (DPWH),001,Office of the Secretary,310111100472000,Trece Martirez St  -  ( S00010LT ) Chainage 000  -  Chainage 533,nan,nan,nan,nan,nan,nan,nan,nan,nan,0.0,0.0,7,1,,,Infrastructure (DPWH)
2272179,2023,18,Department of Public Works and Highways (DPWH),001,Office of the Secretary,310102101053000,Trece Martirez St  -  ( S00010LT ) Chainage 062  -  Chainage 118,nan,nan,nan,nan,nan,nan,nan,nan,nan,0.0,0.0,7,1,,,Infrastructure (DPWH)
2081054,2023,08,State Universities and Colleges (SUCs),039,Cavite State University,100000200007000,Construction of 5-Storey Academic Building (Trece Martires City Campus),nan,nan,nan,nan,nan,nan,nan,nan,nan,0.0,0.0,7,1,,,Higher Education (SUCs / CvSU)
2499139,2024,07,Department of Education (DepEd),001,Office of the Secretary,310400100003000,Operation of Schools - Junior High School (Grade 7 to Grade 10),0904177,Eugenio Cabezas National High School,04,01101101,Specific Budgets of National Government Agencies,1,Personnel Services,5010101001,Basic Salary - Civilian,4678.0,4678000.0,7,,,,Basic Education (DepEd)
2499170,2024,07,Department of Education (DepEd),001,Office of the Secretary,310400100003000,Operation of Schools - Junior High School (Grade 7 to Grade 10),0904177,Eugenio Cabezas National High School,04,01104102,Retirement and Life Insurance Premiums,1,Personnel Services,5010301000,Retirement and Life Insurance Premiums,561.0,561000.0,7,,,,Basic Education (DepEd)
2499144,2024,07,Department of Education (DepEd),001,Office of the Secretary,310400100003000,Operation of Schools - Junior High School (Grade 7 to Grade 10),0904177,Eugenio Cabezas National High School,04,01101101,Specific Budgets of National Government Agencies,1,Personnel Services,5010216001,Mid-Year Bonus - Civilian,390.0,390000.0,7,,,,Basic Education (DepEd)
2499142,2024,07,Department of Education (DepEd),001,Office of the Secretary,310400100003000,Operation of Schools - Junior High School (Grade 7 to Grade 10),0904177,Eugenio Cabezas National High School,04,01101101,Specific Budgets of National Government Agencies,1,Personnel Services,5010214001,Year-End Bonus - Civilian,390.0,390000.0,7,,,,Basic Education (DepEd)
2499140,2024,07,Department of Education (DepEd),001,Office of the Secretary,310400100003000,Operation of Schools - Junior High School (Grade 7 to Grade 10),0904177,Eugenio Cabezas National High School,04,01101101,Specific Budgets of National Government Agencies,1,Personnel Services,5010201001,PERA - Civilian,336.0,336000.0,7,,,,Basic Education (DepEd)
2499158,2024,07,Department of Education (DepEd),001,Office of the Secretary,310400100003000,Operation of Schools - Junior High School (Grade 7 to Grade 10),0904177,Eugenio Cabezas National High School,04,01101101,Specific Budgets of National Government Agencies,2,Maintenance and Other Operating Expenses,5020399000,Other Supplies and Materials Expenses,270.0,270000.0,7,,,,Basic Education (DepEd)
2499152,2024,07,Department of Education (DepEd),001,Office of the Secretary,310400100003000,Operation of Schools - Junior High School (Grade 7 to Grade 10),0904177,Eugenio Cabezas National High School,04,01101101,Specific Budgets of National Government Agencies,2,Maintenance and Other Operating Expenses,5020301002,Office Supplies Expenses,252.0,252000.0,7,,,,Basic Education (DepEd)
2499160,2024,07,Department of Education (DepEd),001,Office of the Secretary,310400100003000,Operation of Schools - Junior High School (Grade 7 to Grade 10),0904177,Eugenio Cabezas National High School,04,01101101,Specific Budgets of National Government Agencies,2,Maintenance and Other Operating Expenses,5020402000,Electricity Expenses,201.0,201000.0,7,,,,Basic Education (DepEd)
2499164,2024,07,Department of Education (DepEd),001,Office of the Secretary,310400100003000,Operation of Schools - Junior High School (Grade 7 to Grade 10),0904177,Eugenio Cabezas National High School,04,01101101,Specific Budgets of National Government Agencies,2,Maintenance and Other Operating Expenses,5021202000,Janitorial Services,171.0,171000.0,7,,,,Basic Education (DepEd)
2499151,2024,07,Department of Education (DepEd),001,Office of the Secretary,310400100003000,Operation of Schools - Junior High School (Grade 7 to Grade 10),0904177,Eugenio Cabezas National High School,04,01101101,Specific Budgets of National Government Agencies,2,Maintenance and Other Operating Expenses,5020201002,Training Expenses,133.0,133000.0,7,,,,Basic Education (DepEd)
2499147,2024,07,Department of Education (DepEd),001,Office of the Secretary,310400100003000,Operation of Schools - Junior High School (Grade 7 to Grade 10),0904177,Eugenio Cabezas National High School,04,01101101,Specific Budgets of National Government Agencies,1,Personnel Services,5010303001,PhilHealth - Civilian,105.0,105000.0,7,,,,Basic Education (DepEd)
2499159,2024,07,Department of Education (DepEd),001,Office of the Secretary,310400100003000,Operation of Schools - Junior High School (Grade 7 to Grade 10),0904177,Eugenio Cabezas National High School,04,01101101,Specific Budgets of National Government Agencies,2,Maintenance and Other Operating Expenses,5020401000,Water Expenses,101.0,101000.0,7,,,,Basic Education (DepEd)
2499165,2024,07,Department of Education (DepEd),001,Office of the Secretary,310400100003000,Operation of Schools - Junior High School (Grade 7 to Grade 10),0904177,Eugenio Cabezas National High School,04,01101101,Specific Budgets of National Government Agencies,2,Maintenance and Other Operating Expenses,5021304002,School Buildings,88.0,88000.0,7,,,,Basic Education (DepEd)
2499141,2024,07,Department of Education (DepEd),001,Office of the Secretary,310400100003000,Operation of Schools - Junior High School (Grade 7 to Grade 10),0904177,Eugenio Cabezas National High School,04,01101101,Specific Budgets of National Government Agencies,1,Personnel Services,5010204001,Clothing/Uniform Allowance - Civilian,84.0,84000.0,7,,,,Basic Education (DepEd)
2499163,2024,07,Department of Education (DepEd),001,Office of the Secretary,310400100003000,Operation of Schools - Junior High School (Grade 7 to Grade 10),0904177,Eugenio Cabezas National High School,04,01101101,Specific Budgets of National Government Agencies,2,Maintenance and Other Operating Expenses,5020503000,Internet Subscription Expenses,76.0,76000.0,7,,,,Basic Education (DepEd)
2499143,2024,07,Department of Education (DepEd),001,Office of the Secretary,310400100003000,Operation of Schools - Junior High School (Grade 7 to Grade 10),0904177,Eugenio Cabezas National High School,04,01101101,Specific Budgets of National Government Agencies,1,Personnel Services,5010215001,Cash Gift - Civilian ,70.0,70000.0,7,,,,Basic Education (DepEd)
2499145,2024,07,Department of Education (DepEd),001,Office of the Secretary,310400100003000,Operation of Schools - Junior High School (Grade 7 to Grade 10),0904177,Eugenio Cabezas National High School,04,01101101,Specific Budgets of National Government Agencies,1,Personnel Services,5010299012,Productivity Enhancement Incentive - Civilian ,70.0,70000.0,7,,,,Basic Education (DepEd)
2499157,2024,07,Department of Education (DepEd),001,Office of the Secretary,310400100003000,Operation of Schools - Junior High School (Grade 7 to Grade 10),0904177,Eugenio Cabezas National High School,04,01101101,Specific Budgets of National Government Agencies,2,Maintenance and Other Operating Expenses,5020322001,Furniture and Fixtures,63.0,63000.0,7,,,,Basic Education (DepEd)
2499155,2024,07,Department of Education (DepEd),001,Office of the Secretary,310400100003000,Operation of Schools - Junior High School (Grade 7 to Grade 10),0904177,Eugenio Cabezas National High School,04,01101101,Specific Budgets of National Government Agencies,2,Maintenance and Other Operating Expenses,5020321003,Information and Communications Technology Equipment,63.0,63000.0,7,,,,Basic Education (DepEd)
2499154,2024,07,Department of Education (DepEd),001,Office of the Secretary,310400100003000,Operation of Schools - Junior High School (Grade 7 to Grade 10),0904177,Eugenio Cabezas National High School,04,01101101,Specific Budgets of National Government Agencies,2,Maintenance and Other Operating Expenses,5020321002,Office Equipment,63.0,63000.0,7,,,,Basic Education (DepEd)
2499161,2024,07,Department of Education (DepEd),001,Office of the Secretary,310400100003000,Operation of Schools - Junior High School (Grade 7 to Grade 10),0904177,Eugenio Cabezas National High School,04,01101101,Specific Budgets of National Government Agencies,2,Maintenance and Other Operating Expenses,5020501000,Postage and Courier Expenses,38.0,38000.0,7,,,,Basic Education (DepEd)
2499162,2024,07,Department of Education (DepEd),001,Office of the Secretary,310400100003000,Operation of Schools - Junior High School (Grade 7 to Grade 10),0904177,Eugenio Cabezas National High School,04,01101101,Specific Budgets of National Government Agencies,2,Maintenance and Other Operating Expenses,5020502001,Mobile,23.0,23000.0,7,,,,Basic Education (DepEd)
2499168,2024,07,Department of Education (DepEd),001,Office of the Secretary,310400100003000,Operation of Schools - Junior High School (Grade 7 to Grade 10),0904177,Eugenio Cabezas National High School,04,01101101,Specific Budgets of National Government Agencies,2,Maintenance and Other Operating Expenses,5021322001,Furniture and Fixtures,20.0,20000.0,7,,,,Basic Education (DepEd)
2499150,2024,07,Department of Education (DepEd),001,Office of the Secretary,310400100003000,Operation of Schools - Junior High School (Grade 7 to Grade 10),0904177,Eugenio Cabezas National High School,04,01101101,Specific Budgets of National Government Agencies,2,Maintenance and Other Operating Expenses,5020101000,Traveling Expenses - Local,19.0,19000.0,7,,,,Basic Education (DepEd)
2499148,2024,07,Department of Education (DepEd),001,Office of the Secretary,310400100003000,Operation of Schools - Junior High School (Grade 7 to Grade 10),0904177,Eugenio Cabezas National High School,04,01101101,Specific Budgets of National Government Agencies,1,Personnel Services,5010304001,ECIP - Civilian,17.0,17000.0,7,,,,Basic Education (DepEd)
2499146,2024,07,Department of Education (DepEd),001,Office of the Secretary,310400100003000,Operation of Schools - Junior High School (Grade 7 to Grade 10),0904177,Eugenio Cabezas National High School,04,01101101,Specific Budgets of National Government Agencies,1,Personnel Services,5010302001,Pag-IBIG - Civilian,17.0,17000.0,7,,,,Basic Education (DepEd)
2499156,2024,07,Department of Education (DepEd),001,Office of the Secretary,310400100003000,Operation of Schools - Junior High School (Grade 7 to Grade 10),0904177,Eugenio Cabezas National High School,04,01101101,Specific Budgets of National Government Agencies,2,Maintenance and Other Operating Expenses,5020321008,Disaster Response and Rescue Equipment,13.0,13000.0,7,,,,Basic Education (DepEd)
2499149,2024,07,Department of Education (DepEd),001,Office of the Secretary,310400100003000,Operation of Schools - Junior High School (Grade 7 to Grade 10),0904177,Eugenio Cabezas National High School,04,01101101,Specific Budgets of National Government Agencies,1,Personnel Services,5010499010,Lump-sum for Step Increments - Length of Service,12.0,12000.0,7,,,,Basic Education (DepEd)
2499166,2024,07,Department of Education (DepEd),001,Office of the Secretary,310400100003000,Operation of Schools - Junior High School (Grade 7 to Grade 10),0904177,Eugenio Cabezas National High School,04,01101101,Specific Budgets of National Government Agencies,2,Maintenance and Other Operating Expenses,5021321002,Office Equipment,10.0,10000.0,7,,,,Basic Education (DepEd)
2499167,2024,07,Department of Education (DepEd),001,Office of the Secretary,310400100003000,Operation of Schools - Junior High School (Grade 7 to Grade 10),0904177,Eugenio Cabezas National High School,04,01101101,Specific Budgets of National Government Agencies,2,Maintenance and Other Operating Expenses,5021321003,Information and Communications Technology Equipment,10.0,10000.0,7,,,,Basic Education (DepEd)
2499153,2024,07,Department of Education (DepEd),001,Office of the Secretary,310400100003000,Operation of Schools - Junior High School (Grade 7 to Grade 10),0904177,Eugenio Cabezas National High School,04,01101101,Specific Budgets of National Government Agencies,2,Maintenance and Other Operating Expenses,5020302000,Accountable Forms Expenses,6.0,6000.0,7,,,,Basic Education (DepEd)
2499169,2024,07,Department of Education (DepEd),001,Office of the Secretary,310400100003000,Operation of Schools - Junior High School (Grade 7 to Grade 10),0904177,Eugenio Cabezas National High School,04,01101101,Specific Budgets of National Government Agencies,2,Maintenance and Other Operating Expenses,5021502000,Fidelity Bond Premiums,5.0,5000.0,7,,,,Basic Education (DepEd)
2497795,2024,07,Department of Education (DepEd),001,Office of the Secretary,310400100003000,Operation of Schools - Junior High School (Grade 7 to Grade 10),0904131,Francisco Osorio Integrated Senior High School,04,01101101,Specific Budgets of National Government Agencies,1,Personnel Services,5010101001,Basic Salary - Civilian,16093.0,16093000.0,7,,,,Basic Education (DepEd)
2497819,2024,07,Department of Education (DepEd),001,Office of the Secretary,310400100003000,Operation of Schools - Junior High School (Grade 7 to Grade 10),0904131,Francisco Osorio Integrated Senior High School,04,01104102,Retirement and Life Insurance Premiums,1,Personnel Services,5010301000,Retirement and Life Insurance Premiums,1931.0,1931000.0,7,,,,Basic Education (DepEd)
2497801,2024,07,Department of Education (DepEd),001,Office of the Secretary,310400100003000,Operation of Schools - Junior High School (Grade 7 to Grade 10),0904131,Francisco Osorio Integrated Senior High School,04,01101101,Specific Budgets of National Government Agencies,1,Personnel Services,5010216001,Mid-Year Bonus - Civilian,1341.0,1341000.0,7,,,,Basic Education (DepEd)
2497799,2024,07,Department of Education (DepEd),001,Office of the Secretary,310400100003000,Operation of Schools - Junior High School (Grade 7 to Grade 10),0904131,Francisco Osorio Integrated Senior High School,04,01101101,Specific Budgets of National Government Agencies,1,Personnel Services,5010214001,Year-End Bonus - Civilian,1341.0,1341000.0,7,,,,Basic Education (DepEd)
2497797,2024,07,Department of Education (DepEd),001,Office of the Secretary,310400100003000,Operation of Schools - Junior High School (Grade 7 to Grade 10),0904131,Francisco Osorio Integrated Senior High School,04,01101101,Specific Budgets of National Government Agencies,1,Personnel Services,5010201001,PERA - Civilian,1056.0,1056000.0,7,,,,Basic Education (DepEd)
2497817,2024,07,Department of Education (DepEd),001,Office of the Secretary,310400100003000,Operation of Schools - Junior High School (Grade 7 to Grade 10),0904131,Francisco Osorio Integrated Senior High School,04,01101101,Specific Budgets of National Government Agencies,2,Maintenance and Other Operating Expenses,5021304002,School Buildings,380.0,380000.0,7,,,,Basic Education (DepEd)
2497809,2024,07,Department of Education (DepEd),001,Office of the Secretary,310400100003000,Operation of Schools - Junior High School (Grade 7 to Grade 10),0904131,Francisco Osorio Integrated Senior High School,04,01101101,Specific Budgets of National Government Agencies,2,Maintenance and Other Operating Expenses,5020301002,Office Supplies Expenses,380.0,380000.0,7,,,,Basic Education (DepEd)
2497796,2024,07,Department of Education (DepEd),001,Office of the Secretary,310400100003000,Operation of Schools - Junior High School (Grade 7 to Grade 10),0904131,Francisco Osorio Integrated Senior High School,04,01101101,Specific Budgets of National Government Agencies,1,Personnel Services,5010103000,Salaries and Wages - Substitute Teachers,376.0,376000.0,7,,,,Basic Education (DepEd)
2497804,2024,07,Department of Education (DepEd),001,Office of the Secretary,310400100003000,Operation of Schools - Junior High School (Grade 7 to Grade 10),0904131,Francisco Osorio Integrated Senior High School,04,01101101,Specific Budgets of National Government Agencies,1,Personnel Services,5010303001,PhilHealth - Civilian,362.0,362000.0,7,,,,Basic Education (DepEd)
2497798,2024,07,Department of Education (DepEd),001,Office of the Secretary,310400100003000,Operation of Schools - Junior High School (Grade 7 to Grade 10),0904131,Francisco Osorio Integrated Senior High School,04,01101101,Specific Budgets of National Government Agencies,1,Personnel Services,5010204001,Clothing/Uniform Allowance - Civilian,264.0,264000.0,7,,,,Basic Education (DepEd)
2497814,2024,07,Department of Education (DepEd),001,Office of the Secretary,310400100003000,Operation of Schools - Junior High School (Grade 7 to Grade 10),0904131,Francisco Osorio Integrated Senior High School,04,01101101,Specific Budgets of National Government Agencies,2,Maintenance and Other Operating Expenses,5020402000,Electricity Expenses,257.0,257000.0,7,,,,Basic Education (DepEd)
2497800,2024,07,Department of Education (DepEd),001,Office of the Secretary,310400100003000,Operation of Schools - Junior High School (Grade 7 to Grade 10),0904131,Francisco Osorio Integrated Senior High School,04,01101101,Specific Budgets of National Government Agencies,1,Personnel Services,5010215001,Cash Gift - Civilian ,220.0,220000.0,7,,,,Basic Education (DepEd)
2497802,2024,07,Department of Education (DepEd),001,Office of the Secretary,310400100003000,Operation of Schools - Junior High School (Grade 7 to Grade 10),0904131,Francisco Osorio Integrated Senior High School,04,01101101,Specific Budgets of National Government Agencies,1,Personnel Services,5010299012,Productivity Enhancement Incentive - Civilian ,220.0,220000.0,7,,,,Basic Education (DepEd)
2497807,2024,07,Department of Education (DepEd),001,Office of the Secretary,310400100003000,Operation of Schools - Junior High School (Grade 7 to Grade 10),0904131,Francisco Osorio Integrated Senior High School,04,01101101,Specific Budgets of National Government Agencies,2,Maintenance and Other Operating Expenses,5020101000,Traveling Expenses - Local,190.0,190000.0,7,,,,Basic Education (DepEd)
2497808,2024,07,Department of Education (DepEd),001,Office of the Secretary,310400100003000,Operation of Schools - Junior High School (Grade 7 to Grade 10),0904131,Francisco Osorio Integrated Senior High School,04,01101101,Specific Budgets of National Government Agencies,2,Maintenance and Other Operating Expenses,5020201002,Training Expenses,190.0,190000.0,7,,,,Basic Education (DepEd)
2497811,2024,07,Department of Education (DepEd),001,Office of the Secretary,310400100003000,Operation of Schools - Junior High School (Grade 7 to Grade 10),0904131,Francisco Osorio Integrated Senior High School,04,01101101,Specific Budgets of National Government Agencies,2,Maintenance and Other Operating Expenses,5020321002,Office Equipment,180.0,180000.0,7,,,,Basic Education (DepEd)
2497812,2024,07,Department of Education (DepEd),001,Office of the Secretary,310400100003000,Operation of Schools - Junior High School (Grade 7 to Grade 10),0904131,Francisco Osorio Integrated Senior High School,04,01101101,Specific Budgets of National Government Agencies,2,Maintenance and Other Operating Expenses,5020399000,Other Supplies and Materials Expenses,154.0,154000.0,7,,,,Basic Education (DepEd)
2497813,2024,07,Department of Education (DepEd),001,Office of the Secretary,310400100003000,Operation of Schools - Junior High School (Grade 7 to Grade 10),0904131,Francisco Osorio Integrated Senior High School,04,01101101,Specific Budgets of National Government Agencies,2,Maintenance and Other Operating Expenses,5020401000,Water Expenses,101.0,101000.0,7,,,,Basic Education (DepEd)
2497816,2024,07,Department of Education (DepEd),001,Office of the Secretary,310400100003000,Operation of Schools - Junior High School (Grade 7 to Grade 10),0904131,Francisco Osorio Integrated Senior High School,04,01101101,Specific Budgets of National Government Agencies,2,Maintenance and Other Operating Expenses,5020503000,Internet Subscription Expenses,91.0,91000.0,7,,,,Basic Education (DepEd)
2497805,2024,07,Department of Education (DepEd),001,Office of the Secretary,310400100003000,Operation of Schools - Junior High School (Grade 7 to Grade 10),0904131,Francisco Osorio Integrated Senior High School,04,01101101,Specific Budgets of National Government Agencies,1,Personnel Services,5010304001,ECIP - Civilian,53.0,53000.0,7,,,,Basic Education (DepEd)
2497803,2024,07,Department of Education (DepEd),001,Office of the Secretary,310400100003000,Operation of Schools - Junior High School (Grade 7 to Grade 10),0904131,Francisco Osorio Integrated Senior High School,04,01101101,Specific Budgets of National Government Agencies,1,Personnel Services,5010302001,Pag-IBIG - Civilian,53.0,53000.0,7,,,,Basic Education (DepEd)
2497806,2024,07,Department of Education (DepEd),001,Office of the Secretary,310400100003000,Operation of Schools - Junior High School (Grade 7 to Grade 10),0904131,Francisco Osorio Integrated Senior High School,04,01101101,Specific Budgets of National Government Agencies,1,Personnel Services,5010499010,Lump-sum for Step Increments - Length of Service,40.0,40000.0,7,,,,Basic Education (DepEd)
2497815,2024,07,Department of Education (DepEd),001,Office of the Secretary,310400100003000,Operation of Schools - Junior High School (Grade 7 to Grade 10),0904131,Francisco Osorio Integrated Senior High School,04,01101101,Specific Budgets of National Government Agencies,2,Maintenance and Other Operating Expenses,5020502001,Mobile,23.0,23000.0,7,,,,Basic Education (DepEd)
2497818,2024,07,Department of Education (DepEd),001,Office of the Secretary,310400100003000,Operation of Schools - Junior High School (Grade 7 to Grade 10),0904131,Francisco Osorio Integrated Senior High School,04,01101101,Specific Budgets of National Government Agencies,2,Maintenance and Other Operating Expenses,5021503000,Insurance Expenses,10.0,10000.0,7,,,,Basic Education (DepEd)
2497810,2024,07,Department of Education (DepEd),001,Office of the Secretary,310400100003000,Operation of Schools - Junior High School (Grade 7 to Grade 10),0904131,Francisco Osorio Integrated Senior High School,04,01101101,Specific Budgets of National Government Agencies,2,Maintenance and Other Operating Expenses,5020302000,Accountable Forms Expenses,3.0,3000.0,7,,,,Basic Education (DepEd)
2688958,2024,07,Department of Education (DepEd),001,Office of the Secretary,310400100004000,Operation of Schools - Senior High School (Grade 11 to Grade 12),0904131,Francisco Osorio Integrated Senior High School,04,01101101,Specific Budgets of National Government Agencies,2,Maintenance and Other Operating Expenses,5020399000,Other Supplies and Materials Expenses,184.0,184000.0,7,,,,Basic Education (DepEd)
2688956,2024,07,Department of Education (DepEd),001,Office of the Secretary,310400100004000,Operation of Schools - Senior High School (Grade 11 to Grade 12),0904131,Francisco Osorio Integrated Senior High School,04,01101101,Specific Budgets of National Government Agencies,2,Maintenance and Other Operating Expenses,5020301002,Office Supplies Expenses,110.0,110000.0,7,,,,Basic Education (DepEd)
2688960,2024,07,Department of Education (DepEd),001,Office of the Secretary,310400100004000,Operation of Schools - Senior High School (Grade 11 to Grade 12),0904131,Francisco Osorio Integrated Senior High School,04,01101101,Specific Budgets of National Government Agencies,2,Maintenance and Other Operating Expenses,5020402000,Electricity Expenses,69.0,69000.0,7,,,,Basic Education (DepEd)
2688961,2024,07,Department of Education (DepEd),001,Office of the Secretary,310400100004000,Operation of Schools - Senior High School (Grade 11 to Grade 12),0904131,Francisco Osorio Integrated Senior High School,04,01101101,Specific Budgets of National Government Agencies,2,Maintenance and Other Operating Expenses,5020503000,Internet Subscription Expenses,66.0,66000.0,7,,,,Basic Education (DepEd)
2688955,2024,07,Department of Education (DepEd),001,Office of the Secretary,310400100004000,Operation of Schools - Senior High School (Grade 11 to Grade 12),0904131,Francisco Osorio Integrated Senior High School,04,01101101,Specific Budgets of National Government Agencies,2,Maintenance and Other Operating Expenses,5020101000,Traveling Expenses - Local,44.0,44000.0,7,,,,Basic Education (DepEd)
2688957,2024,07,Department of Education (DepEd),001,Office of the Secretary,310400100004000,Operation of Schools - Senior High School (Grade 11 to Grade 12),0904131,Francisco Osorio Integrated Senior High School,04,01101101,Specific Budgets of National Government Agencies,2,Maintenance and Other Operating Expenses,5020321002,Office Equipment,44.0,44000.0,7,,,,Basic Education (DepEd)
2688959,2024,07,Department of Education (DepEd),001,Office of the Secretary,310400100004000,Operation of Schools - Senior High School (Grade 11 to Grade 12),0904131,Francisco Osorio Integrated Senior High School,04,01101101,Specific Budgets of National Government Agencies,2,Maintenance and Other Operating Expenses,5020401000,Water Expenses,44.0,44000.0,7,,,,Basic Education (DepEd)
2498291,2024,07,Department of Education (DepEd),001,Office of the Secretary,310400100003000,Operation of Schools - Junior High School (Grade 7 to Grade 10),0904148,Luis Aguado National High School,04,01101101,Specific Budgets of National Government Agencies,1,Personnel Services,5010101001,Basic Salary - Civilian,32244.0,32244000.0,7,,,,Basic Education (DepEd)
2498322,2024,07,Department of Education (DepEd),001,Office of the Secretary,310400100003000,Operation of Schools - Junior High School (Grade 7 to Grade 10),0904148,Luis Aguado National High School,04,01104102,Retirement and Life Insurance Premiums,1,Personnel Services,5010301000,Retirement and Life Insurance Premiums,3869.0,3869000.0,7,,,,Basic Education (DepEd)
2498295,2024,07,Department of Education (DepEd),001,Office of the Secretary,310400100003000,Operation of Schools - Junior High School (Grade 7 to Grade 10),0904148,Luis Aguado National High School,04,01101101,Specific Budgets of National Government Agencies,1,Personnel Services,5010214001,Year-End Bonus - Civilian,2687.0,2687000.0,7,,,,Basic Education (DepEd)
2498297,2024,07,Department of Education (DepEd),001,Office of the Secretary,310400100003000,Operation of Schools - Junior High School (Grade 7 to Grade 10),0904148,Luis Aguado National High School,04,01101101,Specific Budgets of National Government Agencies,1,Personnel Services,5010216001,Mid-Year Bonus - Civilian,2687.0,2687000.0,7,,,,Basic Education (DepEd)
2498293,2024,07,Department of Education (DepEd),001,Office of the Secretary,310400100003000,Operation of Schools - Junior High School (Grade 7 to Grade 10),0904148,Luis Aguado National High School,04,01101101,Specific Budgets of National Government Agencies,1,Personnel Services,5010201001,PERA - Civilian,2160.0,2160000.0,7,,,,Basic Education (DepEd)
2498292,2024,07,Department of Education (DepEd),001,Office of the Secretary,310400100003000,Operation of Schools - Junior High School (Grade 7 to Grade 10),0904148,Luis Aguado National High School,04,01101101,Specific Budgets of National Government Agencies,1,Personnel Services,5010103000,Salaries and Wages - Substitute Teachers,847.0,847000.0,7,,,,Basic Education (DepEd)
2498300,2024,07,Department of Education (DepEd),001,Office of the Secretary,310400100003000,Operation of Schools - Junior High School (Grade 7 to Grade 10),0904148,Luis Aguado National High School,04,01101101,Specific Budgets of National Government Agencies,1,Personnel Services,5010303001,PhilHealth - Civilian,725.0,725000.0,7,,,,Basic Education (DepEd)
2498319,2024,07,Department of Education (DepEd),001,Office of the Secretary,310400100003000,Operation of Schools - Junior High School (Grade 7 to Grade 10),0904148,Luis Aguado National High School,04,01101101,Specific Budgets of National Government Agencies,2,Maintenance and Other Operating Expenses,5021304002,School Buildings,629.0,629000.0,7,,,,Basic Education (DepEd)
2498314,2024,07,Department of Education (DepEd),001,Office of the Secretary,310400100003000,Operation of Schools - Junior High School (Grade 7 to Grade 10),0904148,Luis Aguado National High School,04,01101101,Specific Budgets of National Government Agencies,2,Maintenance and Other Operating Expenses,5020402000,Electricity Expenses,616.0,616000.0,7,,,,Basic Education (DepEd)
2498294,2024,07,Department of Education (DepEd),001,Office of the Secretary,310400100003000,Operation of Schools - Junior High School (Grade 7 to Grade 10),0904148,Luis Aguado National High School,04,01101101,Specific Budgets of National Government Agencies,1,Personnel Services,5010204001,Clothing/Uniform Allowance - Civilian,540.0,540000.0,7,,,,Basic Education (DepEd)
2498307,2024,07,Department of Education (DepEd),001,Office of the Secretary,310400100003000,Operation of Schools - Junior High School (Grade 7 to Grade 10),0904148,Luis Aguado National High School,04,01101101,Specific Budgets of National Government Agencies,2,Maintenance and Other Operating Expenses,5020301002,Office Supplies Expenses,503.0,503000.0,7,,,,Basic Education (DepEd)
2498298,2024,07,Department of Education (DepEd),001,Office of the Secretary,310400100003000,Operation of Schools - Junior High School (Grade 7 to Grade 10),0904148,Luis Aguado National High School,04,01101101,Specific Budgets of National Government Agencies,1,Personnel Services,5010299012,Productivity Enhancement Incentive - Civilian ,450.0,450000.0,7,,,,Basic Education (DepEd)
2498296,2024,07,Department of Education (DepEd),001,Office of the Secretary,310400100003000,Operation of Schools - Junior High School (Grade 7 to Grade 10),0904148,Luis Aguado National High School,04,01101101,Specific Budgets of National Government Agencies,1,Personnel Services,5010215001,Cash Gift - Civilian ,450.0,450000.0,7,,,,Basic Education (DepEd)
2498318,2024,07,Department of Education (DepEd),001,Office of the Secretary,310400100003000,Operation of Schools - Junior High School (Grade 7 to Grade 10),0904148,Luis Aguado National High School,04,01101101,Specific Budgets of National Government Agencies,2,Maintenance and Other Operating Expenses,5021202000,Janitorial Services,377.0,377000.0,7,,,,Basic Education (DepEd)
2498305,2024,07,Department of Education (DepEd),001,Office of the Secretary,310400100003000,Operation of Schools - Junior High School (Grade 7 to Grade 10),0904148,Luis Aguado National High School,04,01101101,Specific Budgets of National Government Agencies,2,Maintenance and Other Operating Expenses,5020201002,Training Expenses,264.0,264000.0,7,,,,Basic Education (DepEd)
2498312,2024,07,Department of Education (DepEd),001,Office of the Secretary,310400100003000,Operation of Schools - Junior High School (Grade 7 to Grade 10),0904148,Luis Aguado National High School,04,01101101,Specific Budgets of National Government Agencies,2,Maintenance and Other Operating Expenses,5020399000,Other Supplies and Materials Expenses,252.0,252000.0,7,,,,Basic Education (DepEd)
2498311,2024,07,Department of Education (DepEd),001,Office of the Secretary,310400100003000,Operation of Schools - Junior High School (Grade 7 to Grade 10),0904148,Luis Aguado National High School,04,01101101,Specific Budgets of National Government Agencies,2,Maintenance and Other Operating Expenses,5020322001,Furniture and Fixtures,141.0,141000.0,7,,,,Basic Education (DepEd)
2498301,2024,07,Department of Education (DepEd),001,Office of the Secretary,310400100003000,Operation of Schools - Junior High School (Grade 7 to Grade 10),0904148,Luis Aguado National High School,04,01101101,Specific Budgets of National Government Agencies,1,Personnel Services,5010304001,ECIP - Civilian,108.0,108000.0,7,,,,Basic Education (DepEd)
2498303,2024,07,Department of Education (DepEd),001,Office of the Secretary,310400100003000,Operation of Schools - Junior High School (Grade 7 to Grade 10),0904148,Luis Aguado National High School,04,01101101,Specific Budgets of National Government Agencies,2,Maintenance and Other Operating Expenses,5020101000,Traveling Expenses - Local,108.0,108000.0,7,,,,Basic Education (DepEd)
2498299,2024,07,Department of Education (DepEd),001,Office of the Secretary,310400100003000,Operation of Schools - Junior High School (Grade 7 to Grade 10),0904148,Luis Aguado National High School,04,01101101,Specific Budgets of National Government Agencies,1,Personnel Services,5010302001,Pag-IBIG - Civilian,108.0,108000.0,7,,,,Basic Education (DepEd)
2498313,2024,07,Department of Education (DepEd),001,Office of the Secretary,310400100003000,Operation of Schools - Junior High School (Grade 7 to Grade 10),0904148,Luis Aguado National High School,04,01101101,Specific Budgets of National Government Agencies,2,Maintenance and Other Operating Expenses,5020401000,Water Expenses,108.0,108000.0,7,,,,Basic Education (DepEd)
2498309,2024,07,Department of Education (DepEd),001,Office of the Secretary,310400100003000,Operation of Schools - Junior High School (Grade 7 to Grade 10),0904148,Luis Aguado National High School,04,01101101,Specific Budgets of National Government Agencies,2,Maintenance and Other Operating Expenses,5020321002,Office Equipment,101.0,101000.0,7,,,,Basic Education (DepEd)
2498317,2024,07,Department of Education (DepEd),001,Office of the Secretary,310400100003000,Operation of Schools - Junior High School (Grade 7 to Grade 10),0904148,Luis Aguado National High School,04,01101101,Specific Budgets of National Government Agencies,2,Maintenance and Other Operating Expenses,5020503000,Internet Subscription Expenses,94.0,94000.0,7,,,,Basic Education (DepEd)
2498302,2024,07,Department of Education (DepEd),001,Office of the Secretary,310400100003000,Operation of Schools - Junior High School (Grade 7 to Grade 10),0904148,Luis Aguado National High School,04,01101101,Specific Budgets of National Government Agencies,1,Personnel Services,5010499010,Lump-sum for Step Increments - Length of Service,81.0,81000.0,7,,,,Basic Education (DepEd)
2498320,2024,07,Department of Education (DepEd),001,Office of the Secretary,310400100003000,Operation of Schools - Junior High School (Grade 7 to Grade 10),0904148,Luis Aguado National High School,04,01101101,Specific Budgets of National Government Agencies,2,Maintenance and Other Operating Expenses,5021321002,Office Equipment,70.0,70000.0,7,,,,Basic Education (DepEd)
2498306,2024,07,Department of Education (DepEd),001,Office of the Secretary,310400100003000,Operation of Schools - Junior High School (Grade 7 to Grade 10),0904148,Luis Aguado National High School,04,01101101,Specific Budgets of National Government Agencies,2,Maintenance and Other Operating Expenses,5020301001,ICT Office Supplies Expenses,63.0,63000.0,7,,,,Basic Education (DepEd)
2498304,2024,07,Department of Education (DepEd),001,Office of the Secretary,310400100003000,Operation of Schools - Junior High School (Grade 7 to Grade 10),0904148,Luis Aguado National High School,04,01101101,Specific Budgets of National Government Agencies,2,Maintenance and Other Operating Expenses,5020201001,ICT Training Expenses,38.0,38000.0,7,,,,Basic Education (DepEd)
2498310,2024,07,Department of Education (DepEd),001,Office of the Secretary,310400100003000,Operation of Schools - Junior High School (Grade 7 to Grade 10),0904148,Luis Aguado National High School,04,01101101,Specific Budgets of National Government Agencies,2,Maintenance and Other Operating Expenses,5020321003,Information and Communications Technology Equipment,38.0,38000.0,7,,,,Basic Education (DepEd)
2498315,2024,07,Department of Education (DepEd),001,Office of the Secretary,310400100003000,Operation of Schools - Junior High School (Grade 7 to Grade 10),0904148,Luis Aguado National High School,04,01101101,Specific Budgets of National Government Agencies,2,Maintenance and Other Operating Expenses,5020502001,Mobile,23.0,23000.0,7,,,,Basic Education (DepEd)
2498316,2024,07,Department of Education (DepEd),001,Office of the Secretary,310400100003000,Operation of Schools - Junior High School (Grade 7 to Grade 10),0904148,Luis Aguado National High School,04,01101101,Specific Budgets of National Government Agencies,2,Maintenance and Other Operating Expenses,5020502002,Landline,23.0,23000.0,7,,,,Basic Education (DepEd)
2498321,2024,07,Department of Education (DepEd),001,Office of the Secretary,310400100003000,Operation of Schools - Junior High School (Grade 7 to Grade 10),0904148,Luis Aguado National High School,04,01101101,Specific Budgets of National Government Agencies,2,Maintenance and Other Operating Expenses,5021502000,Fidelity Bond Premiums,9.0,9000.0,7,,,,Basic Education (DepEd)
2498308,2024,07,Department of Education (DepEd),001,Office of the Secretary,310400100003000,Operation of Schools - Junior High School (Grade 7 to Grade 10),0904148,Luis Aguado National High School,04,01101101,Specific Budgets of National Government Agencies,2,Maintenance and Other Operating Expenses,5020302000,Accountable Forms Expenses,4.0,4000.0,7,,,,Basic Education (DepEd)
2693481,2024,07,Department of Education (DepEd),001,Office of the Secretary,310400100004000,Operation of Schools - Senior High School (Grade 11 to Grade 12),0904798,Trece Martires City Senior High School,04,01101101,Specific Budgets of National Government Agencies,2,Maintenance and Other Operating Expenses,5020301002,Office Supplies Expenses,837.0,837000.0,7,,,,Basic Education (DepEd)
2693487,2024,07,Department of Education (DepEd),001,Office of the Secretary,310400100004000,Operation of Schools - Senior High School (Grade 11 to Grade 12),0904798,Trece Martires City Senior High School,04,01101101,Specific Budgets of National Government Agencies,2,Maintenance and Other Operating Expenses,5020399000,Other Supplies and Materials Expenses,704.0,704000.0,7,,,,Basic Education (DepEd)
2693493,2024,07,Department of Education (DepEd),001,Office of the Secretary,310400100004000,Operation of Schools - Senior High School (Grade 11 to Grade 12),0904798,Trece Martires City Senior High School,04,01101101,Specific Budgets of National Government Agencies,2,Maintenance and Other Operating Expenses,5021304002,School Buildings,547.0,547000.0,7,,,,Basic Education (DepEd)
2693480,2024,07,Department of Education (DepEd),001,Office of the Secretary,310400100004000,Operation of Schools - Senior High School (Grade 11 to Grade 12),0904798,Trece Martires City Senior High School,04,01101101,Specific Budgets of National Government Agencies,2,Maintenance and Other Operating Expenses,5020201002,Training Expenses,217.0,217000.0,7,,,,Basic Education (DepEd)
2693485,2024,07,Department of Education (DepEd),001,Office of the Secretary,310400100004000,Operation of Schools - Senior High School (Grade 11 to Grade 12),0904798,Trece Martires City Senior High School,04,01101101,Specific Budgets of National Government Agencies,2,Maintenance and Other Operating Expenses,5020321003,Information and Communications Technology Equipment,208.0,208000.0,7,,,,Basic Education (DepEd)
2693489,2024,07,Department of Education (DepEd),001,Office of the Secretary,310400100004000,Operation of Schools - Senior High School (Grade 11 to Grade 12),0904798,Trece Martires City Senior High School,04,01101101,Specific Budgets of National Government Agencies,2,Maintenance and Other Operating Expenses,5020402000,Electricity Expenses,208.0,208000.0,7,,,,Basic Education (DepEd)
2693486,2024,07,Department of Education (DepEd),001,Office of the Secretary,310400100004000,Operation of Schools - Senior High School (Grade 11 to Grade 12),0904798,Trece Martires City Senior High School,04,01101101,Specific Budgets of National Government Agencies,2,Maintenance and Other Operating Expenses,5020321008,Disaster Response and Rescue Equipment,139.0,139000.0,7,,,,Basic Education (DepEd)
2693484,2024,07,Department of Education (DepEd),001,Office of the Secretary,310400100004000,Operation of Schools - Senior High School (Grade 11 to Grade 12),0904798,Trece Martires City Senior High School,04,01101101,Specific Budgets of National Government Agencies,2,Maintenance and Other Operating Expenses,5020321002,Office Equipment,69.0,69000.0,7,,,,Basic Education (DepEd)
2693492,2024,07,Department of Education (DepEd),001,Office of the Secretary,310400100004000,Operation of Schools - Senior High School (Grade 11 to Grade 12),0904798,Trece Martires City Senior High School,04,01101101,Specific Budgets of National Government Agencies,2,Maintenance and Other Operating Expenses,5021202000,Janitorial Services,65.0,65000.0,7,,,,Basic Education (DepEd)
2693491,2024,07,Department of Education (DepEd),001,Office of the Secretary,310400100004000,Operation of Schools - Senior High School (Grade 11 to Grade 12),0904798,Trece Martires City Senior High School,04,01101101,Specific Budgets of National Government Agencies,2,Maintenance and Other Operating Expenses,5020503000,Internet Subscription Expenses,62.0,62000.0,7,,,,Basic Education (DepEd)
2693488,2024,07,Department of Education (DepEd),001,Office of the Secretary,310400100004000,Operation of Schools - Senior High School (Grade 11 to Grade 12),0904798,Trece Martires City Senior High School,04,01101101,Specific Budgets of National Government Agencies,2,Maintenance and Other Operating Expenses,5020401000,Water Expenses,29.0,29000.0,7,,,,Basic Education (DepEd)
2693490,2024,07,Department of Education (DepEd),001,Office of the Secretary,310400100004000,Operation of Schools - Senior High School (Grade 11 to Grade 12),0904798,Trece Martires City Senior High School,04,01101101,Specific Budgets of National Government Agencies,2,Maintenance and Other Operating Expenses,5020502001,Mobile,26.0,26000.0,7,,,,Basic Education (DepEd)
2693479,2024,07,Department of Education (DepEd),001,Office of the Secretary,310400100004000,Operation of Schools - Senior High School (Grade 11 to Grade 12),0904798,Trece Martires City Senior High School,04,01101101,Specific Budgets of National Government Agencies,2,Maintenance and Other Operating Expenses,5020101000,Traveling Expenses - Local,22.0,22000.0,7,,,,Basic Education (DepEd)
2693483,2024,07,Department of Education (DepEd),001,Office of the Secretary,310400100004000,Operation of Schools - Senior High School (Grade 11 to Grade 12),0904798,Trece Martires City Senior High School,04,01101101,Specific Budgets of National Government Agencies,2,Maintenance and Other Operating Expenses,5020307000,Drugs and Medicines Expenses,17.0,17000.0,7,,,,Basic Education (DepEd)
2693482,2024,07,Department of Education (DepEd),001,Office of the Secretary,310400100004000,Operation of Schools - Senior High School (Grade 11 to Grade 12),0904798,Trece Martires City Senior High School,04,01101101,Specific Budgets of National Government Agencies,2,Maintenance and Other Operating Expenses,5020302000,Accountable Forms Expenses,8.0,8000.0,7,,,,Basic Education (DepEd)
2499108,2024,07,Department of Education (DepEd),001,Office of the Secretary,310400100003000,Operation of Schools - Junior High School (Grade 7 to Grade 10),0904176,Trece Martirez City National High School,04,01101101,Specific Budgets of National Government Agencies,1,Personnel Services,5010101001,Basic Salary - Civilian,138175.0,138175000.0,7,,,,Basic Education (DepEd)
2499138,2024,07,Department of Education (DepEd),001,Office of the Secretary,310400100003000,Operation of Schools - Junior High School (Grade 7 to Grade 10),0904176,Trece Martirez City National High School,04,01104102,Retirement and Life Insurance Premiums,1,Personnel Services,5010301000,Retirement and Life Insurance Premiums,16581.0,16581000.0,7,,,,Basic Education (DepEd)
2499115,2024,07,Department of Education (DepEd),001,Office of the Secretary,310400100003000,Operation of Schools - Junior High School (Grade 7 to Grade 10),0904176,Trece Martirez City National High School,04,01101101,Specific Budgets of National Government Agencies,1,Personnel Services,5010216001,Mid-Year Bonus - Civilian,11515.0,11515000.0,7,,,,Basic Education (DepEd)
2499113,2024,07,Department of Education (DepEd),001,Office of the Secretary,310400100003000,Operation of Schools - Junior High School (Grade 7 to Grade 10),0904176,Trece Martirez City National High School,04,01101101,Specific Budgets of National Government Agencies,1,Personnel Services,5010214001,Year-End Bonus - Civilian,11515.0,11515000.0,7,,,,Basic Education (DepEd)
2499111,2024,07,Department of Education (DepEd),001,Office of the Secretary,310400100003000,Operation of Schools - Junior High School (Grade 7 to Grade 10),0904176,Trece Martirez City National High School,04,01101101,Specific Budgets of National Government Agencies,1,Personnel Services,5010201001,PERA - Civilian,9408.0,9408000.0,7,,,,Basic Education (DepEd)
2499124,2024,07,Department of Education (DepEd),001,Office of the Secretary,310400100003000,Operation of Schools - Junior High School (Grade 7 to Grade 10),0904176,Trece Martirez City National High School,04,01101101,Specific Budgets of National Government Agencies,2,Maintenance and Other Operating Expenses,5020301002,Office Supplies Expenses,5158.0,5158000.0,7,,,,Basic Education (DepEd)
2499110,2024,07,Department of Education (DepEd),001,Office of the Secretary,310400100003000,Operation of Schools - Junior High School (Grade 7 to Grade 10),0904176,Trece Martirez City National High School,04,01101101,Specific Budgets of National Government Agencies,1,Personnel Services,5010103000,Salaries and Wages - Substitute Teachers,3669.0,3669000.0,7,,,,Basic Education (DepEd)
2499118,2024,07,Department of Education (DepEd),001,Office of the Secretary,310400100003000,Operation of Schools - Junior High School (Grade 7 to Grade 10),0904176,Trece Martirez City National High School,04,01101101,Specific Budgets of National Government Agencies,1,Personnel Services,5010303001,PhilHealth - Civilian,3109.0,3109000.0,7,,,,Basic Education (DepEd)
2499130,2024,07,Department of Education (DepEd),001,Office of the Secretary,310400100003000,Operation of Schools - Junior High School (Grade 7 to Grade 10),0904176,Trece Martirez City National High School,04,01101101,Specific Budgets of National Government Agencies,2,Maintenance and Other Operating Expenses,5020402000,Electricity Expenses,2558.0,2558000.0,7,,,,Basic Education (DepEd)
2499112,2024,07,Department of Education (DepEd),001,Office of the Secretary,310400100003000,Operation of Schools - Junior High School (Grade 7 to Grade 10),0904176,Trece Martirez City National High School,04,01101101,Specific Budgets of National Government Agencies,1,Personnel Services,5010204001,Clothing/Uniform Allowance - Civilian,2352.0,2352000.0,7,,,,Basic Education (DepEd)
2499128,2024,07,Department of Education (DepEd),001,Office of the Secretary,310400100003000,Operation of Schools - Junior High School (Grade 7 to Grade 10),0904176,Trece Martirez City National High School,04,01101101,Specific Budgets of National Government Agencies,2,Maintenance and Other Operating Expenses,5020399000,Other Supplies and Materials Expenses,2066.0,2066000.0,7,,,,Basic Education (DepEd)
2499116,2024,07,Department of Education (DepEd),001,Office of the Secretary,310400100003000,Operation of Schools - Junior High School (Grade 7 to Grade 10),0904176,Trece Martirez City National High School,04,01101101,Specific Budgets of National Government Agencies,1,Personnel Services,5010299012,Productivity Enhancement Incentive - Civilian ,1960.0,1960000.0,7,,,,Basic Education (DepEd)
2499114,2024,07,Department of Education (DepEd),001,Office of the Secretary,310400100003000,Operation of Schools - Junior High School (Grade 7 to Grade 10),0904176,Trece Martirez City National High School,04,01101101,Specific Budgets of National Government Agencies,1,Personnel Services,5010215001,Cash Gift - Civilian ,1960.0,1960000.0,7,,,,Basic Education (DepEd)
2499109,2024,07,Department of Education (DepEd),001,Office of the Secretary,310400100003000,Operation of Schools - Junior High School (Grade 7 to Grade 10),0904176,Trece Martirez City National High School,04,01101101,Specific Budgets of National Government Agencies,1,Personnel Services,5010102000,Salaries and Wages - Casual/Contractual,1557.0,1557000.0,7,,,,Basic Education (DepEd)
2499125,2024,07,Department of Education (DepEd),001,Office of the Secretary,310400100003000,Operation of Schools - Junior High School (Grade 7 to Grade 10),0904176,Trece Martirez City National High School,04,01101101,Specific Budgets of National Government Agencies,2,Maintenance and Other Operating Expenses,5020302000,Accountable Forms Expenses,1314.0,1314000.0,7,,,,Basic Education (DepEd)
2499121,2024,07,Department of Education (DepEd),001,Office of the Secretary,310400100003000,Operation of Schools - Junior High School (Grade 7 to Grade 10),0904176,Trece Martirez City National High School,04,01101101,Specific Budgets of National Government Agencies,2,Maintenance and Other Operating Expenses,5020101000,Traveling Expenses - Local,884.0,884000.0,7,,,,Basic Education (DepEd)
2499134,2024,07,Department of Education (DepEd),001,Office of the Secretary,310400100003000,Operation of Schools - Junior High School (Grade 7 to Grade 10),0904176,Trece Martirez City National High School,04,01101101,Specific Budgets of National Government Agencies,2,Maintenance and Other Operating Expenses,5021304002,School Buildings,775.0,775000.0,7,,,,Basic Education (DepEd)
2499122,2024,07,Department of Education (DepEd),001,Office of the Secretary,310400100003000,Operation of Schools - Junior High School (Grade 7 to Grade 10),0904176,Trece Martirez City National High School,04,01101101,Specific Budgets of National Government Agencies,2,Maintenance and Other Operating Expenses,5020201001,ICT Training Expenses,648.0,648000.0,7,,,,Basic Education (DepEd)
2499117,2024,07,Department of Education (DepEd),001,Office of the Secretary,310400100003000,Operation of Schools - Junior High School (Grade 7 to Grade 10),0904176,Trece Martirez City National High School,04,01101101,Specific Budgets of National Government Agencies,1,Personnel Services,5010302001,Pag-IBIG - Civilian,470.0,470000.0,7,,,,Basic Education (DepEd)
2499119,2024,07,Department of Education (DepEd),001,Office of the Secretary,310400100003000,Operation of Schools - Junior High School (Grade 7 to Grade 10),0904176,Trece Martirez City National High School,04,01101101,Specific Budgets of National Government Agencies,1,Personnel Services,5010304001,ECIP - Civilian,470.0,470000.0,7,,,,Basic Education (DepEd)
2499120,2024,07,Department of Education (DepEd),001,Office of the Secretary,310400100003000,Operation of Schools - Junior High School (Grade 7 to Grade 10),0904176,Trece Martirez City National High School,04,01101101,Specific Budgets of National Government Agencies,1,Personnel Services,5010499010,Lump-sum for Step Increments - Length of Service,345.0,345000.0,7,,,,Basic Education (DepEd)
2499123,2024,07,Department of Education (DepEd),001,Office of the Secretary,310400100003000,Operation of Schools - Junior High School (Grade 7 to Grade 10),0904176,Trece Martirez City National High School,04,01101101,Specific Budgets of National Government Agencies,2,Maintenance and Other Operating Expenses,5020201002,Training Expenses,303.0,303000.0,7,,,,Basic Education (DepEd)
2499126,2024,07,Department of Education (DepEd),001,Office of the Secretary,310400100003000,Operation of Schools - Junior High School (Grade 7 to Grade 10),0904176,Trece Martirez City National High School,04,01101101,Specific Budgets of National Government Agencies,2,Maintenance and Other Operating Expenses,5020308000,"Medical, Dental and Laboratory Supplies Expenses",255.0,255000.0,7,,,,Basic Education (DepEd)
2499127,2024,07,Department of Education (DepEd),001,Office of the Secretary,310400100003000,Operation of Schools - Junior High School (Grade 7 to Grade 10),0904176,Trece Martirez City National High School,04,01101101,Specific Budgets of National Government Agencies,2,Maintenance and Other Operating Expenses,5020309000,"Fuel, Oil and Lubricants Expenses",124.0,124000.0,7,,,,Basic Education (DepEd)
2499131,2024,07,Department of Education (DepEd),001,Office of the Secretary,310400100003000,Operation of Schools - Junior High School (Grade 7 to Grade 10),0904176,Trece Martirez City National High School,04,01101101,Specific Budgets of National Government Agencies,2,Maintenance and Other Operating Expenses,5020502001,Mobile,91.0,91000.0,7,,,,Basic Education (DepEd)
2499132,2024,07,Department of Education (DepEd),001,Office of the Secretary,310400100003000,Operation of Schools - Junior High School (Grade 7 to Grade 10),0904176,Trece Martirez City National High School,04,01101101,Specific Budgets of National Government Agencies,2,Maintenance and Other Operating Expenses,5020502002,Landline,71.0,71000.0,7,,,,Basic Education (DepEd)
2499133,2024,07,Department of Education (DepEd),001,Office of the Secretary,310400100003000,Operation of Schools - Junior High School (Grade 7 to Grade 10),0904176,Trece Martirez City National High School,04,01101101,Specific Budgets of National Government Agencies,2,Maintenance and Other Operating Expenses,5020503000,Internet Subscription Expenses,66.0,66000.0,7,,,,Basic Education (DepEd)
2499129,2024,07,Department of Education (DepEd),001,Office of the Secretary,310400100003000,Operation of Schools - Junior High School (Grade 7 to Grade 10),0904176,Trece Martirez City National High School,04,01101101,Specific Budgets of National Government Agencies,2,Maintenance and Other Operating Expenses,5020401000,Water Expenses,51.0,51000.0,7,,,,Basic Education (DepEd)
2499136,2024,07,Department of Education (DepEd),001,Office of the Secretary,310400100003000,Operation of Schools - Junior High School (Grade 7 to Grade 10),0904176,Trece Martirez City National High School,04,01101101,Specific Budgets of National Government Agencies,2,Maintenance and Other Operating Expenses,5029903000,Representation Expenses,41.0,41000.0,7,,,,Basic Education (DepEd)
2499137,2024,07,Department of Education (DepEd),001,Office of the Secretary,310400100003000,Operation of Schools - Junior High School (Grade 7 to Grade 10),0904176,Trece Martirez City National High School,04,01101101,Specific Budgets of National Government Agencies,2,Maintenance and Other Operating Expenses,5029904000,Transportation and Delivery Expenses,35.0,35000.0,7,,,,Basic Education (DepEd)
2499135,2024,07,Department of Education (DepEd),001,Office of the Secretary,310400100003000,Operation of Schools - Junior High School (Grade 7 to Grade 10),0904176,Trece Martirez City National High School,04,01101101,Specific Budgets of National Government Agencies,2,Maintenance and Other Operating Expenses,5021502000,Fidelity Bond Premiums,10.0,10000.0,7,,,,Basic Education (DepEd)
2499181,2024,07,Department of Education (DepEd),001,Office of the Secretary,310400100003000,Operation of Schools - Junior High School (Grade 7 to Grade 10),0904178,Trece Martirez City National High School (Cochu Annex),04,01101101,Specific Budgets of National Government Agencies,2,Maintenance and Other Operating Expenses,5020402000,Electricity Expenses,161.0,161000.0,7,,,,Basic Education (DepEd)
2499185,2024,07,Department of Education (DepEd),001,Office of the Secretary,310400100003000,Operation of Schools - Junior High School (Grade 7 to Grade 10),0904178,Trece Martirez City National High School (Cochu Annex),04,01101101,Specific Budgets of National Government Agencies,2,Maintenance and Other Operating Expenses,5021202000,Janitorial Services,133.0,133000.0,7,,,,Basic Education (DepEd)
2499172,2024,07,Department of Education (DepEd),001,Office of the Secretary,310400100003000,Operation of Schools - Junior High School (Grade 7 to Grade 10),0904178,Trece Martirez City National High School (Cochu Annex),04,01101101,Specific Budgets of National Government Agencies,2,Maintenance and Other Operating Expenses,5020201002,Training Expenses,124.0,124000.0,7,,,,Basic Education (DepEd)
2499186,2024,07,Department of Education (DepEd),001,Office of the Secretary,310400100003000,Operation of Schools - Junior High School (Grade 7 to Grade 10),0904178,Trece Martirez City National High School (Cochu Annex),04,01101101,Specific Budgets of National Government Agencies,2,Maintenance and Other Operating Expenses,5021304002,School Buildings,124.0,124000.0,7,,,,Basic Education (DepEd)
2499175,2024,07,Department of Education (DepEd),001,Office of the Secretary,310400100003000,Operation of Schools - Junior High School (Grade 7 to Grade 10),0904178,Trece Martirez City National High School (Cochu Annex),04,01101101,Specific Budgets of National Government Agencies,2,Maintenance and Other Operating Expenses,5020321002,Office Equipment,87.0,87000.0,7,,,,Basic Education (DepEd)
2499176,2024,07,Department of Education (DepEd),001,Office of the Secretary,310400100003000,Operation of Schools - Junior High School (Grade 7 to Grade 10),0904178,Trece Martirez City National High School (Cochu Annex),04,01101101,Specific Budgets of National Government Agencies,2,Maintenance and Other Operating Expenses,5020321003,Information and Communications Technology Equipment,87.0,87000.0,7,,,,Basic Education (DepEd)
2499179,2024,07,Department of Education (DepEd),001,Office of the Secretary,310400100003000,Operation of Schools - Junior High School (Grade 7 to Grade 10),0904178,Trece Martirez City National High School (Cochu Annex),04,01101101,Specific Budgets of National Government Agencies,2,Maintenance and Other Operating Expenses,5020399000,Other Supplies and Materials Expenses,79.0,79000.0,7,,,,Basic Education (DepEd)
2499180,2024,07,Department of Education (DepEd),001,Office of the Secretary,310400100003000,Operation of Schools - Junior High School (Grade 7 to Grade 10),0904178,Trece Martirez City National High School (Cochu Annex),04,01101101,Specific Budgets of National Government Agencies,2,Maintenance and Other Operating Expenses,5020401000,Water Expenses,74.0,74000.0,7,,,,Basic Education (DepEd)
2499184,2024,07,Department of Education (DepEd),001,Office of the Secretary,310400100003000,Operation of Schools - Junior High School (Grade 7 to Grade 10),0904178,Trece Martirez City National High School (Cochu Annex),04,01101101,Specific Budgets of National Government Agencies,2,Maintenance and Other Operating Expenses,5020503000,Internet Subscription Expenses,74.0,74000.0,7,,,,Basic Education (DepEd)
2499171,2024,07,Department of Education (DepEd),001,Office of the Secretary,310400100003000,Operation of Schools - Junior High School (Grade 7 to Grade 10),0904178,Trece Martirez City National High School (Cochu Annex),04,01101101,Specific Budgets of National Government Agencies,2,Maintenance and Other Operating Expenses,5020101000,Traveling Expenses - Local,62.0,62000.0,7,,,,Basic Education (DepEd)
2499173,2024,07,Department of Education (DepEd),001,Office of the Secretary,310400100003000,Operation of Schools - Junior High School (Grade 7 to Grade 10),0904178,Trece Martirez City National High School (Cochu Annex),04,01101101,Specific Budgets of National Government Agencies,2,Maintenance and Other Operating Expenses,5020301002,Office Supplies Expenses,49.0,49000.0,7,,,,Basic Education (DepEd)
2499178,2024,07,Department of Education (DepEd),001,Office of the Secretary,310400100003000,Operation of Schools - Junior High School (Grade 7 to Grade 10),0904178,Trece Martirez City National High School (Cochu Annex),04,01101101,Specific Budgets of National Government Agencies,2,Maintenance and Other Operating Expenses,5020322001,Furniture and Fixtures,37.0,37000.0,7,,,,Basic Education (DepEd)
2499187,2024,07,Department of Education (DepEd),001,Office of the Secretary,310400100003000,Operation of Schools - Junior High School (Grade 7 to Grade 10),0904178,Trece Martirez City National High School (Cochu Annex),04,01101101,Specific Budgets of National Government Agencies,2,Maintenance and Other Operating Expenses,5021502000,Fidelity Bond Premiums,28.0,28000.0,7,,,,Basic Education (DepEd)
2499177,2024,07,Department of Education (DepEd),001,Office of the Secretary,310400100003000,Operation of Schools - Junior High School (Grade 7 to Grade 10),0904178,Trece Martirez City National High School (Cochu Annex),04,01101101,Specific Budgets of National Government Agencies,2,Maintenance and Other Operating Expenses,5020321008,Disaster Response and Rescue Equipment,25.0,25000.0,7,,,,Basic Education (DepEd)
2499182,2024,07,Department of Education (DepEd),001,Office of the Secretary,310400100003000,Operation of Schools - Junior High School (Grade 7 to Grade 10),0904178,Trece Martirez City National High School (Cochu Annex),04,01101101,Specific Budgets of National Government Agencies,2,Maintenance and Other Operating Expenses,5020501000,Postage and Courier Expenses,25.0,25000.0,7,,,,Basic Education (DepEd)
2499183,2024,07,Department of Education (DepEd),001,Office of the Secretary,310400100003000,Operation of Schools - Junior High School (Grade 7 to Grade 10),0904178,Trece Martirez City National High School (Cochu Annex),04,01101101,Specific Budgets of National Government Agencies,2,Maintenance and Other Operating Expenses,5020502001,Mobile,19.0,19000.0,7,,,,Basic Education (DepEd)
2499188,2024,07,Department of Education (DepEd),001,Office of the Secretary,310400100003000,Operation of Schools - Junior High School (Grade 7 to Grade 10),0904178,Trece Martirez City National High School (Cochu Annex),04,01101101,Specific Budgets of National Government Agencies,2,Maintenance and Other Operating Expenses,5029902000,Printing and Publication Expenses,12.0,12000.0,7,,,,Basic Education (DepEd)
2499174,2024,07,Department of Education (DepEd),001,Office of the Secretary,310400100003000,Operation of Schools - Junior High School (Grade 7 to Grade 10),0904178,Trece Martirez City National High School (Cochu Annex),04,01101101,Specific Budgets of National Government Agencies,2,Maintenance and Other Operating Expenses,5020302000,Accountable Forms Expenses,5.0,5000.0,7,,,,Basic Education (DepEd)
2926745,2024,18,Department of Public Works and Highways (DPWH),001,Office of the Secretary,300225101980000,"Construction of Grouted Riprap at Barangay Hugo Perez  ( Phase 2 ) , Trece Martires, Cavite",1800061,Cavite District Engineering Office,04,01101101,Specific Budgets of National Government Agencies,6,Capital Outlays,5060403002,Flood Control Systems,7000.0,7000000.0,7,,,,Infrastructure (DPWH)
2926748,2024,18,Department of Public Works and Highways (DPWH),001,Office of the Secretary,300225101983000,"Construction of Grouted Riprap at Barangay Hugo Perez, Trece Martires, Cavite",1800061,Cavite District Engineering Office,04,01101101,Specific Budgets of National Government Agencies,6,Capital Outlays,5060403002,Flood Control Systems,10000.0,10000000.0,7,,,,Infrastructure (DPWH)
2939812,2024,18,Department of Public Works and Highways (DPWH),001,Office of the Secretary,300226112789000,"Construction of Multi - Purpose Building  ( Multi - Purpose Hall – Cavite State University )  at Barangay Gregorio, Trece Martires, Cavite",1800061,Cavite District Engineering Office,04,01101101,Specific Budgets of National Government Agencies,6,Capital Outlays,5060403099,Other Infrastructure Assets,10000.0,10000000.0,7,,,,Community & Public Buildings (DPWH)
2939818,2024,18,Department of Public Works and Highways (DPWH),001,Office of the Secretary,300226112795000,"Construction of Multi - Purpose Building  ( Treceno Medical Pavilion Hospital Phase 2 )  at Trece Martires City, Cavite",1800061,Cavite District Engineering Office,04,01101101,Specific Budgets of National Government Agencies,6,Capital Outlays,5060403099,Other Infrastructure Assets,10000.0,10000000.0,7,,,,Community & Public Buildings (DPWH)
2939764,2024,18,Department of Public Works and Highways (DPWH),001,Office of the Secretary,300226112741000,"Construction of Multi - Purpose Building  ( Treceno Medical Pavillion Hospital Phase 2 ) , Trece Martires City, Cavite",1800061,Cavite District Engineering Office,04,01101101,Specific Budgets of National Government Agencies,6,Capital Outlays,5060403099,Other Infrastructure Assets,7000.0,7000000.0,7,,,,Community & Public Buildings (DPWH)
2922956,2024,18,Department of Public Works and Highways (DPWH),001,Office of the Secretary,300221105804000,"Construction of Road at Barangay Aguado, Trece Martires, Cavite, Phase I",1800061,Cavite District Engineering Office,04,01101101,Specific Budgets of National Government Agencies,6,Capital Outlays,5060403001,Road Networks,10000.0,10000000.0,7,,,,Roads & Bridges (DPWH)
2922955,2024,18,Department of Public Works and Highways (DPWH),001,Office of the Secretary,300221105803000,"Construction of Road at Barangay Aguado, Trece Martires, Cavite, Phase II",1800061,Cavite District Engineering Office,04,01101101,Specific Budgets of National Government Agencies,6,Capital Outlays,5060403001,Road Networks,10000.0,10000000.0,7,,,,Roads & Bridges (DPWH)
2922957,2024,18,Department of Public Works and Highways (DPWH),001,Office of the Secretary,300221105805000,"Construction of Road at Barangay Conchu, Phase 1, Trece Martires, Cavite",1800061,Cavite District Engineering Office,04,01101101,Specific Budgets of National Government Agencies,6,Capital Outlays,5060403001,Road Networks,10000.0,10000000.0,7,,,,Roads & Bridges (DPWH)
2922958,2024,18,Department of Public Works and Highways (DPWH),001,Office of the Secretary,300221105806000,"Construction of Road at Barangay Conchu, Phase 2, Trece Martires, Cavite",1800061,Cavite District Engineering Office,04,01101101,Specific Budgets of National Government Agencies,6,Capital Outlays,5060403001,Road Networks,10000.0,10000000.0,7,,,,Roads & Bridges (DPWH)
2922959,2024,18,Department of Public Works and Highways (DPWH),001,Office of the Secretary,300221105807000,"Construction of Road at Barangay Inocencio, Trece Martires, Cavite",1800061,Cavite District Engineering Office,04,01101101,Specific Budgets of National Government Agencies,6,Capital Outlays,5060403001,Road Networks,5000.0,5000000.0,7,,,,Roads & Bridges (DPWH)
2922960,2024,18,Department of Public Works and Highways (DPWH),001,Office of the Secretary,300221105808000,"Construction of Road at Barangay Lallana, Phase 1, Trece Martires, Cavite",1800061,Cavite District Engineering Office,04,01101101,Specific Budgets of National Government Agencies,6,Capital Outlays,5060403001,Road Networks,5000.0,5000000.0,7,,,,Roads & Bridges (DPWH)
2922961,2024,18,Department of Public Works and Highways (DPWH),001,Office of the Secretary,300221105809000,"Construction of Road at Barangay Lallana, Phase 2, Trece Martires, Cavite",1800061,Cavite District Engineering Office,04,01101101,Specific Budgets of National Government Agencies,6,Capital Outlays,5060403001,Road Networks,5000.0,5000000.0,7,,,,Roads & Bridges (DPWH)
2922963,2024,18,Department of Public Works and Highways (DPWH),001,Office of the Secretary,300221105811000,"Construction of Road at Barangay Osorio, Phase 1, Trece Martires, Cavite",1800061,Cavite District Engineering Office,04,01101101,Specific Budgets of National Government Agencies,6,Capital Outlays,5060403001,Road Networks,5000.0,5000000.0,7,,,,Roads & Bridges (DPWH)
2922964,2024,18,Department of Public Works and Highways (DPWH),001,Office of the Secretary,300221105812000,"Construction of Road at Barangay Osorio, Phase 2, Trece Martires, Cavite",1800061,Cavite District Engineering Office,04,01101101,Specific Budgets of National Government Agencies,6,Capital Outlays,5060403001,Road Networks,5000.0,5000000.0,7,,,,Roads & Bridges (DPWH)
2911350,2024,18,Department of Public Works and Highways (DPWH),001,Office of the Secretary,300215104642000,"Construction of Road, Barangay Aguado, Trece Martires, Cavite",1800061,Cavite District Engineering Office,04,01101101,Specific Budgets of National Government Agencies,6,Capital Outlays,5060403001,Road Networks,7000.0,7000000.0,7,,,,Roads & Bridges (DPWH)
2911351,2024,18,Department of Public Works and Highways (DPWH),001,Office of the Secretary,300215104643000,"Construction of Road, Barangay Conchu, Trece Martires, Cavite",1800061,Cavite District Engineering Office,04,01101101,Specific Budgets of National Government Agencies,6,Capital Outlays,5060403001,Road Networks,7000.0,7000000.0,7,,,,Roads & Bridges (DPWH)
2911352,2024,18,Department of Public Works and Highways (DPWH),001,Office of the Secretary,300215104644000,"Construction of Road, Barangay Inocencio, Trece Martires, Cavite",1800061,Cavite District Engineering Office,04,01101101,Specific Budgets of National Government Agencies,6,Capital Outlays,5060403001,Road Networks,5000.0,5000000.0,7,,,,Roads & Bridges (DPWH)
2911353,2024,18,Department of Public Works and Highways (DPWH),001,Office of the Secretary,300215104645000,"Construction of Road, Barangay Lallana, Trece Martires, Cavite",1800061,Cavite District Engineering Office,04,01101101,Specific Budgets of National Government Agencies,6,Capital Outlays,5060403001,Road Networks,5000.0,5000000.0,7,,,,Roads & Bridges (DPWH)
2911354,2024,18,Department of Public Works and Highways (DPWH),001,Office of the Secretary,300215104646000,"Construction of Road, Barangay Osorio, Trece Martires, Cavite",1800061,Cavite District Engineering Office,04,01101101,Specific Budgets of National Government Agencies,6,Capital Outlays,5060403001,Road Networks,5000.0,5000000.0,7,,,,Roads & Bridges (DPWH)
2958462,2024,18,Department of Public Works and Highways (DPWH),001,Office of the Secretary,310110100510000,Tanza - Trece Martires City - Indang Rd - K0035 +  (  - 302 )  - K0035 +  (  - 009 ) ,1800061,Cavite District Engineering Office,04,01101101,Specific Budgets of National Government Agencies,6,Capital Outlays,5060403001,Road Networks,8456.0,8456000.0,7,,,,Infrastructure (DPWH)
2968585,2024,18,Department of Public Works and Highways (DPWH),001,Office of the Secretary,310207100356000,"Tanza - Trece Martires City - Indang Rd - K0035 + 000 - K0035 + 060, K0035 + 161 - K0035 + 461, K0035 + 542 - K0035 + 652, K0036 + 082 - K0036 + 197, K0036 + 494 - K0036 + 683, K0037 + 339 - K0037 + 475, K0041 + 083 - K0042 + 112, K0044 + 003 - K0046 + 633",1800061,Cavite District Engineering Office,04,01101101,Specific Budgets of National Government Agencies,6,Capital Outlays,5060403001,Road Networks,23779.0,23779000.0,7,,,,Infrastructure (DPWH)
2961165,2024,18,Department of Public Works and Highways (DPWH),001,Office of the Secretary,310201101394000,"Tanza - Trece Martires City - Indang Rd - K0037 + 543 - K0037 + 959, K0038 + 878 - K0039 + 293",1800061,Cavite District Engineering Office,04,01101101,Specific Budgets of National Government Agencies,6,Capital Outlays,5060403001,Road Networks,34200.0,34200000.0,7,,,,Infrastructure (DPWH)
2946706,2024,18,Department of Public Works and Highways (DPWH),001,Office of the Secretary,310101101498000,Tanza - Trece Martires City - Indang Rd - K0038 + 770 - K0039 + 606,1800061,Cavite District Engineering Office,04,01101101,Specific Budgets of National Government Agencies,6,Capital Outlays,5060403001,Road Networks,17030.0,17030000.0,7,,,,Infrastructure (DPWH)
2948579,2024,18,Department of Public Works and Highways (DPWH),001,Office of the Secretary,310102101788000,Tanza - Trece Martires City - Indang Rd - K0050 + 000 - K0050 + 866,1800061,Cavite District Engineering Office,04,01101101,Specific Budgets of National Government Agencies,6,Capital Outlays,5060403001,Road Networks,29123.0,29123000.0,7,,,,Infrastructure (DPWH)
2969210,2024,18,Department of Public Works and Highways (DPWH),001,Office of the Secretary,310208100602000,"Tanza - Trece Martires City - Indang Rd - K0052 +  (  - 130 )  - K0052 + 148, K0053 + 168 - K0053 + 949, K0058 + 217 - K0058 + 593",1800061,Cavite District Engineering Office,04,01101101,Specific Budgets of National Government Agencies,6,Capital Outlays,5060403001,Road Networks,5877.0,5877000.0,7,,,,Infrastructure (DPWH)
2959170,2024,18,Department of Public Works and Highways (DPWH),001,Office of the Secretary,310111100686000,Tanza - Trece Martires City - Indang Rd - K0052 +  (  - 385 )  - K0052 + 562,1800061,Cavite District Engineering Office,04,01101101,Specific Budgets of National Government Agencies,6,Capital Outlays,5060403001,Road Networks,27258.0,27258000.0,7,,,,Infrastructure (DPWH)
2948580,2024,18,Department of Public Works and Highways (DPWH),001,Office of the Secretary,310102101789000,"Tanza - Trece Martires City - Indang Rd - K0053 + 802 - K0053 + 963, K0057 + 573 - K0058 + 000",1800061,Cavite District Engineering Office,04,01101101,Specific Budgets of National Government Agencies,6,Capital Outlays,5060403001,Road Networks,19768.0,19768000.0,7,,,,Infrastructure (DPWH)
2986951,2024,18,Department of Public Works and Highways (DPWH),001,Office of the Secretary,320101110836000,"Construction of Revetment along Cañas River, Barangay De Ocampo, Phase V, Trece Martires City, Cavite",0100000,Central Office,13,01101101,Specific Budgets of National Government Agencies,6,Capital Outlays,5060403002,Flood Control Systems,100000.0,100000000.0,7,,,,Flood Control & River Mitigation (DPWH)
2958415,2024,18,Department of Public Works and Highways (DPWH),001,Office of the Secretary,310110100463000,"Tanza - Trece Martires City - Indang Rd - K0040 + 865 - K0041 + 099, K0041 + 158 - K0042 + 864",0100000,Central Office,13,01101101,Specific Budgets of National Government Agencies,6,Capital Outlays,5060403001,Road Networks,55924.0,55924000.0,7,,,,Infrastructure (DPWH)
2948329,2024,18,Department of Public Works and Highways (DPWH),001,Office of the Secretary,310102101538000,Tanza - Trece Martires City - Indang Rd - K0052 +  (  - 385 )  - K0053 + 231,0100000,Central Office,13,01101101,Specific Budgets of National Government Agencies,6,Capital Outlays,5060403001,Road Networks,54781.0,54781000.0,7,,,,Infrastructure (DPWH)
2974162,2024,18,Department of Public Works and Highways (DPWH),001,Office of the Secretary,310305100220000,Alang   -   Ilang Br. ( B03058LZ ) along Dasmariñas  -  Trece Martires City  -  Naic Rd,nan,nan,nan,nan,nan,nan,nan,nan,nan,0.0,0.0,7,,,,Roads & Bridges (DPWH)
2971264,2024,18,Department of Public Works and Highways (DPWH),001,Office of the Secretary,310303100520000,Alulod Br. ( B02521LZ ) along Tanza  -  Trece Martires City  -  Indang Rd,nan,nan,nan,nan,nan,nan,nan,nan,nan,0.0,0.0,7,,,,Roads & Bridges (DPWH)
2965233,2024,18,Department of Public Works and Highways (DPWH),001,Office of the Secretary,310204101315000,"Cabuco   -   Indang  -   Naic  -  Maragondon Diversion Road, Cavite",nan,nan,nan,nan,nan,nan,nan,nan,nan,0.0,0.0,7,,,,Roads & Bridges (DPWH)
2965666,2024,18,Department of Public Works and Highways (DPWH),001,Office of the Secretary,310204101748000,"Cabuco  -  Indang Diversion Road (  Construction of Bridge 2  ) , Cavite",nan,nan,nan,nan,nan,nan,nan,nan,nan,0.0,0.0,7,,,,Roads & Bridges (DPWH)
2965667,2024,18,Department of Public Works and Highways (DPWH),001,Office of the Secretary,310204101749000,"Cabuco  -  Indang Diversion Road, Phase II, Cavite",nan,nan,nan,nan,nan,nan,nan,nan,nan,0.0,0.0,7,,,,Roads & Bridges (DPWH)
2966251,2024,18,Department of Public Works and Highways (DPWH),001,Office of the Secretary,310204102333000,"Cabuco - Indang  Diversion Road, Phase III, Trece Martires City, Cavite",nan,nan,nan,nan,nan,nan,nan,nan,nan,0.0,0.0,7,,,,Roads & Bridges (DPWH)
2918152,2024,18,Department of Public Works and Highways (DPWH),001,Office of the Secretary,300221101000000,"Concreting of Road at Barangay Aguado, Trece Martires , Cavite",nan,nan,nan,nan,nan,nan,nan,nan,nan,0.0,0.0,7,,,,Roads & Bridges (DPWH)
2918162,2024,18,Department of Public Works and Highways (DPWH),001,Office of the Secretary,300221101010000,"Concreting of Road at Barangay Aguado, Trece Martires, Cavite",nan,nan,nan,nan,nan,nan,nan,nan,nan,0.0,0.0,7,,,,Roads & Bridges (DPWH)
2918153,2024,18,Department of Public Works and Highways (DPWH),001,Office of the Secretary,300221101001000,"Concreting of Road at Barangay Inocencio, Trece Martires , Cavite",nan,nan,nan,nan,nan,nan,nan,nan,nan,0.0,0.0,7,,,,Roads & Bridges (DPWH)
2918163,2024,18,Department of Public Works and Highways (DPWH),001,Office of the Secretary,300221101011000,"Concreting of Road at Barangay Inocencio, Trece Martires, Cavite",nan,nan,nan,nan,nan,nan,nan,nan,nan,0.0,0.0,7,,,,Roads & Bridges (DPWH)
2918154,2024,18,Department of Public Works and Highways (DPWH),001,Office of the Secretary,300221101002000,"Concreting of Road at Barangay Lallana, Trece Martires , Cavite",nan,nan,nan,nan,nan,nan,nan,nan,nan,0.0,0.0,7,,,,Roads & Bridges (DPWH)
2918164,2024,18,Department of Public Works and Highways (DPWH),001,Office of the Secretary,300221101012000,"Concreting of Road at Barangay Lallana, Trece Martires, Cavite",nan,nan,nan,nan,nan,nan,nan,nan,nan,0.0,0.0,7,,,,Roads & Bridges (DPWH)
2918155,2024,18,Department of Public Works and Highways (DPWH),001,Office of the Secretary,300221101003000,"Concreting of Road at Barangay Osorio, Trece Martires , Cavite",nan,nan,nan,nan,nan,nan,nan,nan,nan,0.0,0.0,7,,,,Roads & Bridges (DPWH)
2918165,2024,18,Department of Public Works and Highways (DPWH),001,Office of the Secretary,300221101013000,"Concreting of Road at Barangay Osorio, Trece Martires, Cavite",nan,nan,nan,nan,nan,nan,nan,nan,nan,0.0,0.0,7,,,,Roads & Bridges (DPWH)
2893309,2024,18,Department of Public Works and Highways (DPWH),001,Office of the Secretary,300117208941000,"Concreting of Road, Barangay Hugo Perez, Trece Martires, Cavite",nan,nan,nan,nan,nan,nan,nan,nan,nan,0.0,0.0,7,,,,Roads & Bridges (DPWH)
2874895,2024,18,Department of Public Works and Highways (DPWH),001,Office of the Secretary,300105200922000,"Construction  ( Completion )  of Multi - Purpose Building of DPWH Cavite 1st DEO, Brgy. De Ocampo, Trece Martires City, Cavite",nan,nan,nan,nan,nan,nan,nan,nan,nan,0.0,0.0,7,,,,Community & Public Buildings (DPWH)
2874300,2024,18,Department of Public Works and Highways (DPWH),001,Office of the Secretary,300105200324000,"Construction ( Completion ) of  Multi  -   Purpose Building of DPWH Cavite 1st DEO, Brgy. De Ocampo, Trece Martires City, Cavite",nan,nan,nan,nan,nan,nan,nan,nan,nan,0.0,0.0,7,,,,Community & Public Buildings (DPWH)
2862600,2024,18,Department of Public Works and Highways (DPWH),001,Office of the Secretary,300104215200000,"Construction / Completion / Rehabilitation of DPWH Building Phase 2, Trece Martires City, Cavite",nan,nan,nan,nan,nan,nan,nan,nan,nan,0.0,0.0,7,,,,Community & Public Buildings (DPWH)
2868836,2024,18,Department of Public Works and Highways (DPWH),001,Office of the Secretary,300104221436000,"Construction / Rehabilitation of City Hall Building, Trece Martires City, Cavite",nan,nan,nan,nan,nan,nan,nan,nan,nan,0.0,0.0,7,,,,Community & Public Buildings (DPWH)
2868796,2024,18,Department of Public Works and Highways (DPWH),001,Office of the Secretary,300104221396000,"Construction / Rehabilitation of Multi  -  Purpose Building at Barangay Cabezas, Trece Martires City, Cavite",nan,nan,nan,nan,nan,nan,nan,nan,nan,0.0,0.0,7,,,,Community & Public Buildings (DPWH)
2868802,2024,18,Department of Public Works and Highways (DPWH),001,Office of the Secretary,300104221402000,"Construction / Rehabilitation of Multi  -  Purpose Building at City Hall Compound at Barangay San Agustin, Trece Martires City, Cavite",nan,nan,nan,nan,nan,nan,nan,nan,nan,0.0,0.0,7,,,,Community & Public Buildings (DPWH)
2868803,2024,18,Department of Public Works and Highways (DPWH),001,Office of the Secretary,300104221403000,"Construction / Rehabilitation of Multi  -  Purpose Building at Summerfield, Barangay Osorio, Trece Martires City, Cavite",nan,nan,nan,nan,nan,nan,nan,nan,nan,0.0,0.0,7,,,,Community & Public Buildings (DPWH)
2868804,2024,18,Department of Public Works and Highways (DPWH),001,Office of the Secretary,300104221404000,"Construction / Rehabilitation of Multi  -  Purpose Building at Trece Medical Pavilion at Barangay Luciano, Trece Martires City, Cavite",nan,nan,nan,nan,nan,nan,nan,nan,nan,0.0,0.0,7,,,,Community & Public Buildings (DPWH)
2842918,2024,18,Department of Public Works and Highways (DPWH),001,Office of the Secretary,300101200007000,"Construction of 4STY  -  20CL at Trece Martires City ES, Trece Martires, Cavite",nan,nan,nan,nan,nan,nan,nan,nan,nan,0.0,0.0,7,,,,School Buildings & Education Infra (DPWH)
2849332,2024,18,Department of Public Works and Highways (DPWH),001,Office of the Secretary,300104201931000,"Construction of Covered Court at the Department of Education, Region IV  -  A, Division of Cavite Office, Trece Martires City, Cavite",nan,nan,nan,nan,nan,nan,nan,nan,nan,0.0,0.0,7,,,,Community & Public Buildings (DPWH)
2849333,2024,18,Department of Public Works and Highways (DPWH),001,Office of the Secretary,300104201932000,"Construction of Covered Court, Brgy. De Ocampo, Trece Martires City, Cavite",nan,nan,nan,nan,nan,nan,nan,nan,nan,0.0,0.0,7,,,,Community & Public Buildings (DPWH)
2849334,2024,18,Department of Public Works and Highways (DPWH),001,Office of the Secretary,300104201933000,"Construction of Covered Court, Brgy. Lapidario, Trece Martires City, Cavite",nan,nan,nan,nan,nan,nan,nan,nan,nan,0.0,0.0,7,,,,Community & Public Buildings (DPWH)
2868805,2024,18,Department of Public Works and Highways (DPWH),001,Office of the Secretary,300104221405000,"Construction of DPWH Building Phase 3, Trece Martires City, Cavite",nan,nan,nan,nan,nan,nan,nan,nan,nan,0.0,0.0,7,,,,Community & Public Buildings (DPWH)
2906859,2024,18,Department of Public Works and Highways (DPWH),001,Office of the Secretary,300215100151000,"Construction of De Ocampo  - Gregorio Bridge, Trece Martires City, Cavite",nan,nan,nan,nan,nan,nan,nan,nan,nan,0.0,0.0,7,,,,Roads & Bridges (DPWH)
2876366,2024,18,Department of Public Works and Highways (DPWH),001,Office of the Secretary,300107200127000,"Construction of Flood Control Project, Brgy. Cabuco, Trece Martires City, Cavite",nan,nan,nan,nan,nan,nan,nan,nan,nan,0.0,0.0,7,,,,Flood Control & River Mitigation (DPWH)
2881910,2024,18,Department of Public Works and Highways (DPWH),001,Office of the Secretary,300116202180000,"Construction of Indang   -   Cabuco   -   Naic Diversion Rd., Trece Martires City, Cavite",nan,nan,nan,nan,nan,nan,nan,nan,nan,0.0,0.0,7,,,,Roads & Bridges (DPWH)
2855527,2024,18,Department of Public Works and Highways (DPWH),001,Office of the Secretary,300104208126000,"Construction of Multi  -  Purpose Building ( Covered Court  ) , Cavite Center for Mental Health, Trece Martires City, Cavite",nan,nan,nan,nan,nan,nan,nan,nan,nan,0.0,0.0,7,,,,Community & Public Buildings (DPWH)
2855528,2024,18,Department of Public Works and Highways (DPWH),001,Office of the Secretary,300104208127000,"Construction of Multi  -  Purpose Building ( Covered Court  ) , Conchu Elementary School, Brgy. Conchu, Trece Martires City, Cavite",nan,nan,nan,nan,nan,nan,nan,nan,nan,0.0,0.0,7,,,,School Buildings & Education Infra (DPWH)
2855535,2024,18,Department of Public Works and Highways (DPWH),001,Office of the Secretary,300104208134000,"Construction of Multi  -  Purpose Building ( Covered Court  ) , La Paz Subdivision, Brgy. Cabezas, Trece Martires City, Cavite",nan,nan,nan,nan,nan,nan,nan,nan,nan,0.0,0.0,7,,,,Community & Public Buildings (DPWH)
2855540,2024,18,Department of Public Works and Highways (DPWH),001,Office of the Secretary,300104208139000,"Construction of Multi  -  Purpose Building ( Covered Court  ) , Osorio Elementary School, Brgy. Paradahan, Trece Martires City, Cavite",nan,nan,nan,nan,nan,nan,nan,nan,nan,0.0,0.0,7,,,,School Buildings & Education Infra (DPWH)
2855546,2024,18,Department of Public Works and Highways (DPWH),001,Office of the Secretary,300104208145000,"Construction of Multi  -  Purpose Building ( Covered Court  ) , Sampaguita Pag  -  asa I, Brgy. Aguado, Trece Martires City, Cavite",nan,nan,nan,nan,nan,nan,nan,nan,nan,0.0,0.0,7,,,,Community & Public Buildings (DPWH)
2855551,2024,18,Department of Public Works and Highways (DPWH),001,Office of the Secretary,300104208150000,"Construction of Multi  -  Purpose Building ( Covered Court  ) , Trece Martires City College, Brgy. Luciano, Trece Martires City, Cavite",nan,nan,nan,nan,nan,nan,nan,nan,nan,0.0,0.0,7,,,,Community & Public Buildings (DPWH)
2855552,2024,18,Department of Public Works and Highways (DPWH),001,Office of the Secretary,300104208151000,"Construction of Multi  -  Purpose Building ( Covered Court  ) , Trece Matires City Senior High School, Brgy. San Agustin, Trece Martires City, Cavite",nan,nan,nan,nan,nan,nan,nan,nan,nan,0.0,0.0,7,,,,School Buildings & Education Infra (DPWH)
2868808,2024,18,Department of Public Works and Highways (DPWH),001,Office of the Secretary,300104221408000,"Construction of Multi  -  Purpose Building ( Covered Court ) in Trece Martires City, Cavite",nan,nan,nan,nan,nan,nan,nan,nan,nan,0.0,0.0,7,,,,Community & Public Buildings (DPWH)
2868811,2024,18,Department of Public Works and Highways (DPWH),001,Office of the Secretary,300104221411000,"Construction of Multi  -  Purpose Building ( PCP2 PNP Sub Station Base  ) , Barangay Hugo Perez, Trece Martires City, Cavite",nan,nan,nan,nan,nan,nan,nan,nan,nan,0.0,0.0,7,,,,Community & Public Buildings (DPWH)
2868812,2024,18,Department of Public Works and Highways (DPWH),001,Office of the Secretary,300104221412000,"Construction of Multi  -  Purpose Building ( Trece Martires Memorial Park  ) , Barangay Aguado, Trece Martires City, Cavite",nan,nan,nan,nan,nan,nan,nan,nan,nan,0.0,0.0,7,,,,Community & Public Buildings (DPWH)
2868820,2024,18,Department of Public Works and Highways (DPWH),001,Office of the Secretary,300104221420000,"Construction of Multi  -  Purpose Building, Barangay Inocencio, Trece Martirez City, Cavite",nan,nan,nan,nan,nan,nan,nan,nan,nan,0.0,0.0,7,,,,Community & Public Buildings (DPWH)
2868824,2024,18,Department of Public Works and Highways (DPWH),001,Office of the Secretary,300104221424000,"Construction of Multi  -  Purpose Building, Barangay San Agustin, Trece Martires City, Cavite",nan,nan,nan,nan,nan,nan,nan,nan,nan,0.0,0.0,7,,,,Community & Public Buildings (DPWH)
2868829,2024,18,Department of Public Works and Highways (DPWH),001,Office of the Secretary,300104221429000,"Construction of Multi  -  Purpose Building, City Hall Compound, Barangay San Agustin, Trece Martires City, Cavite",nan,nan,nan,nan,nan,nan,nan,nan,nan,0.0,0.0,7,,,,Community & Public Buildings (DPWH)
2855571,2024,18,Department of Public Works and Highways (DPWH),001,Office of the Secretary,300104208170000,"Construction of Multi  -  Purpose Hall Luis Aguado National High School, Brgy. Aguado, Trece Martires City, Cavite",nan,nan,nan,nan,nan,nan,nan,nan,nan,0.0,0.0,7,,,,School Buildings & Education Infra (DPWH)
2928649,2024,18,Department of Public Works and Highways (DPWH),001,Office of the Secretary,300226101626000,"Construction of Multi - Purpose Building ( Covered Court ) at Barangay Gregorio, Trece Martires , Cavite",nan,nan,nan,nan,nan,nan,nan,nan,nan,0.0,0.0,7,,,,Community & Public Buildings (DPWH)
2928650,2024,18,Department of Public Works and Highways (DPWH),001,Office of the Secretary,300226101627000,"Construction of Multi - Purpose Building ( Covered Court ) at Barangay Hugo Perez  -  Karla Villa Subdivision, Trece Martires , Cavite",nan,nan,nan,nan,nan,nan,nan,nan,nan,0.0,0.0,7,,,,Community & Public Buildings (DPWH)
2928651,2024,18,Department of Public Works and Highways (DPWH),001,Office of the Secretary,300226101628000,"Construction of Multi - Purpose Building ( Covered Court ) at Barangay Luciano, Trece Martires , Cavite",nan,nan,nan,nan,nan,nan,nan,nan,nan,0.0,0.0,7,,,,Community & Public Buildings (DPWH)
2928654,2024,18,Department of Public Works and Highways (DPWH),001,Office of the Secretary,300226101631000,"Construction of Multi - Purpose Building ( Covered Court ) at Command Center ( City Hall Extension ) at Barangay Conchu, Trece Martires , Cavite",nan,nan,nan,nan,nan,nan,nan,nan,nan,0.0,0.0,7,,,,Community & Public Buildings (DPWH)
2928652,2024,18,Department of Public Works and Highways (DPWH),001,Office of the Secretary,300226101629000,"Construction of Multi - Purpose Building ( Covered Court ) at Luis Aguado National High School, Barangay Aguado, Trece Martires , Cavite",nan,nan,nan,nan,nan,nan,nan,nan,nan,0.0,0.0,7,,,,School Buildings & Education Infra (DPWH)
2928655,2024,18,Department of Public Works and Highways (DPWH),001,Office of the Secretary,300226101632000,"Construction of Multi - Purpose Building ( Covered Court ) at PNP Compound, Barangay Osorio, Trece Martires , Cavite, Trece Martires , Cavite",nan,nan,nan,nan,nan,nan,nan,nan,nan,0.0,0.0,7,,,,Community & Public Buildings (DPWH)
2928653,2024,18,Department of Public Works and Highways (DPWH),001,Office of the Secretary,300226101630000,"Construction of Multi - Purpose Building ( Covered Court ) at Trece Martires City National High School, Barangay Cabuco, Trece Martires , Cavite",nan,nan,nan,nan,nan,nan,nan,nan,nan,0.0,0.0,7,,,,School Buildings & Education Infra (DPWH)
2933565,2024,18,Department of Public Works and Highways (DPWH),001,Office of the Secretary,300226106542000,"Construction of Multi - Purpose Building Barangay De Ocampo, Trece Martires City, Cavite",nan,nan,nan,nan,nan,nan,nan,nan,nan,0.0,0.0,7,,,,Community & Public Buildings (DPWH)
2928700,2024,18,Department of Public Works and Highways (DPWH),001,Office of the Secretary,300226101677000,"Construction of Multi - Purpose Building at Barangay Gregorio, Trece Martires, Cavite",nan,nan,nan,nan,nan,nan,nan,nan,nan,0.0,0.0,7,,,,Community & Public Buildings (DPWH)
2928701,2024,18,Department of Public Works and Highways (DPWH),001,Office of the Secretary,300226101678000,"Construction of Multi - Purpose Building at Barangay Hugo Perez ( Karla Villa Subdivision  ) , Trece Martires, Cavite",nan,nan,nan,nan,nan,nan,nan,nan,nan,0.0,0.0,7,,,,Community & Public Buildings (DPWH)
2928659,2024,18,Department of Public Works and Highways (DPWH),001,Office of the Secretary,300226101636000,"Construction of Multi - Purpose Building at Barangay Sanja Mayor, Trece Tanza, Cavite",nan,nan,nan,nan,nan,nan,nan,nan,nan,0.0,0.0,7,,,,Community & Public Buildings (DPWH)
2933564,2024,18,Department of Public Works and Highways (DPWH),001,Office of the Secretary,300226106541000,"Construction of Multi - Purpose Building, Barangay Hugo Perez, Trece Martires, Cavite",nan,nan,nan,nan,nan,nan,nan,nan,nan,0.0,0.0,7,,,,Community & Public Buildings (DPWH)
2849371,2024,18,Department of Public Works and Highways (DPWH),001,Office of the Secretary,300104201970000,"Construction of Multipurpose Building, Sampaguita Subdivision, Brgy. Inocencion, Trece Martires City, Cavite",nan,nan,nan,nan,nan,nan,nan,nan,nan,0.0,0.0,7,,,,Community & Public Buildings (DPWH)
2984200,2024,18,Department of Public Works and Highways (DPWH),001,Office of the Secretary,320101108085000,"Construction of Revetment along Cañas River, Brgy Luciano, Trece Martires City, Phase 3, Cavite",nan,nan,nan,nan,nan,nan,nan,nan,nan,0.0,0.0,7,,,,Flood Control & River Mitigation (DPWH)
2979151,2024,18,Department of Public Works and Highways (DPWH),001,Office of the Secretary,320101102622000,"Construction of Revetment along Cañas River, Brgy. De Ocampo Section, Phase 2, Trece Martires City, Cavite",nan,nan,nan,nan,nan,nan,nan,nan,nan,0.0,0.0,7,,,,Flood Control & River Mitigation (DPWH)
2984202,2024,18,Department of Public Works and Highways (DPWH),001,Office of the Secretary,320101108087000,"Construction of Revetment along Cañas River, Brgy. De Ocampo Section, Phase 4, Trece Martires City, Cavite",nan,nan,nan,nan,nan,nan,nan,nan,nan,0.0,0.0,7,,,,Flood Control & River Mitigation (DPWH)
2979938,2024,18,Department of Public Works and Highways (DPWH),001,Office of the Secretary,320101103409000,"Construction of Revetment along Cañas River, Brgy. Luciano, Trece Martires City, Cavite",nan,nan,nan,nan,nan,nan,nan,nan,nan,0.0,0.0,7,,,,Flood Control & River Mitigation (DPWH)
2981338,2024,18,Department of Public Works and Highways (DPWH),001,Office of the Secretary,320101104811000,"Construction of Revetment along Cañas River, Phase II, Brgy. Luciano, Trece Martires City, Cavite",nan,nan,nan,nan,nan,nan,nan,nan,nan,0.0,0.0,7,,,,Flood Control & River Mitigation (DPWH)
2981339,2024,18,Department of Public Works and Highways (DPWH),001,Office of the Secretary,320101104812000,"Construction of Revetment along Cañas River, Phase III, Brgy. De Ocampo, Trece Martires City, Cavite",nan,nan,nan,nan,nan,nan,nan,nan,nan,0.0,0.0,7,,,,Flood Control & River Mitigation (DPWH)
2977921,2024,18,Department of Public Works and Highways (DPWH),001,Office of the Secretary,320101101392000,"Construction of Revetment along Ilang  -  Ilang River, Brgy. De Ocampo Section, Trece Martices City, Cavite",nan,nan,nan,nan,nan,nan,nan,nan,nan,0.0,0.0,7,,,,Flood Control & River Mitigation (DPWH)
2984205,2024,18,Department of Public Works and Highways (DPWH),001,Office of the Secretary,320101108090000,"Construction of Road Dike along Timalan River, Brgy. Cabuco, Phase I, Trece Martires City, Cavite",nan,nan,nan,nan,nan,nan,nan,nan,nan,0.0,0.0,7,,,,Flood Control & River Mitigation (DPWH)
2984206,2024,18,Department of Public Works and Highways (DPWH),001,Office of the Secretary,320101108091000,"Construction of Road Dike along Timalan River, Brgy. Cabuco, Phase II, Trece Martires City, Cavite",nan,nan,nan,nan,nan,nan,nan,nan,nan,0.0,0.0,7,,,,Flood Control & River Mitigation (DPWH)
2984207,2024,18,Department of Public Works and Highways (DPWH),001,Office of the Secretary,320101108092000,"Construction of Road Dike along Timalan River, Brgy. Cabuco, Phase III, Trece Martires City, Cavite",nan,nan,nan,nan,nan,nan,nan,nan,nan,0.0,0.0,7,,,,Flood Control & River Mitigation (DPWH)
2984210,2024,18,Department of Public Works and Highways (DPWH),001,Office of the Secretary,320101108095000,"Construction of Road Dike along Timalan River, Brgy. Cabuco, Phase IV, Trece Martires City, Cavite",nan,nan,nan,nan,nan,nan,nan,nan,nan,0.0,0.0,7,,,,Flood Control & River Mitigation (DPWH)
2918166,2024,18,Department of Public Works and Highways (DPWH),001,Office of the Secretary,300221101014000,"Construction of Road from Brgy Buenavista General Trias to Brgy Osorio, Trece Martires City, Cavite",nan,nan,nan,nan,nan,nan,nan,nan,nan,0.0,0.0,7,,,,Roads & Bridges (DPWH)
2908155,2024,18,Department of Public Works and Highways (DPWH),001,Office of the Secretary,300215101447000,"Construction of Tanza Trece Martirez -  Indang Road, Tanza, Cavite",nan,nan,nan,nan,nan,nan,nan,nan,nan,0.0,0.0,7,,,,Roads & Bridges (DPWH)
2968291,2024,18,Department of Public Works and Highways (DPWH),001,Office of the Secretary,310207100062000,"Dasmariñas  -  Trece Martires City  -  Naic Rd   -   K0038 + (   -  727.10 )   -   K0038 + (   -  329 ), K0043 + 000   -   K0043 + 740",nan,nan,nan,nan,nan,nan,nan,nan,nan,0.0,0.0,7,,,,Infrastructure (DPWH)
2960161,2024,18,Department of Public Works and Highways (DPWH),001,Office of the Secretary,310201100389000,Dasmariñas  -  Trece Martires City  -  Naic Rd   -   K0038 + 737   -   K0039 + 000,nan,nan,nan,nan,nan,nan,nan,nan,nan,0.0,0.0,7,,,,Infrastructure (DPWH)
2945280,2024,18,Department of Public Works and Highways (DPWH),001,Office of the Secretary,310101100072000,"Dasmariñas  -  Trece Martires City  -  Naic Rd   -   K0039 + 140   -   K0039 + 547, K0045 +   -  570   -   K0045 + 061",nan,nan,nan,nan,nan,nan,nan,nan,nan,0.0,0.0,7,,,,Infrastructure (DPWH)
2946821,2024,18,Department of Public Works and Highways (DPWH),001,Office of the Secretary,310102100028000,"Dasmariñas  -  Trece Martires City  -  Naic Rd   -   K0044 + (   -  376 )   -   K0045 + 000 , K0046 + 090   -   K0047 + 000 , K0047 + 600   -   K0051 + 602",nan,nan,nan,nan,nan,nan,nan,nan,nan,0.0,0.0,7,,,,Infrastructure (DPWH)
2961519,2024,18,Department of Public Works and Highways (DPWH),001,Office of the Secretary,310202100274000,Dasmariñas  -  Trece Martires City  -  Naic Rd   -   K0047 + 575   -   K0049 + 650,nan,nan,nan,nan,nan,nan,nan,nan,nan,0.0,0.0,7,,,,Infrastructure (DPWH)
2946907,2024,18,Department of Public Works and Highways (DPWH),001,Office of the Secretary,310102100114000,Dasmariñas  -  Trece Martires City  -  Naic Rd   -   K0051 + 000   -   K0051 + 602,nan,nan,nan,nan,nan,nan,nan,nan,nan,0.0,0.0,7,,,,Infrastructure (DPWH)
2974570,2024,18,Department of Public Works and Highways (DPWH),001,Office of the Secretary,310305100628000,Langkaan Br. 1 ( B03055LZ ) along Dasmariñas  -  Trece Martires City  -  Naic Rd,nan,nan,nan,nan,nan,nan,nan,nan,nan,0.0,0.0,7,,,,Roads & Bridges (DPWH)
2905405,2024,18,Department of Public Works and Highways (DPWH),001,Office of the Secretary,300214100050000,"Preventive Maintenance ( Asphalt Overlay ) with shoulder along Tanza - Trece Martires City - Indang Rd  -  K0036 + 683  -  K0037 + 755, K0042 + 304  -  K0042 + 898, K0045 + 000  -  K0045 + 594",nan,nan,nan,nan,nan,nan,nan,nan,nan,0.0,0.0,7,,,,Infrastructure (DPWH)
2855572,2024,18,Department of Public Works and Highways (DPWH),001,Office of the Secretary,300104208171000,"Reconstruction of Multi  -  Purpose Building ( Training Center  ) , TESDA, Trece Martires City, Cavite",nan,nan,nan,nan,nan,nan,nan,nan,nan,0.0,0.0,7,,,,Community & Public Buildings (DPWH)
2841814,2024,18,Department of Public Works and Highways (DPWH),001,Office of the Secretary,200000100220000,Regionwide / Nationwide   -   Roads and Bridges   -   Conduct of Feasibility Studies / Preliminary and Detailed Engineering / Economic Analysis / Technical Studies / Traffic Impact Assessment   -   Region IV  -  A   -   Manila  -  Cavite Diversion Road and Sahod  -  Ulan   -   Tres Cruses   -   Trece Martires City Road,nan,nan,nan,nan,nan,nan,nan,nan,nan,0.0,0.0,7,,,,Roads & Bridges (DPWH)
2881960,2024,18,Department of Public Works and Highways (DPWH),001,Office of the Secretary,300116202230000,"Rehabilitation of Conchu Rd., Trece Station, Phase 1, Sta 0 + 000   -   Sta, Amadeo, Cavite",nan,nan,nan,nan,nan,nan,nan,nan,nan,0.0,0.0,7,,,,Infrastructure (DPWH)
2881961,2024,18,Department of Public Works and Highways (DPWH),001,Office of the Secretary,300116202231000,"Rehabilitation of Conchu Rd., Trece Station, Phase 2, Sta 2 + 400   -   Sta 4 + 800, Amadeo, Cavite",nan,nan,nan,nan,nan,nan,nan,nan,nan,0.0,0.0,7,,,,Infrastructure (DPWH)
2849379,2024,18,Department of Public Works and Highways (DPWH),001,Office of the Secretary,300104201978000,"Rehabilitation of Covered Court, La Paz Subdivision, Brgy. Cabezas, Trece Martires City, Cavite",nan,nan,nan,nan,nan,nan,nan,nan,nan,0.0,0.0,7,,,,Community & Public Buildings (DPWH)
2855576,2024,18,Department of Public Works and Highways (DPWH),001,Office of the Secretary,300104208175000,"Rehabilitation of Multi  -  Purpose Building ( Barangay Hall  ) , Barangay Conchu, Trece Martires City, Cavite",nan,nan,nan,nan,nan,nan,nan,nan,nan,0.0,0.0,7,,,,Community & Public Buildings (DPWH)
2855585,2024,18,Department of Public Works and Highways (DPWH),001,Office of the Secretary,300104208184000,"Rehabilitation of Multi  -  Purpose Building ( Covered Court  ) , Barangay La Ilana, Trece Martires City, Cavite",nan,nan,nan,nan,nan,nan,nan,nan,nan,0.0,0.0,7,,,,Community & Public Buildings (DPWH)
2855589,2024,18,Department of Public Works and Highways (DPWH),001,Office of the Secretary,300104208188000,"Rehabilitation of Multi  -  Purpose Building ( Fences   -   Trece Martines NHS, Hugo Perez, Annex  ) , Barangay Hugo Perez, Trece Martires City, Cavite",nan,nan,nan,nan,nan,nan,nan,nan,nan,0.0,0.0,7,,,,Community & Public Buildings (DPWH)
2862656,2024,18,Department of Public Works and Highways (DPWH),001,Office of the Secretary,300104215256000,"Rehabilitation of Multi  -  Purpose Building, Governor's Drive, Brgy. San Agustin, Trece Martires City, Cavite",nan,nan,nan,nan,nan,nan,nan,nan,nan,0.0,0.0,7,,,,Community & Public Buildings (DPWH)
2890746,2024,18,Department of Public Works and Highways (DPWH),001,Office of the Secretary,300117206378000,"Rehabilitation of Road, Brgy. Hugo Perez, Trece Martires, Cavite",nan,nan,nan,nan,nan,nan,nan,nan,nan,0.0,0.0,7,,,,Roads & Bridges (DPWH)
2890754,2024,18,Department of Public Works and Highways (DPWH),001,Office of the Secretary,300117206386000,"Rehabilitation of San Agustin  -  Luciano By  -  Pass Road, Brgy. San Agustin, Trece Martires City, Cavite",nan,nan,nan,nan,nan,nan,nan,nan,nan,0.0,0.0,7,,,,Roads & Bridges (DPWH)
2843240,2024,18,Department of Public Works and Highways (DPWH),001,Office of the Secretary,300102200270000,"Rehabilitation of School Building ( Balcony Grills   -   Luciano ES  ) , Barangay Luciano, Trece Martires City, Cavite",nan,nan,nan,nan,nan,nan,nan,nan,nan,0.0,0.0,7,,,,School Buildings & Education Infra (DPWH)
2890757,2024,18,Department of Public Works and Highways (DPWH),001,Office of the Secretary,300117206389000,"Rehabilitation of Trece  -  Amadeo Road, Brgy. Conchu, Trece Martires City, Cavite",nan,nan,nan,nan,nan,nan,nan,nan,nan,0.0,0.0,7,,,,Roads & Bridges (DPWH)
2890745,2024,18,Department of Public Works and Highways (DPWH),001,Office of the Secretary,300117206377000,"Rehabilitation of Trece  -  Amadeo Road, Brgy. Conchu, Trece Martires, Cavite",nan,nan,nan,nan,nan,nan,nan,nan,nan,0.0,0.0,7,,,,Roads & Bridges (DPWH)
2843062,2024,18,Department of Public Works and Highways (DPWH),001,Office of the Secretary,300102200092000,"Renovation / Rehabilitation of San Agustin Elementary School, Trece Martires City, Cavite",nan,nan,nan,nan,nan,nan,nan,nan,nan,0.0,0.0,7,,,,School Buildings & Education Infra (DPWH)
2905188,2024,18,Department of Public Works and Highways (DPWH),001,Office of the Secretary,300211100109000,"Repair / Rehabilitation along Juanito R. Remulla Sr Road ( S06090LZ ) K0045 + 061   -   K0045 +  647, K0045 + 669  -  K0046 + 047, Trece Martires City",nan,nan,nan,nan,nan,nan,nan,nan,nan,0.0,0.0,7,,,,Roads & Bridges (DPWH)
2905191,2024,18,Department of Public Works and Highways (DPWH),001,Office of the Secretary,300211100112000,"Repair / Rehabilitation along Tanza   -   Trece Martires City   -   Indang Road ( S06096LZ ) K0036 + 683  -  K0037 + 883, Tanza, Cavite",nan,nan,nan,nan,nan,nan,nan,nan,nan,0.0,0.0,7,,,,Roads & Bridges (DPWH)
2905192,2024,18,Department of Public Works and Highways (DPWH),001,Office of the Secretary,300211100113000,"Repair / Rehabilitation along Tanza   -   Trece Martires City   -   Indang Road ( S06097LZ ) K0048 +  (   -  641 )   -   K0049 + 472, Trece Matrires City",nan,nan,nan,nan,nan,nan,nan,nan,nan,0.0,0.0,7,,,,Roads & Bridges (DPWH)
2887955,2024,18,Department of Public Works and Highways (DPWH),001,Office of the Secretary,300117203586000,"Road Concreting, Brgy. Aguado, Trece Martires City, Cavite",nan,nan,nan,nan,nan,nan,nan,nan,nan,0.0,0.0,7,,,,Roads & Bridges (DPWH)
2881499,2024,18,Department of Public Works and Highways (DPWH),001,Office of the Secretary,300116201769000,"Road Widening / Concreting of Tanza, Trece Martirez City Road, Tanza, Cavite",nan,nan,nan,nan,nan,nan,nan,nan,nan,0.0,0.0,7,,,,Roads & Bridges (DPWH)
2960162,2024,18,Department of Public Works and Highways (DPWH),001,Office of the Secretary,310201100390000,Tanza  -  Trece Martires City  -  Indang Rd   -    K0035 + (   -  171 )   -   K0035 + 675,nan,nan,nan,nan,nan,nan,nan,nan,nan,0.0,0.0,7,,,,Infrastructure (DPWH)
2945243,2024,18,Department of Public Works and Highways (DPWH),001,Office of the Secretary,310101100035000,"Tanza  -  Trece Martires City  -  Indang Rd   -   K0035 +   -   302   -   K0035 + 087, K0042 + 898   -   K0045 + 000, K0045 + 594   -   K0047 + 148",nan,nan,nan,nan,nan,nan,nan,nan,nan,0.0,0.0,7,,,,Infrastructure (DPWH)
2960327,2024,18,Department of Public Works and Highways (DPWH),001,Office of the Secretary,310201100556000,Tanza  -  Trece Martires City  -  Indang Rd   -   K0035 + 640   -   K0036 + 197,nan,nan,nan,nan,nan,nan,nan,nan,nan,0.0,0.0,7,,,,Infrastructure (DPWH)
2959986,2024,18,Department of Public Works and Highways (DPWH),001,Office of the Secretary,310201100214000,"Tanza  -  Trece Martires City  -  Indang Rd   -   K0036 + 145   -   K0039 + 691, K0039 + 700   -   K0040 + 416",nan,nan,nan,nan,nan,nan,nan,nan,nan,0.0,0.0,7,,,,Infrastructure (DPWH)
2960526,2024,18,Department of Public Works and Highways (DPWH),001,Office of the Secretary,310201100755000,Tanza  -  Trece Martires City  -  Indang Rd   -   K0036 + 197   -   K0037 + 251,nan,nan,nan,nan,nan,nan,nan,nan,nan,0.0,0.0,7,,,,Infrastructure (DPWH)
2945662,2024,18,Department of Public Works and Highways (DPWH),001,Office of the Secretary,310101100454000,Tanza  -  Trece Martires City  -  Indang Rd   -   K0045 + 000   -   K0045 + 223,nan,nan,nan,nan,nan,nan,nan,nan,nan,0.0,0.0,7,,,,Infrastructure (DPWH)
2958693,2024,18,Department of Public Works and Highways (DPWH),001,Office of the Secretary,310111100191000,Tanza  -  Trece Martires City  -  Indang Rd   -   K0048 + (   -  398 )   -   K0049 + 472,nan,nan,nan,nan,nan,nan,nan,nan,nan,0.0,0.0,7,,,,Infrastructure (DPWH)
2959987,2024,18,Department of Public Works and Highways (DPWH),001,Office of the Secretary,310201100215000,Tanza  -  Trece Martires City  -  Indang Rd   -   K0049 + 472   -   K0051 + 622,nan,nan,nan,nan,nan,nan,nan,nan,nan,0.0,0.0,7,,,,Infrastructure (DPWH)
2968687,2024,18,Department of Public Works and Highways (DPWH),001,Office of the Secretary,310208100079000,Tanza  -  Trece Martires City  -  Indang Rd   -   K0052 + (   -  280 )   -   K0052 + 148,nan,nan,nan,nan,nan,nan,nan,nan,nan,0.0,0.0,7,,,,Infrastructure (DPWH)
2961441,2024,18,Department of Public Works and Highways (DPWH),001,Office of the Secretary,310202100196000,Tanza  -  Trece Martires City  -  Indang Rd   -   K0057 + 560   -   K0059 + 137,nan,nan,nan,nan,nan,nan,nan,nan,nan,0.0,0.0,7,,,,Infrastructure (DPWH)
2951927,2024,18,Department of Public Works and Highways (DPWH),001,Office of the Secretary,310105100689000,Tanza - Trece Martires City - Indang Rd  -  K0051 + 000  -  K0053 + 462,nan,nan,nan,nan,nan,nan,nan,nan,nan,0.0,0.0,7,,,,Infrastructure (DPWH)
2962506,2024,18,Department of Public Works and Highways (DPWH),001,Office of the Secretary,310202101262000,Tanza - Trece Martires City - Indang Rd - K0054 + 733 - K0057 + 121,nan,nan,nan,nan,nan,nan,nan,nan,nan,0.0,0.0,7,,,,Infrastructure (DPWH)
2962625,2024,18,Department of Public Works and Highways (DPWH),001,Office of the Secretary,310202101381000,Tanza - Trece Martires City - Indang Rd - K0057 + 165 - K0057 + 573,nan,nan,nan,nan,nan,nan,nan,nan,nan,0.0,0.0,7,,,,Infrastructure (DPWH)
2947148,2024,18,Department of Public Works and Highways (DPWH),001,Office of the Secretary,310102100355000,Trece Martirez St   -   ( S00010LT )   -   Chainage 118   -   Chainage 533,nan,nan,nan,nan,nan,nan,nan,nan,nan,0.0,0.0,7,,,,Infrastructure (DPWH)
2958956,2024,18,Department of Public Works and Highways (DPWH),001,Office of the Secretary,310111100472000,Trece Martirez St  -  ( S00010LT ) Chainage 000  -  Chainage 533,nan,nan,nan,nan,nan,nan,nan,nan,nan,0.0,0.0,7,,,,Infrastructure (DPWH)
2947844,2024,18,Department of Public Works and Highways (DPWH),001,Office of the Secretary,310102101053000,Trece Martirez St  -  ( S00010LT ) Chainage 062  -  Chainage 118,nan,nan,nan,nan,nan,nan,nan,nan,nan,0.0,0.0,7,,,,Infrastructure (DPWH)
2956061,2024,18,Department of Public Works and Highways (DPWH),001,Office of the Secretary,310108101626000,Trece Martirez St -  ( S00010LT )  Chainage 000 - Chainage 062,nan,nan,nan,nan,nan,nan,nan,nan,nan,0.0,0.0,7,,,,Infrastructure (DPWH)
2965929,2024,18,Department of Public Works and Highways (DPWH),001,Office of the Secretary,310204102011000,"Widening of Bridge 2 along  Cabuco - Indang  Diversion Road,Trece Martires City, Cavite",nan,nan,nan,nan,nan,nan,nan,nan,nan,0.0,0.0,7,,,,Roads & Bridges (DPWH)
2738441,2024,08,State Universities and Colleges (SUCs),039,Cavite State University,100000200007000,Construction of 5-Storey Academic Building (Trece Martires City Campus),nan,nan,nan,nan,nan,nan,nan,nan,nan,0.0,0.0,7,,,,Higher Education (SUCs / CvSU)
3186048,2025,07,Department of Education (DepEd),001,Office of the Secretary,310400100003000,Operation of Schools - Junior High School (Grade 7 to Grade 10),0904177,Eugenio Cabezas National High School,04,01101101,Specific Budgets of National Government Agencies,1,Personnel Services,5010101001,Basic Salary - Civilian,5842.0,5842000.0,7,,0804002,Division of Cavite,Basic Education (DepEd)
3186079,2025,07,Department of Education (DepEd),001,Office of the Secretary,310400100003000,Operation of Schools - Junior High School (Grade 7 to Grade 10),0904177,Eugenio Cabezas National High School,04,01104102,Retirement and Life Insurance Premiums,1,Personnel Services,5010301000,Retirement and Life Insurance Premiums,701.0,701000.0,7,,0804002,Division of Cavite,Basic Education (DepEd)
3186051,2025,07,Department of Education (DepEd),001,Office of the Secretary,310400100003000,Operation of Schools - Junior High School (Grade 7 to Grade 10),0904177,Eugenio Cabezas National High School,04,01101101,Specific Budgets of National Government Agencies,1,Personnel Services,5010214001,Year-End Bonus - Civilian,487.0,487000.0,7,,0804002,Division of Cavite,Basic Education (DepEd)
3186053,2025,07,Department of Education (DepEd),001,Office of the Secretary,310400100003000,Operation of Schools - Junior High School (Grade 7 to Grade 10),0904177,Eugenio Cabezas National High School,04,01101101,Specific Budgets of National Government Agencies,1,Personnel Services,5010216001,Mid-Year Bonus - Civilian,487.0,487000.0,7,,0804002,Division of Cavite,Basic Education (DepEd)
3186049,2025,07,Department of Education (DepEd),001,Office of the Secretary,310400100003000,Operation of Schools - Junior High School (Grade 7 to Grade 10),0904177,Eugenio Cabezas National High School,04,01101101,Specific Budgets of National Government Agencies,1,Personnel Services,5010201001,PERA - Civilian,408.0,408000.0,7,,0804002,Division of Cavite,Basic Education (DepEd)
3186067,2025,07,Department of Education (DepEd),001,Office of the Secretary,310400100003000,Operation of Schools - Junior High School (Grade 7 to Grade 10),0904177,Eugenio Cabezas National High School,04,01101101,Specific Budgets of National Government Agencies,2,Maintenance and Other Operating Expenses,5020399000,Other Supplies and Materials Expenses,278.0,278000.0,7,,0804002,Division of Cavite,Basic Education (DepEd)
3186061,2025,07,Department of Education (DepEd),001,Office of the Secretary,310400100003000,Operation of Schools - Junior High School (Grade 7 to Grade 10),0904177,Eugenio Cabezas National High School,04,01101101,Specific Budgets of National Government Agencies,2,Maintenance and Other Operating Expenses,5020301002,Office Supplies Expenses,260.0,260000.0,7,,0804002,Division of Cavite,Basic Education (DepEd)
3186069,2025,07,Department of Education (DepEd),001,Office of the Secretary,310400100003000,Operation of Schools - Junior High School (Grade 7 to Grade 10),0904177,Eugenio Cabezas National High School,04,01101101,Specific Budgets of National Government Agencies,2,Maintenance and Other Operating Expenses,5020402000,Electricity Expenses,207.0,207000.0,7,,0804002,Division of Cavite,Basic Education (DepEd)
3186073,2025,07,Department of Education (DepEd),001,Office of the Secretary,310400100003000,Operation of Schools - Junior High School (Grade 7 to Grade 10),0904177,Eugenio Cabezas National High School,04,01101101,Specific Budgets of National Government Agencies,2,Maintenance and Other Operating Expenses,5021202000,Janitorial Services,176.0,176000.0,7,,0804002,Division of Cavite,Basic Education (DepEd)
3186056,2025,07,Department of Education (DepEd),001,Office of the Secretary,310400100003000,Operation of Schools - Junior High School (Grade 7 to Grade 10),0904177,Eugenio Cabezas National High School,04,01101101,Specific Budgets of National Government Agencies,1,Personnel Services,5010303001,PhilHealth - Civilian,146.0,146000.0,7,,0804002,Division of Cavite,Basic Education (DepEd)
3186060,2025,07,Department of Education (DepEd),001,Office of the Secretary,310400100003000,Operation of Schools - Junior High School (Grade 7 to Grade 10),0904177,Eugenio Cabezas National High School,04,01101101,Specific Budgets of National Government Agencies,2,Maintenance and Other Operating Expenses,5020201002,Training Expenses,137.0,137000.0,7,,0804002,Division of Cavite,Basic Education (DepEd)
3186050,2025,07,Department of Education (DepEd),001,Office of the Secretary,310400100003000,Operation of Schools - Junior High School (Grade 7 to Grade 10),0904177,Eugenio Cabezas National High School,04,01101101,Specific Budgets of National Government Agencies,1,Personnel Services,5010204001,Clothing/Uniform Allowance - Civilian,119.0,119000.0,7,,0804002,Division of Cavite,Basic Education (DepEd)
3186068,2025,07,Department of Education (DepEd),001,Office of the Secretary,310400100003000,Operation of Schools - Junior High School (Grade 7 to Grade 10),0904177,Eugenio Cabezas National High School,04,01101101,Specific Budgets of National Government Agencies,2,Maintenance and Other Operating Expenses,5020401000,Water Expenses,104.0,104000.0,7,,0804002,Division of Cavite,Basic Education (DepEd)
3186074,2025,07,Department of Education (DepEd),001,Office of the Secretary,310400100003000,Operation of Schools - Junior High School (Grade 7 to Grade 10),0904177,Eugenio Cabezas National High School,04,01101101,Specific Budgets of National Government Agencies,2,Maintenance and Other Operating Expenses,5021304002,School Buildings,91.0,91000.0,7,,0804002,Division of Cavite,Basic Education (DepEd)
3186052,2025,07,Department of Education (DepEd),001,Office of the Secretary,310400100003000,Operation of Schools - Junior High School (Grade 7 to Grade 10),0904177,Eugenio Cabezas National High School,04,01101101,Specific Budgets of National Government Agencies,1,Personnel Services,5010215001,Cash Gift - Civilian ,85.0,85000.0,7,,0804002,Division of Cavite,Basic Education (DepEd)
3186054,2025,07,Department of Education (DepEd),001,Office of the Secretary,310400100003000,Operation of Schools - Junior High School (Grade 7 to Grade 10),0904177,Eugenio Cabezas National High School,04,01101101,Specific Budgets of National Government Agencies,1,Personnel Services,5010299012,Productivity Enhancement Incentive - Civilian ,85.0,85000.0,7,,0804002,Division of Cavite,Basic Education (DepEd)
3186072,2025,07,Department of Education (DepEd),001,Office of the Secretary,310400100003000,Operation of Schools - Junior High School (Grade 7 to Grade 10),0904177,Eugenio Cabezas National High School,04,01101101,Specific Budgets of National Government Agencies,2,Maintenance and Other Operating Expenses,5020503000,Internet Subscription Expenses,78.0,78000.0,7,,0804002,Division of Cavite,Basic Education (DepEd)
3186063,2025,07,Department of Education (DepEd),001,Office of the Secretary,310400100003000,Operation of Schools - Junior High School (Grade 7 to Grade 10),0904177,Eugenio Cabezas National High School,04,01101101,Specific Budgets of National Government Agencies,2,Maintenance and Other Operating Expenses,5020321002,Office Equipment,65.0,65000.0,7,,0804002,Division of Cavite,Basic Education (DepEd)
3186064,2025,07,Department of Education (DepEd),001,Office of the Secretary,310400100003000,Operation of Schools - Junior High School (Grade 7 to Grade 10),0904177,Eugenio Cabezas National High School,04,01101101,Specific Budgets of National Government Agencies,2,Maintenance and Other Operating Expenses,5020321003,Information and Communications Technology Equipment,65.0,65000.0,7,,0804002,Division of Cavite,Basic Education (DepEd)
3186066,2025,07,Department of Education (DepEd),001,Office of the Secretary,310400100003000,Operation of Schools - Junior High School (Grade 7 to Grade 10),0904177,Eugenio Cabezas National High School,04,01101101,Specific Budgets of National Government Agencies,2,Maintenance and Other Operating Expenses,5020322001,Furniture and Fixtures,65.0,65000.0,7,,0804002,Division of Cavite,Basic Education (DepEd)
3186055,2025,07,Department of Education (DepEd),001,Office of the Secretary,310400100003000,Operation of Schools - Junior High School (Grade 7 to Grade 10),0904177,Eugenio Cabezas National High School,04,01101101,Specific Budgets of National Government Agencies,1,Personnel Services,5010302001,Pag-IBIG - Civilian,41.0,41000.0,7,,0804002,Division of Cavite,Basic Education (DepEd)
3186070,2025,07,Department of Education (DepEd),001,Office of the Secretary,310400100003000,Operation of Schools - Junior High School (Grade 7 to Grade 10),0904177,Eugenio Cabezas National High School,04,01101101,Specific Budgets of National Government Agencies,2,Maintenance and Other Operating Expenses,5020501000,Postage and Courier Expenses,39.0,39000.0,7,,0804002,Division of Cavite,Basic Education (DepEd)
3186071,2025,07,Department of Education (DepEd),001,Office of the Secretary,310400100003000,Operation of Schools - Junior High School (Grade 7 to Grade 10),0904177,Eugenio Cabezas National High School,04,01101101,Specific Budgets of National Government Agencies,2,Maintenance and Other Operating Expenses,5020502001,Mobile,24.0,24000.0,7,,0804002,Division of Cavite,Basic Education (DepEd)
3186077,2025,07,Department of Education (DepEd),001,Office of the Secretary,310400100003000,Operation of Schools - Junior High School (Grade 7 to Grade 10),0904177,Eugenio Cabezas National High School,04,01101101,Specific Budgets of National Government Agencies,2,Maintenance and Other Operating Expenses,5021322001,Furniture and Fixtures,21.0,21000.0,7,,0804002,Division of Cavite,Basic Education (DepEd)
3186059,2025,07,Department of Education (DepEd),001,Office of the Secretary,310400100003000,Operation of Schools - Junior High School (Grade 7 to Grade 10),0904177,Eugenio Cabezas National High School,04,01101101,Specific Budgets of National Government Agencies,2,Maintenance and Other Operating Expenses,5020101000,Traveling Expenses - Local,20.0,20000.0,7,,0804002,Division of Cavite,Basic Education (DepEd)
3186057,2025,07,Department of Education (DepEd),001,Office of the Secretary,310400100003000,Operation of Schools - Junior High School (Grade 7 to Grade 10),0904177,Eugenio Cabezas National High School,04,01101101,Specific Budgets of National Government Agencies,1,Personnel Services,5010304001,ECIP - Civilian,20.0,20000.0,7,,0804002,Division of Cavite,Basic Education (DepEd)
3186058,2025,07,Department of Education (DepEd),001,Office of the Secretary,310400100003000,Operation of Schools - Junior High School (Grade 7 to Grade 10),0904177,Eugenio Cabezas National High School,04,01101101,Specific Budgets of National Government Agencies,1,Personnel Services,5010499010,Lump-sum for Step Increments - Length of Service,15.0,15000.0,7,,0804002,Division of Cavite,Basic Education (DepEd)
3186065,2025,07,Department of Education (DepEd),001,Office of the Secretary,310400100003000,Operation of Schools - Junior High School (Grade 7 to Grade 10),0904177,Eugenio Cabezas National High School,04,01101101,Specific Budgets of National Government Agencies,2,Maintenance and Other Operating Expenses,5020321008,Disaster Response and Rescue Equipment,13.0,13000.0,7,,0804002,Division of Cavite,Basic Education (DepEd)
3186075,2025,07,Department of Education (DepEd),001,Office of the Secretary,310400100003000,Operation of Schools - Junior High School (Grade 7 to Grade 10),0904177,Eugenio Cabezas National High School,04,01101101,Specific Budgets of National Government Agencies,2,Maintenance and Other Operating Expenses,5021321002,Office Equipment,10.0,10000.0,7,,0804002,Division of Cavite,Basic Education (DepEd)
3186076,2025,07,Department of Education (DepEd),001,Office of the Secretary,310400100003000,Operation of Schools - Junior High School (Grade 7 to Grade 10),0904177,Eugenio Cabezas National High School,04,01101101,Specific Budgets of National Government Agencies,2,Maintenance and Other Operating Expenses,5021321003,Information and Communications Technology Equipment,10.0,10000.0,7,,0804002,Division of Cavite,Basic Education (DepEd)
3186062,2025,07,Department of Education (DepEd),001,Office of the Secretary,310400100003000,Operation of Schools - Junior High School (Grade 7 to Grade 10),0904177,Eugenio Cabezas National High School,04,01101101,Specific Budgets of National Government Agencies,2,Maintenance and Other Operating Expenses,5020302000,Accountable Forms Expenses,6.0,6000.0,7,,0804002,Division of Cavite,Basic Education (DepEd)
3186078,2025,07,Department of Education (DepEd),001,Office of the Secretary,310400100003000,Operation of Schools - Junior High School (Grade 7 to Grade 10),0904177,Eugenio Cabezas National High School,04,01101101,Specific Budgets of National Government Agencies,2,Maintenance and Other Operating Expenses,5021502000,Fidelity Bond Premiums,5.0,5000.0,7,,0804002,Division of Cavite,Basic Education (DepEd)
3184699,2025,07,Department of Education (DepEd),001,Office of the Secretary,310400100003000,Operation of Schools - Junior High School (Grade 7 to Grade 10),0904131,Francisco Osorio Integrated Senior High School,04,01101101,Specific Budgets of National Government Agencies,1,Personnel Services,5010101001,Basic Salary - Civilian,16135.0,16135000.0,7,,0804002,Division of Cavite,Basic Education (DepEd)
3184723,2025,07,Department of Education (DepEd),001,Office of the Secretary,310400100003000,Operation of Schools - Junior High School (Grade 7 to Grade 10),0904131,Francisco Osorio Integrated Senior High School,04,01104102,Retirement and Life Insurance Premiums,1,Personnel Services,5010301000,Retirement and Life Insurance Premiums,1936.0,1936000.0,7,,0804002,Division of Cavite,Basic Education (DepEd)
3184705,2025,07,Department of Education (DepEd),001,Office of the Secretary,310400100003000,Operation of Schools - Junior High School (Grade 7 to Grade 10),0904131,Francisco Osorio Integrated Senior High School,04,01101101,Specific Budgets of National Government Agencies,1,Personnel Services,5010216001,Mid-Year Bonus - Civilian,1345.0,1345000.0,7,,0804002,Division of Cavite,Basic Education (DepEd)
3184703,2025,07,Department of Education (DepEd),001,Office of the Secretary,310400100003000,Operation of Schools - Junior High School (Grade 7 to Grade 10),0904131,Francisco Osorio Integrated Senior High School,04,01101101,Specific Budgets of National Government Agencies,1,Personnel Services,5010214001,Year-End Bonus - Civilian,1345.0,1345000.0,7,,0804002,Division of Cavite,Basic Education (DepEd)
3184701,2025,07,Department of Education (DepEd),001,Office of the Secretary,310400100003000,Operation of Schools - Junior High School (Grade 7 to Grade 10),0904131,Francisco Osorio Integrated Senior High School,04,01101101,Specific Budgets of National Government Agencies,1,Personnel Services,5010201001,PERA - Civilian,1056.0,1056000.0,7,,0804002,Division of Cavite,Basic Education (DepEd)
3184708,2025,07,Department of Education (DepEd),001,Office of the Secretary,310400100003000,Operation of Schools - Junior High School (Grade 7 to Grade 10),0904131,Francisco Osorio Integrated Senior High School,04,01101101,Specific Budgets of National Government Agencies,1,Personnel Services,5010303001,PhilHealth - Civilian,403.0,403000.0,7,,0804002,Division of Cavite,Basic Education (DepEd)
3184721,2025,07,Department of Education (DepEd),001,Office of the Secretary,310400100003000,Operation of Schools - Junior High School (Grade 7 to Grade 10),0904131,Francisco Osorio Integrated Senior High School,04,01101101,Specific Budgets of National Government Agencies,2,Maintenance and Other Operating Expenses,5021304002,School Buildings,391.0,391000.0,7,,0804002,Division of Cavite,Basic Education (DepEd)
3184713,2025,07,Department of Education (DepEd),001,Office of the Secretary,310400100003000,Operation of Schools - Junior High School (Grade 7 to Grade 10),0904131,Francisco Osorio Integrated Senior High School,04,01101101,Specific Budgets of National Government Agencies,2,Maintenance and Other Operating Expenses,5020301002,Office Supplies Expenses,391.0,391000.0,7,,0804002,Division of Cavite,Basic Education (DepEd)
3184700,2025,07,Department of Education (DepEd),001,Office of the Secretary,310400100003000,Operation of Schools - Junior High School (Grade 7 to Grade 10),0904131,Francisco Osorio Integrated Senior High School,04,01101101,Specific Budgets of National Government Agencies,1,Personnel Services,5010103000,Salaries and Wages - Substitute Teachers,378.0,378000.0,7,,0804002,Division of Cavite,Basic Education (DepEd)
3184702,2025,07,Department of Education (DepEd),001,Office of the Secretary,310400100003000,Operation of Schools - Junior High School (Grade 7 to Grade 10),0904131,Francisco Osorio Integrated Senior High School,04,01101101,Specific Budgets of National Government Agencies,1,Personnel Services,5010204001,Clothing/Uniform Allowance - Civilian,308.0,308000.0,7,,0804002,Division of Cavite,Basic Education (DepEd)
3184718,2025,07,Department of Education (DepEd),001,Office of the Secretary,310400100003000,Operation of Schools - Junior High School (Grade 7 to Grade 10),0904131,Francisco Osorio Integrated Senior High School,04,01101101,Specific Budgets of National Government Agencies,2,Maintenance and Other Operating Expenses,5020402000,Electricity Expenses,265.0,265000.0,7,,0804002,Division of Cavite,Basic Education (DepEd)
3184704,2025,07,Department of Education (DepEd),001,Office of the Secretary,310400100003000,Operation of Schools - Junior High School (Grade 7 to Grade 10),0904131,Francisco Osorio Integrated Senior High School,04,01101101,Specific Budgets of National Government Agencies,1,Personnel Services,5010215001,Cash Gift - Civilian ,220.0,220000.0,7,,0804002,Division of Cavite,Basic Education (DepEd)
3184706,2025,07,Department of Education (DepEd),001,Office of the Secretary,310400100003000,Operation of Schools - Junior High School (Grade 7 to Grade 10),0904131,Francisco Osorio Integrated Senior High School,04,01101101,Specific Budgets of National Government Agencies,1,Personnel Services,5010299012,Productivity Enhancement Incentive - Civilian ,220.0,220000.0,7,,0804002,Division of Cavite,Basic Education (DepEd)
3184711,2025,07,Department of Education (DepEd),001,Office of the Secretary,310400100003000,Operation of Schools - Junior High School (Grade 7 to Grade 10),0904131,Francisco Osorio Integrated Senior High School,04,01101101,Specific Budgets of National Government Agencies,2,Maintenance and Other Operating Expenses,5020101000,Traveling Expenses - Local,196.0,196000.0,7,,0804002,Division of Cavite,Basic Education (DepEd)
3184712,2025,07,Department of Education (DepEd),001,Office of the Secretary,310400100003000,Operation of Schools - Junior High School (Grade 7 to Grade 10),0904131,Francisco Osorio Integrated Senior High School,04,01101101,Specific Budgets of National Government Agencies,2,Maintenance and Other Operating Expenses,5020201002,Training Expenses,196.0,196000.0,7,,0804002,Division of Cavite,Basic Education (DepEd)
3184715,2025,07,Department of Education (DepEd),001,Office of the Secretary,310400100003000,Operation of Schools - Junior High School (Grade 7 to Grade 10),0904131,Francisco Osorio Integrated Senior High School,04,01101101,Specific Budgets of National Government Agencies,2,Maintenance and Other Operating Expenses,5020321002,Office Equipment,185.0,185000.0,7,,0804002,Division of Cavite,Basic Education (DepEd)
3184716,2025,07,Department of Education (DepEd),001,Office of the Secretary,310400100003000,Operation of Schools - Junior High School (Grade 7 to Grade 10),0904131,Francisco Osorio Integrated Senior High School,04,01101101,Specific Budgets of National Government Agencies,2,Maintenance and Other Operating Expenses,5020399000,Other Supplies and Materials Expenses,159.0,159000.0,7,,0804002,Division of Cavite,Basic Education (DepEd)
3184707,2025,07,Department of Education (DepEd),001,Office of the Secretary,310400100003000,Operation of Schools - Junior High School (Grade 7 to Grade 10),0904131,Francisco Osorio Integrated Senior High School,04,01101101,Specific Budgets of National Government Agencies,1,Personnel Services,5010302001,Pag-IBIG - Civilian,106.0,106000.0,7,,0804002,Division of Cavite,Basic Education (DepEd)
3184717,2025,07,Department of Education (DepEd),001,Office of the Secretary,310400100003000,Operation of Schools - Junior High School (Grade 7 to Grade 10),0904131,Francisco Osorio Integrated Senior High School,04,01101101,Specific Budgets of National Government Agencies,2,Maintenance and Other Operating Expenses,5020401000,Water Expenses,104.0,104000.0,7,,0804002,Division of Cavite,Basic Education (DepEd)
3184720,2025,07,Department of Education (DepEd),001,Office of the Secretary,310400100003000,Operation of Schools - Junior High School (Grade 7 to Grade 10),0904131,Francisco Osorio Integrated Senior High School,04,01101101,Specific Budgets of National Government Agencies,2,Maintenance and Other Operating Expenses,5020503000,Internet Subscription Expenses,94.0,94000.0,7,,0804002,Division of Cavite,Basic Education (DepEd)
3184709,2025,07,Department of Education (DepEd),001,Office of the Secretary,310400100003000,Operation of Schools - Junior High School (Grade 7 to Grade 10),0904131,Francisco Osorio Integrated Senior High School,04,01101101,Specific Budgets of National Government Agencies,1,Personnel Services,5010304001,ECIP - Civilian,53.0,53000.0,7,,0804002,Division of Cavite,Basic Education (DepEd)
3184710,2025,07,Department of Education (DepEd),001,Office of the Secretary,310400100003000,Operation of Schools - Junior High School (Grade 7 to Grade 10),0904131,Francisco Osorio Integrated Senior High School,04,01101101,Specific Budgets of National Government Agencies,1,Personnel Services,5010499010,Lump-sum for Step Increments - Length of Service,40.0,40000.0,7,,0804002,Division of Cavite,Basic Education (DepEd)
3184719,2025,07,Department of Education (DepEd),001,Office of the Secretary,310400100003000,Operation of Schools - Junior High School (Grade 7 to Grade 10),0904131,Francisco Osorio Integrated Senior High School,04,01101101,Specific Budgets of National Government Agencies,2,Maintenance and Other Operating Expenses,5020502001,Mobile,24.0,24000.0,7,,0804002,Division of Cavite,Basic Education (DepEd)
3184722,2025,07,Department of Education (DepEd),001,Office of the Secretary,310400100003000,Operation of Schools - Junior High School (Grade 7 to Grade 10),0904131,Francisco Osorio Integrated Senior High School,04,01101101,Specific Budgets of National Government Agencies,2,Maintenance and Other Operating Expenses,5021503000,Insurance Expenses,10.0,10000.0,7,,0804002,Division of Cavite,Basic Education (DepEd)
3184714,2025,07,Department of Education (DepEd),001,Office of the Secretary,310400100003000,Operation of Schools - Junior High School (Grade 7 to Grade 10),0904131,Francisco Osorio Integrated Senior High School,04,01101101,Specific Budgets of National Government Agencies,2,Maintenance and Other Operating Expenses,5020302000,Accountable Forms Expenses,3.0,3000.0,7,,0804002,Division of Cavite,Basic Education (DepEd)
3383637,2025,07,Department of Education (DepEd),001,Office of the Secretary,310400100004000,Operation of Schools - Senior High School (Grade 11 to Grade 12),0904131,Francisco Osorio Integrated Senior High School,04,01101101,Specific Budgets of National Government Agencies,2,Maintenance and Other Operating Expenses,5020399000,Other Supplies and Materials Expenses,197.0,197000.0,7,,0804002,Division of Cavite,Basic Education (DepEd)
3383635,2025,07,Department of Education (DepEd),001,Office of the Secretary,310400100004000,Operation of Schools - Senior High School (Grade 11 to Grade 12),0904131,Francisco Osorio Integrated Senior High School,04,01101101,Specific Budgets of National Government Agencies,2,Maintenance and Other Operating Expenses,5020301002,Office Supplies Expenses,119.0,119000.0,7,,0804002,Division of Cavite,Basic Education (DepEd)
3383639,2025,07,Department of Education (DepEd),001,Office of the Secretary,310400100004000,Operation of Schools - Senior High School (Grade 11 to Grade 12),0904131,Francisco Osorio Integrated Senior High School,04,01101101,Specific Budgets of National Government Agencies,2,Maintenance and Other Operating Expenses,5020402000,Electricity Expenses,75.0,75000.0,7,,0804002,Division of Cavite,Basic Education (DepEd)
3383640,2025,07,Department of Education (DepEd),001,Office of the Secretary,310400100004000,Operation of Schools - Senior High School (Grade 11 to Grade 12),0904131,Francisco Osorio Integrated Senior High School,04,01101101,Specific Budgets of National Government Agencies,2,Maintenance and Other Operating Expenses,5020503000,Internet Subscription Expenses,71.0,71000.0,7,,0804002,Division of Cavite,Basic Education (DepEd)
3383636,2025,07,Department of Education (DepEd),001,Office of the Secretary,310400100004000,Operation of Schools - Senior High School (Grade 11 to Grade 12),0904131,Francisco Osorio Integrated Senior High School,04,01101101,Specific Budgets of National Government Agencies,2,Maintenance and Other Operating Expenses,5020321002,Office Equipment,48.0,48000.0,7,,0804002,Division of Cavite,Basic Education (DepEd)
3383638,2025,07,Department of Education (DepEd),001,Office of the Secretary,310400100004000,Operation of Schools - Senior High School (Grade 11 to Grade 12),0904131,Francisco Osorio Integrated Senior High School,04,01101101,Specific Budgets of National Government Agencies,2,Maintenance and Other Operating Expenses,5020401000,Water Expenses,48.0,48000.0,7,,0804002,Division of Cavite,Basic Education (DepEd)
3383634,2025,07,Department of Education (DepEd),001,Office of the Secretary,310400100004000,Operation of Schools - Senior High School (Grade 11 to Grade 12),0904131,Francisco Osorio Integrated Senior High School,04,01101101,Specific Budgets of National Government Agencies,2,Maintenance and Other Operating Expenses,5020101000,Traveling Expenses - Local,48.0,48000.0,7,,0804002,Division of Cavite,Basic Education (DepEd)
3185199,2025,07,Department of Education (DepEd),001,Office of the Secretary,310400100003000,Operation of Schools - Junior High School (Grade 7 to Grade 10),0904148,Luis Aguado National High School,04,01101101,Specific Budgets of National Government Agencies,1,Personnel Services,5010101001,Basic Salary - Civilian,31996.0,31996000.0,7,,0804002,Division of Cavite,Basic Education (DepEd)
3185230,2025,07,Department of Education (DepEd),001,Office of the Secretary,310400100003000,Operation of Schools - Junior High School (Grade 7 to Grade 10),0904148,Luis Aguado National High School,04,01104102,Retirement and Life Insurance Premiums,1,Personnel Services,5010301000,Retirement and Life Insurance Premiums,3839.0,3839000.0,7,,0804002,Division of Cavite,Basic Education (DepEd)
3185205,2025,07,Department of Education (DepEd),001,Office of the Secretary,310400100003000,Operation of Schools - Junior High School (Grade 7 to Grade 10),0904148,Luis Aguado National High School,04,01101101,Specific Budgets of National Government Agencies,1,Personnel Services,5010216001,Mid-Year Bonus - Civilian,2666.0,2666000.0,7,,0804002,Division of Cavite,Basic Education (DepEd)
3185203,2025,07,Department of Education (DepEd),001,Office of the Secretary,310400100003000,Operation of Schools - Junior High School (Grade 7 to Grade 10),0904148,Luis Aguado National High School,04,01101101,Specific Budgets of National Government Agencies,1,Personnel Services,5010214001,Year-End Bonus - Civilian,2666.0,2666000.0,7,,0804002,Division of Cavite,Basic Education (DepEd)
3185201,2025,07,Department of Education (DepEd),001,Office of the Secretary,310400100003000,Operation of Schools - Junior High School (Grade 7 to Grade 10),0904148,Luis Aguado National High School,04,01101101,Specific Budgets of National Government Agencies,1,Personnel Services,5010201001,PERA - Civilian,2112.0,2112000.0,7,,0804002,Division of Cavite,Basic Education (DepEd)
3185200,2025,07,Department of Education (DepEd),001,Office of the Secretary,310400100003000,Operation of Schools - Junior High School (Grade 7 to Grade 10),0904148,Luis Aguado National High School,04,01101101,Specific Budgets of National Government Agencies,1,Personnel Services,5010103000,Salaries and Wages - Substitute Teachers,851.0,851000.0,7,,0804002,Division of Cavite,Basic Education (DepEd)
3185208,2025,07,Department of Education (DepEd),001,Office of the Secretary,310400100003000,Operation of Schools - Junior High School (Grade 7 to Grade 10),0904148,Luis Aguado National High School,04,01101101,Specific Budgets of National Government Agencies,1,Personnel Services,5010303001,PhilHealth - Civilian,800.0,800000.0,7,,0804002,Division of Cavite,Basic Education (DepEd)
3185227,2025,07,Department of Education (DepEd),001,Office of the Secretary,310400100003000,Operation of Schools - Junior High School (Grade 7 to Grade 10),0904148,Luis Aguado National High School,04,01101101,Specific Budgets of National Government Agencies,2,Maintenance and Other Operating Expenses,5021304002,School Buildings,648.0,648000.0,7,,0804002,Division of Cavite,Basic Education (DepEd)
3185222,2025,07,Department of Education (DepEd),001,Office of the Secretary,310400100003000,Operation of Schools - Junior High School (Grade 7 to Grade 10),0904148,Luis Aguado National High School,04,01101101,Specific Budgets of National Government Agencies,2,Maintenance and Other Operating Expenses,5020402000,Electricity Expenses,635.0,635000.0,7,,0804002,Division of Cavite,Basic Education (DepEd)
3185202,2025,07,Department of Education (DepEd),001,Office of the Secretary,310400100003000,Operation of Schools - Junior High School (Grade 7 to Grade 10),0904148,Luis Aguado National High School,04,01101101,Specific Budgets of National Government Agencies,1,Personnel Services,5010204001,Clothing/Uniform Allowance - Civilian,616.0,616000.0,7,,0804002,Division of Cavite,Basic Education (DepEd)
3185215,2025,07,Department of Education (DepEd),001,Office of the Secretary,310400100003000,Operation of Schools - Junior High School (Grade 7 to Grade 10),0904148,Luis Aguado National High School,04,01101101,Specific Budgets of National Government Agencies,2,Maintenance and Other Operating Expenses,5020301002,Office Supplies Expenses,518.0,518000.0,7,,0804002,Division of Cavite,Basic Education (DepEd)
3185204,2025,07,Department of Education (DepEd),001,Office of the Secretary,310400100003000,Operation of Schools - Junior High School (Grade 7 to Grade 10),0904148,Luis Aguado National High School,04,01101101,Specific Budgets of National Government Agencies,1,Personnel Services,5010215001,Cash Gift - Civilian ,440.0,440000.0,7,,0804002,Division of Cavite,Basic Education (DepEd)
3185206,2025,07,Department of Education (DepEd),001,Office of the Secretary,310400100003000,Operation of Schools - Junior High School (Grade 7 to Grade 10),0904148,Luis Aguado National High School,04,01101101,Specific Budgets of National Government Agencies,1,Personnel Services,5010299012,Productivity Enhancement Incentive - Civilian ,440.0,440000.0,7,,0804002,Division of Cavite,Basic Education (DepEd)
3185226,2025,07,Department of Education (DepEd),001,Office of the Secretary,310400100003000,Operation of Schools - Junior High School (Grade 7 to Grade 10),0904148,Luis Aguado National High School,04,01101101,Specific Budgets of National Government Agencies,2,Maintenance and Other Operating Expenses,5021202000,Janitorial Services,388.0,388000.0,7,,0804002,Division of Cavite,Basic Education (DepEd)
3185213,2025,07,Department of Education (DepEd),001,Office of the Secretary,310400100003000,Operation of Schools - Junior High School (Grade 7 to Grade 10),0904148,Luis Aguado National High School,04,01101101,Specific Budgets of National Government Agencies,2,Maintenance and Other Operating Expenses,5020201002,Training Expenses,272.0,272000.0,7,,0804002,Division of Cavite,Basic Education (DepEd)
3185220,2025,07,Department of Education (DepEd),001,Office of the Secretary,310400100003000,Operation of Schools - Junior High School (Grade 7 to Grade 10),0904148,Luis Aguado National High School,04,01101101,Specific Budgets of National Government Agencies,2,Maintenance and Other Operating Expenses,5020399000,Other Supplies and Materials Expenses,260.0,260000.0,7,,0804002,Division of Cavite,Basic Education (DepEd)
3185207,2025,07,Department of Education (DepEd),001,Office of the Secretary,310400100003000,Operation of Schools - Junior High School (Grade 7 to Grade 10),0904148,Luis Aguado National High School,04,01101101,Specific Budgets of National Government Agencies,1,Personnel Services,5010302001,Pag-IBIG - Civilian,211.0,211000.0,7,,0804002,Division of Cavite,Basic Education (DepEd)
3185219,2025,07,Department of Education (DepEd),001,Office of the Secretary,310400100003000,Operation of Schools - Junior High School (Grade 7 to Grade 10),0904148,Luis Aguado National High School,04,01101101,Specific Budgets of National Government Agencies,2,Maintenance and Other Operating Expenses,5020322001,Furniture and Fixtures,145.0,145000.0,7,,0804002,Division of Cavite,Basic Education (DepEd)
3185221,2025,07,Department of Education (DepEd),001,Office of the Secretary,310400100003000,Operation of Schools - Junior High School (Grade 7 to Grade 10),0904148,Luis Aguado National High School,04,01101101,Specific Budgets of National Government Agencies,2,Maintenance and Other Operating Expenses,5020401000,Water Expenses,111.0,111000.0,7,,0804002,Division of Cavite,Basic Education (DepEd)
3185211,2025,07,Department of Education (DepEd),001,Office of the Secretary,310400100003000,Operation of Schools - Junior High School (Grade 7 to Grade 10),0904148,Luis Aguado National High School,04,01101101,Specific Budgets of National Government Agencies,2,Maintenance and Other Operating Expenses,5020101000,Traveling Expenses - Local,111.0,111000.0,7,,0804002,Division of Cavite,Basic Education (DepEd)
3185209,2025,07,Department of Education (DepEd),001,Office of the Secretary,310400100003000,Operation of Schools - Junior High School (Grade 7 to Grade 10),0904148,Luis Aguado National High School,04,01101101,Specific Budgets of National Government Agencies,1,Personnel Services,5010304001,ECIP - Civilian,106.0,106000.0,7,,0804002,Division of Cavite,Basic Education (DepEd)
3185217,2025,07,Department of Education (DepEd),001,Office of the Secretary,310400100003000,Operation of Schools - Junior High School (Grade 7 to Grade 10),0904148,Luis Aguado National High School,04,01101101,Specific Budgets of National Government Agencies,2,Maintenance and Other Operating Expenses,5020321002,Office Equipment,104.0,104000.0,7,,0804002,Division of Cavite,Basic Education (DepEd)
3185225,2025,07,Department of Education (DepEd),001,Office of the Secretary,310400100003000,Operation of Schools - Junior High School (Grade 7 to Grade 10),0904148,Luis Aguado National High School,04,01101101,Specific Budgets of National Government Agencies,2,Maintenance and Other Operating Expenses,5020503000,Internet Subscription Expenses,97.0,97000.0,7,,0804002,Division of Cavite,Basic Education (DepEd)
3185210,2025,07,Department of Education (DepEd),001,Office of the Secretary,310400100003000,Operation of Schools - Junior High School (Grade 7 to Grade 10),0904148,Luis Aguado National High School,04,01101101,Specific Budgets of National Government Agencies,1,Personnel Services,5010499010,Lump-sum for Step Increments - Length of Service,80.0,80000.0,7,,0804002,Division of Cavite,Basic Education (DepEd)
3185228,2025,07,Department of Education (DepEd),001,Office of the Secretary,310400100003000,Operation of Schools - Junior High School (Grade 7 to Grade 10),0904148,Luis Aguado National High School,04,01101101,Specific Budgets of National Government Agencies,2,Maintenance and Other Operating Expenses,5021321002,Office Equipment,72.0,72000.0,7,,0804002,Division of Cavite,Basic Education (DepEd)
3185214,2025,07,Department of Education (DepEd),001,Office of the Secretary,310400100003000,Operation of Schools - Junior High School (Grade 7 to Grade 10),0904148,Luis Aguado National High School,04,01101101,Specific Budgets of National Government Agencies,2,Maintenance and Other Operating Expenses,5020301001,ICT Office Supplies Expenses,65.0,65000.0,7,,0804002,Division of Cavite,Basic Education (DepEd)
3185212,2025,07,Department of Education (DepEd),001,Office of the Secretary,310400100003000,Operation of Schools - Junior High School (Grade 7 to Grade 10),0904148,Luis Aguado National High School,04,01101101,Specific Budgets of National Government Agencies,2,Maintenance and Other Operating Expenses,5020201001,ICT Training Expenses,39.0,39000.0,7,,0804002,Division of Cavite,Basic Education (DepEd)
3185218,2025,07,Department of Education (DepEd),001,Office of the Secretary,310400100003000,Operation of Schools - Junior High School (Grade 7 to Grade 10),0904148,Luis Aguado National High School,04,01101101,Specific Budgets of National Government Agencies,2,Maintenance and Other Operating Expenses,5020321003,Information and Communications Technology Equipment,39.0,39000.0,7,,0804002,Division of Cavite,Basic Education (DepEd)
3185223,2025,07,Department of Education (DepEd),001,Office of the Secretary,310400100003000,Operation of Schools - Junior High School (Grade 7 to Grade 10),0904148,Luis Aguado National High School,04,01101101,Specific Budgets of National Government Agencies,2,Maintenance and Other Operating Expenses,5020502001,Mobile,24.0,24000.0,7,,0804002,Division of Cavite,Basic Education (DepEd)
3185224,2025,07,Department of Education (DepEd),001,Office of the Secretary,310400100003000,Operation of Schools - Junior High School (Grade 7 to Grade 10),0904148,Luis Aguado National High School,04,01101101,Specific Budgets of National Government Agencies,2,Maintenance and Other Operating Expenses,5020502002,Landline,24.0,24000.0,7,,0804002,Division of Cavite,Basic Education (DepEd)
3185229,2025,07,Department of Education (DepEd),001,Office of the Secretary,310400100003000,Operation of Schools - Junior High School (Grade 7 to Grade 10),0904148,Luis Aguado National High School,04,01101101,Specific Budgets of National Government Agencies,2,Maintenance and Other Operating Expenses,5021502000,Fidelity Bond Premiums,9.0,9000.0,7,,0804002,Division of Cavite,Basic Education (DepEd)
3185216,2025,07,Department of Education (DepEd),001,Office of the Secretary,310400100003000,Operation of Schools - Junior High School (Grade 7 to Grade 10),0904148,Luis Aguado National High School,04,01101101,Specific Budgets of National Government Agencies,2,Maintenance and Other Operating Expenses,5020302000,Accountable Forms Expenses,4.0,4000.0,7,,0804002,Division of Cavite,Basic Education (DepEd)
3186017,2025,07,Department of Education (DepEd),001,Office of the Secretary,310400100003000,Operation of Schools - Junior High School (Grade 7 to Grade 10),0904176,Trece Martires City National High School,04,01101101,Specific Budgets of National Government Agencies,1,Personnel Services,5010101001,Basic Salary - Civilian,136020.0,136020000.0,7,,0804002,Division of Cavite,Basic Education (DepEd)
3186047,2025,07,Department of Education (DepEd),001,Office of the Secretary,310400100003000,Operation of Schools - Junior High School (Grade 7 to Grade 10),0904176,Trece Martires City National High School,04,01104102,Retirement and Life Insurance Premiums,1,Personnel Services,5010301000,Retirement and Life Insurance Premiums,16322.0,16322000.0,7,,0804002,Division of Cavite,Basic Education (DepEd)
3186022,2025,07,Department of Education (DepEd),001,Office of the Secretary,310400100003000,Operation of Schools - Junior High School (Grade 7 to Grade 10),0904176,Trece Martires City National High School,04,01101101,Specific Budgets of National Government Agencies,1,Personnel Services,5010214001,Year-End Bonus - Civilian,11335.0,11335000.0,7,,0804002,Division of Cavite,Basic Education (DepEd)
3186024,2025,07,Department of Education (DepEd),001,Office of the Secretary,310400100003000,Operation of Schools - Junior High School (Grade 7 to Grade 10),0904176,Trece Martires City National High School,04,01101101,Specific Budgets of National Government Agencies,1,Personnel Services,5010216001,Mid-Year Bonus - Civilian,11335.0,11335000.0,7,,0804002,Division of Cavite,Basic Education (DepEd)
3186020,2025,07,Department of Education (DepEd),001,Office of the Secretary,310400100003000,Operation of Schools - Junior High School (Grade 7 to Grade 10),0904176,Trece Martires City National High School,04,01101101,Specific Budgets of National Government Agencies,1,Personnel Services,5010201001,PERA - Civilian,9240.0,9240000.0,7,,0804002,Division of Cavite,Basic Education (DepEd)
3186033,2025,07,Department of Education (DepEd),001,Office of the Secretary,310400100003000,Operation of Schools - Junior High School (Grade 7 to Grade 10),0904176,Trece Martires City National High School,04,01101101,Specific Budgets of National Government Agencies,2,Maintenance and Other Operating Expenses,5020301002,Office Supplies Expenses,5313.0,5313000.0,7,,0804002,Division of Cavite,Basic Education (DepEd)
3186019,2025,07,Department of Education (DepEd),001,Office of the Secretary,310400100003000,Operation of Schools - Junior High School (Grade 7 to Grade 10),0904176,Trece Martires City National High School,04,01101101,Specific Budgets of National Government Agencies,1,Personnel Services,5010103000,Salaries and Wages - Substitute Teachers,3683.0,3683000.0,7,,0804002,Division of Cavite,Basic Education (DepEd)
3186027,2025,07,Department of Education (DepEd),001,Office of the Secretary,310400100003000,Operation of Schools - Junior High School (Grade 7 to Grade 10),0904176,Trece Martires City National High School,04,01101101,Specific Budgets of National Government Agencies,1,Personnel Services,5010303001,PhilHealth - Civilian,3400.0,3400000.0,7,,0804002,Division of Cavite,Basic Education (DepEd)
3186021,2025,07,Department of Education (DepEd),001,Office of the Secretary,310400100003000,Operation of Schools - Junior High School (Grade 7 to Grade 10),0904176,Trece Martires City National High School,04,01101101,Specific Budgets of National Government Agencies,1,Personnel Services,5010204001,Clothing/Uniform Allowance - Civilian,2695.0,2695000.0,7,,0804002,Division of Cavite,Basic Education (DepEd)
3186039,2025,07,Department of Education (DepEd),001,Office of the Secretary,310400100003000,Operation of Schools - Junior High School (Grade 7 to Grade 10),0904176,Trece Martires City National High School,04,01101101,Specific Budgets of National Government Agencies,2,Maintenance and Other Operating Expenses,5020402000,Electricity Expenses,2635.0,2635000.0,7,,0804002,Division of Cavite,Basic Education (DepEd)
3186037,2025,07,Department of Education (DepEd),001,Office of the Secretary,310400100003000,Operation of Schools - Junior High School (Grade 7 to Grade 10),0904176,Trece Martires City National High School,04,01101101,Specific Budgets of National Government Agencies,2,Maintenance and Other Operating Expenses,5020399000,Other Supplies and Materials Expenses,2128.0,2128000.0,7,,0804002,Division of Cavite,Basic Education (DepEd)
3186023,2025,07,Department of Education (DepEd),001,Office of the Secretary,310400100003000,Operation of Schools - Junior High School (Grade 7 to Grade 10),0904176,Trece Martires City National High School,04,01101101,Specific Budgets of National Government Agencies,1,Personnel Services,5010215001,Cash Gift - Civilian ,1925.0,1925000.0,7,,0804002,Division of Cavite,Basic Education (DepEd)
3186025,2025,07,Department of Education (DepEd),001,Office of the Secretary,310400100003000,Operation of Schools - Junior High School (Grade 7 to Grade 10),0904176,Trece Martires City National High School,04,01101101,Specific Budgets of National Government Agencies,1,Personnel Services,5010299012,Productivity Enhancement Incentive - Civilian ,1925.0,1925000.0,7,,0804002,Division of Cavite,Basic Education (DepEd)
3186018,2025,07,Department of Education (DepEd),001,Office of the Secretary,310400100003000,Operation of Schools - Junior High School (Grade 7 to Grade 10),0904176,Trece Martires City National High School,04,01101101,Specific Budgets of National Government Agencies,1,Personnel Services,5010102000,Salaries and Wages - Casual/Contractual,1569.0,1569000.0,7,,0804002,Division of Cavite,Basic Education (DepEd)
3186034,2025,07,Department of Education (DepEd),001,Office of the Secretary,310400100003000,Operation of Schools - Junior High School (Grade 7 to Grade 10),0904176,Trece Martires City National High School,04,01101101,Specific Budgets of National Government Agencies,2,Maintenance and Other Operating Expenses,5020302000,Accountable Forms Expenses,1353.0,1353000.0,7,,0804002,Division of Cavite,Basic Education (DepEd)
3186026,2025,07,Department of Education (DepEd),001,Office of the Secretary,310400100003000,Operation of Schools - Junior High School (Grade 7 to Grade 10),0904176,Trece Martires City National High School,04,01101101,Specific Budgets of National Government Agencies,1,Personnel Services,5010302001,Pag-IBIG - Civilian,924.0,924000.0,7,,0804002,Division of Cavite,Basic Education (DepEd)
3186030,2025,07,Department of Education (DepEd),001,Office of the Secretary,310400100003000,Operation of Schools - Junior High School (Grade 7 to Grade 10),0904176,Trece Martires City National High School,04,01101101,Specific Budgets of National Government Agencies,2,Maintenance and Other Operating Expenses,5020101000,Traveling Expenses - Local,911.0,911000.0,7,,0804002,Division of Cavite,Basic Education (DepEd)
3186043,2025,07,Department of Education (DepEd),001,Office of the Secretary,310400100003000,Operation of Schools - Junior High School (Grade 7 to Grade 10),0904176,Trece Martires City National High School,04,01101101,Specific Budgets of National Government Agencies,2,Maintenance and Other Operating Expenses,5021304002,School Buildings,798.0,798000.0,7,,0804002,Division of Cavite,Basic Education (DepEd)
3186031,2025,07,Department of Education (DepEd),001,Office of the Secretary,310400100003000,Operation of Schools - Junior High School (Grade 7 to Grade 10),0904176,Trece Martires City National High School,04,01101101,Specific Budgets of National Government Agencies,2,Maintenance and Other Operating Expenses,5020201001,ICT Training Expenses,667.0,667000.0,7,,0804002,Division of Cavite,Basic Education (DepEd)
3186028,2025,07,Department of Education (DepEd),001,Office of the Secretary,310400100003000,Operation of Schools - Junior High School (Grade 7 to Grade 10),0904176,Trece Martires City National High School,04,01101101,Specific Budgets of National Government Agencies,1,Personnel Services,5010304001,ECIP - Civilian,462.0,462000.0,7,,0804002,Division of Cavite,Basic Education (DepEd)
3186029,2025,07,Department of Education (DepEd),001,Office of the Secretary,310400100003000,Operation of Schools - Junior High School (Grade 7 to Grade 10),0904176,Trece Martires City National High School,04,01101101,Specific Budgets of National Government Agencies,1,Personnel Services,5010499010,Lump-sum for Step Increments - Length of Service,340.0,340000.0,7,,0804002,Division of Cavite,Basic Education (DepEd)
3186032,2025,07,Department of Education (DepEd),001,Office of the Secretary,310400100003000,Operation of Schools - Junior High School (Grade 7 to Grade 10),0904176,Trece Martires City National High School,04,01101101,Specific Budgets of National Government Agencies,2,Maintenance and Other Operating Expenses,5020201002,Training Expenses,312.0,312000.0,7,,0804002,Division of Cavite,Basic Education (DepEd)
3186035,2025,07,Department of Education (DepEd),001,Office of the Secretary,310400100003000,Operation of Schools - Junior High School (Grade 7 to Grade 10),0904176,Trece Martires City National High School,04,01101101,Specific Budgets of National Government Agencies,2,Maintenance and Other Operating Expenses,5020308000,"Medical, Dental and Laboratory Supplies Expenses",263.0,263000.0,7,,0804002,Division of Cavite,Basic Education (DepEd)
3186036,2025,07,Department of Education (DepEd),001,Office of the Secretary,310400100003000,Operation of Schools - Junior High School (Grade 7 to Grade 10),0904176,Trece Martires City National High School,04,01101101,Specific Budgets of National Government Agencies,2,Maintenance and Other Operating Expenses,5020309000,"Fuel, Oil and Lubricants Expenses",128.0,128000.0,7,,0804002,Division of Cavite,Basic Education (DepEd)
3186040,2025,07,Department of Education (DepEd),001,Office of the Secretary,310400100003000,Operation of Schools - Junior High School (Grade 7 to Grade 10),0904176,Trece Martires City National High School,04,01101101,Specific Budgets of National Government Agencies,2,Maintenance and Other Operating Expenses,5020502001,Mobile,94.0,94000.0,7,,0804002,Division of Cavite,Basic Education (DepEd)
3186041,2025,07,Department of Education (DepEd),001,Office of the Secretary,310400100003000,Operation of Schools - Junior High School (Grade 7 to Grade 10),0904176,Trece Martires City National High School,04,01101101,Specific Budgets of National Government Agencies,2,Maintenance and Other Operating Expenses,5020502002,Landline,73.0,73000.0,7,,0804002,Division of Cavite,Basic Education (DepEd)
3186042,2025,07,Department of Education (DepEd),001,Office of the Secretary,310400100003000,Operation of Schools - Junior High School (Grade 7 to Grade 10),0904176,Trece Martires City National High School,04,01101101,Specific Budgets of National Government Agencies,2,Maintenance and Other Operating Expenses,5020503000,Internet Subscription Expenses,68.0,68000.0,7,,0804002,Division of Cavite,Basic Education (DepEd)
3186038,2025,07,Department of Education (DepEd),001,Office of the Secretary,310400100003000,Operation of Schools - Junior High School (Grade 7 to Grade 10),0904176,Trece Martires City National High School,04,01101101,Specific Budgets of National Government Agencies,2,Maintenance and Other Operating Expenses,5020401000,Water Expenses,53.0,53000.0,7,,0804002,Division of Cavite,Basic Education (DepEd)
3186045,2025,07,Department of Education (DepEd),001,Office of the Secretary,310400100003000,Operation of Schools - Junior High School (Grade 7 to Grade 10),0904176,Trece Martires City National High School,04,01101101,Specific Budgets of National Government Agencies,2,Maintenance and Other Operating Expenses,5029903000,Representation Expenses,42.0,42000.0,7,,0804002,Division of Cavite,Basic Education (DepEd)
3186046,2025,07,Department of Education (DepEd),001,Office of the Secretary,310400100003000,Operation of Schools - Junior High School (Grade 7 to Grade 10),0904176,Trece Martires City National High School,04,01101101,Specific Budgets of National Government Agencies,2,Maintenance and Other Operating Expenses,5029904000,Transportation and Delivery Expenses,36.0,36000.0,7,,0804002,Division of Cavite,Basic Education (DepEd)
3186044,2025,07,Department of Education (DepEd),001,Office of the Secretary,310400100003000,Operation of Schools - Junior High School (Grade 7 to Grade 10),0904176,Trece Martires City National High School,04,01101101,Specific Budgets of National Government Agencies,2,Maintenance and Other Operating Expenses,5021502000,Fidelity Bond Premiums,10.0,10000.0,7,,0804002,Division of Cavite,Basic Education (DepEd)
3186088,2025,07,Department of Education (DepEd),001,Office of the Secretary,310400100003000,Operation of Schools - Junior High School (Grade 7 to Grade 10),0904178,Trece Martires City National High School - Conchu Annex,04,01101101,Specific Budgets of National Government Agencies,2,Maintenance and Other Operating Expenses,5020399000,Other Supplies and Materials Expenses,248.0,248000.0,7,,0804002,Division of Cavite,Basic Education (DepEd)
3186090,2025,07,Department of Education (DepEd),001,Office of the Secretary,310400100003000,Operation of Schools - Junior High School (Grade 7 to Grade 10),0904178,Trece Martires City National High School - Conchu Annex,04,01101101,Specific Budgets of National Government Agencies,2,Maintenance and Other Operating Expenses,5020402000,Electricity Expenses,166.0,166000.0,7,,0804002,Division of Cavite,Basic Education (DepEd)
3186094,2025,07,Department of Education (DepEd),001,Office of the Secretary,310400100003000,Operation of Schools - Junior High School (Grade 7 to Grade 10),0904178,Trece Martires City National High School - Conchu Annex,04,01101101,Specific Budgets of National Government Agencies,2,Maintenance and Other Operating Expenses,5021202000,Janitorial Services,137.0,137000.0,7,,0804002,Division of Cavite,Basic Education (DepEd)
3186081,2025,07,Department of Education (DepEd),001,Office of the Secretary,310400100003000,Operation of Schools - Junior High School (Grade 7 to Grade 10),0904178,Trece Martires City National High School - Conchu Annex,04,01101101,Specific Budgets of National Government Agencies,2,Maintenance and Other Operating Expenses,5020201002,Training Expenses,128.0,128000.0,7,,0804002,Division of Cavite,Basic Education (DepEd)
3186095,2025,07,Department of Education (DepEd),001,Office of the Secretary,310400100003000,Operation of Schools - Junior High School (Grade 7 to Grade 10),0904178,Trece Martires City National High School - Conchu Annex,04,01101101,Specific Budgets of National Government Agencies,2,Maintenance and Other Operating Expenses,5021304002,School Buildings,128.0,128000.0,7,,0804002,Division of Cavite,Basic Education (DepEd)
3186084,2025,07,Department of Education (DepEd),001,Office of the Secretary,310400100003000,Operation of Schools - Junior High School (Grade 7 to Grade 10),0904178,Trece Martires City National High School - Conchu Annex,04,01101101,Specific Budgets of National Government Agencies,2,Maintenance and Other Operating Expenses,5020321002,Office Equipment,90.0,90000.0,7,,0804002,Division of Cavite,Basic Education (DepEd)
3186085,2025,07,Department of Education (DepEd),001,Office of the Secretary,310400100003000,Operation of Schools - Junior High School (Grade 7 to Grade 10),0904178,Trece Martires City National High School - Conchu Annex,04,01101101,Specific Budgets of National Government Agencies,2,Maintenance and Other Operating Expenses,5020321003,Information and Communications Technology Equipment,90.0,90000.0,7,,0804002,Division of Cavite,Basic Education (DepEd)
3186089,2025,07,Department of Education (DepEd),001,Office of the Secretary,310400100003000,Operation of Schools - Junior High School (Grade 7 to Grade 10),0904178,Trece Martires City National High School - Conchu Annex,04,01101101,Specific Budgets of National Government Agencies,2,Maintenance and Other Operating Expenses,5020401000,Water Expenses,76.0,76000.0,7,,0804002,Division of Cavite,Basic Education (DepEd)
3186093,2025,07,Department of Education (DepEd),001,Office of the Secretary,310400100003000,Operation of Schools - Junior High School (Grade 7 to Grade 10),0904178,Trece Martires City National High School - Conchu Annex,04,01101101,Specific Budgets of National Government Agencies,2,Maintenance and Other Operating Expenses,5020503000,Internet Subscription Expenses,76.0,76000.0,7,,0804002,Division of Cavite,Basic Education (DepEd)
3186080,2025,07,Department of Education (DepEd),001,Office of the Secretary,310400100003000,Operation of Schools - Junior High School (Grade 7 to Grade 10),0904178,Trece Martires City National High School - Conchu Annex,04,01101101,Specific Budgets of National Government Agencies,2,Maintenance and Other Operating Expenses,5020101000,Traveling Expenses - Local,64.0,64000.0,7,,0804002,Division of Cavite,Basic Education (DepEd)
3186082,2025,07,Department of Education (DepEd),001,Office of the Secretary,310400100003000,Operation of Schools - Junior High School (Grade 7 to Grade 10),0904178,Trece Martires City National High School - Conchu Annex,04,01101101,Specific Budgets of National Government Agencies,2,Maintenance and Other Operating Expenses,5020301002,Office Supplies Expenses,50.0,50000.0,7,,0804002,Division of Cavite,Basic Education (DepEd)
3186087,2025,07,Department of Education (DepEd),001,Office of the Secretary,310400100003000,Operation of Schools - Junior High School (Grade 7 to Grade 10),0904178,Trece Martires City National High School - Conchu Annex,04,01101101,Specific Budgets of National Government Agencies,2,Maintenance and Other Operating Expenses,5020322001,Furniture and Fixtures,38.0,38000.0,7,,0804002,Division of Cavite,Basic Education (DepEd)
3186096,2025,07,Department of Education (DepEd),001,Office of the Secretary,310400100003000,Operation of Schools - Junior High School (Grade 7 to Grade 10),0904178,Trece Martires City National High School - Conchu Annex,04,01101101,Specific Budgets of National Government Agencies,2,Maintenance and Other Operating Expenses,5021502000,Fidelity Bond Premiums,29.0,29000.0,7,,0804002,Division of Cavite,Basic Education (DepEd)
3186086,2025,07,Department of Education (DepEd),001,Office of the Secretary,310400100003000,Operation of Schools - Junior High School (Grade 7 to Grade 10),0904178,Trece Martires City National High School - Conchu Annex,04,01101101,Specific Budgets of National Government Agencies,2,Maintenance and Other Operating Expenses,5020321008,Disaster Response and Rescue Equipment,26.0,26000.0,7,,0804002,Division of Cavite,Basic Education (DepEd)
3186091,2025,07,Department of Education (DepEd),001,Office of the Secretary,310400100003000,Operation of Schools - Junior High School (Grade 7 to Grade 10),0904178,Trece Martires City National High School - Conchu Annex,04,01101101,Specific Budgets of National Government Agencies,2,Maintenance and Other Operating Expenses,5020501000,Postage and Courier Expenses,26.0,26000.0,7,,0804002,Division of Cavite,Basic Education (DepEd)
3186092,2025,07,Department of Education (DepEd),001,Office of the Secretary,310400100003000,Operation of Schools - Junior High School (Grade 7 to Grade 10),0904178,Trece Martires City National High School - Conchu Annex,04,01101101,Specific Budgets of National Government Agencies,2,Maintenance and Other Operating Expenses,5020502001,Mobile,20.0,20000.0,7,,0804002,Division of Cavite,Basic Education (DepEd)
3186097,2025,07,Department of Education (DepEd),001,Office of the Secretary,310400100003000,Operation of Schools - Junior High School (Grade 7 to Grade 10),0904178,Trece Martires City National High School - Conchu Annex,04,01101101,Specific Budgets of National Government Agencies,2,Maintenance and Other Operating Expenses,5029902000,Printing and Publication Expenses,12.0,12000.0,7,,0804002,Division of Cavite,Basic Education (DepEd)
3186083,2025,07,Department of Education (DepEd),001,Office of the Secretary,310400100003000,Operation of Schools - Junior High School (Grade 7 to Grade 10),0904178,Trece Martires City National High School - Conchu Annex,04,01101101,Specific Budgets of National Government Agencies,2,Maintenance and Other Operating Expenses,5020302000,Accountable Forms Expenses,5.0,5000.0,7,,0804002,Division of Cavite,Basic Education (DepEd)
3388352,2025,07,Department of Education (DepEd),001,Office of the Secretary,310400100004000,Operation of Schools - Senior High School (Grade 11 to Grade 12),0904798,Trece Martires City Senior High School,04,01101101,Specific Budgets of National Government Agencies,2,Maintenance and Other Operating Expenses,5020301002,Office Supplies Expenses,1005.0,1005000.0,7,,0804002,Division of Cavite,Basic Education (DepEd)
3388358,2025,07,Department of Education (DepEd),001,Office of the Secretary,310400100004000,Operation of Schools - Senior High School (Grade 11 to Grade 12),0904798,Trece Martires City Senior High School,04,01101101,Specific Budgets of National Government Agencies,2,Maintenance and Other Operating Expenses,5020399000,Other Supplies and Materials Expenses,845.0,845000.0,7,,0804002,Division of Cavite,Basic Education (DepEd)
3388364,2025,07,Department of Education (DepEd),001,Office of the Secretary,310400100004000,Operation of Schools - Senior High School (Grade 11 to Grade 12),0904798,Trece Martires City Senior High School,04,01101101,Specific Budgets of National Government Agencies,2,Maintenance and Other Operating Expenses,5021304002,School Buildings,657.0,657000.0,7,,0804002,Division of Cavite,Basic Education (DepEd)
3388351,2025,07,Department of Education (DepEd),001,Office of the Secretary,310400100004000,Operation of Schools - Senior High School (Grade 11 to Grade 12),0904798,Trece Martires City Senior High School,04,01101101,Specific Budgets of National Government Agencies,2,Maintenance and Other Operating Expenses,5020201002,Training Expenses,261.0,261000.0,7,,0804002,Division of Cavite,Basic Education (DepEd)
3388356,2025,07,Department of Education (DepEd),001,Office of the Secretary,310400100004000,Operation of Schools - Senior High School (Grade 11 to Grade 12),0904798,Trece Martires City Senior High School,04,01101101,Specific Budgets of National Government Agencies,2,Maintenance and Other Operating Expenses,5020321003,Information and Communications Technology Equipment,250.0,250000.0,7,,0804002,Division of Cavite,Basic Education (DepEd)
3388360,2025,07,Department of Education (DepEd),001,Office of the Secretary,310400100004000,Operation of Schools - Senior High School (Grade 11 to Grade 12),0904798,Trece Martires City Senior High School,04,01101101,Specific Budgets of National Government Agencies,2,Maintenance and Other Operating Expenses,5020402000,Electricity Expenses,250.0,250000.0,7,,0804002,Division of Cavite,Basic Education (DepEd)
3388357,2025,07,Department of Education (DepEd),001,Office of the Secretary,310400100004000,Operation of Schools - Senior High School (Grade 11 to Grade 12),0904798,Trece Martires City Senior High School,04,01101101,Specific Budgets of National Government Agencies,2,Maintenance and Other Operating Expenses,5020321008,Disaster Response and Rescue Equipment,167.0,167000.0,7,,0804002,Division of Cavite,Basic Education (DepEd)
3388355,2025,07,Department of Education (DepEd),001,Office of the Secretary,310400100004000,Operation of Schools - Senior High School (Grade 11 to Grade 12),0904798,Trece Martires City Senior High School,04,01101101,Specific Budgets of National Government Agencies,2,Maintenance and Other Operating Expenses,5020321002,Office Equipment,83.0,83000.0,7,,0804002,Division of Cavite,Basic Education (DepEd)
3388363,2025,07,Department of Education (DepEd),001,Office of the Secretary,310400100004000,Operation of Schools - Senior High School (Grade 11 to Grade 12),0904798,Trece Martires City Senior High School,04,01101101,Specific Budgets of National Government Agencies,2,Maintenance and Other Operating Expenses,5021202000,Janitorial Services,78.0,78000.0,7,,0804002,Division of Cavite,Basic Education (DepEd)
3388362,2025,07,Department of Education (DepEd),001,Office of the Secretary,310400100004000,Operation of Schools - Senior High School (Grade 11 to Grade 12),0904798,Trece Martires City Senior High School,04,01101101,Specific Budgets of National Government Agencies,2,Maintenance and Other Operating Expenses,5020503000,Internet Subscription Expenses,74.0,74000.0,7,,0804002,Division of Cavite,Basic Education (DepEd)
3388359,2025,07,Department of Education (DepEd),001,Office of the Secretary,310400100004000,Operation of Schools - Senior High School (Grade 11 to Grade 12),0904798,Trece Martires City Senior High School,04,01101101,Specific Budgets of National Government Agencies,2,Maintenance and Other Operating Expenses,5020401000,Water Expenses,35.0,35000.0,7,,0804002,Division of Cavite,Basic Education (DepEd)
3388361,2025,07,Department of Education (DepEd),001,Office of the Secretary,310400100004000,Operation of Schools - Senior High School (Grade 11 to Grade 12),0904798,Trece Martires City Senior High School,04,01101101,Specific Budgets of National Government Agencies,2,Maintenance and Other Operating Expenses,5020502001,Mobile,31.0,31000.0,7,,0804002,Division of Cavite,Basic Education (DepEd)
3388350,2025,07,Department of Education (DepEd),001,Office of the Secretary,310400100004000,Operation of Schools - Senior High School (Grade 11 to Grade 12),0904798,Trece Martires City Senior High School,04,01101101,Specific Budgets of National Government Agencies,2,Maintenance and Other Operating Expenses,5020101000,Traveling Expenses - Local,26.0,26000.0,7,,0804002,Division of Cavite,Basic Education (DepEd)
3388354,2025,07,Department of Education (DepEd),001,Office of the Secretary,310400100004000,Operation of Schools - Senior High School (Grade 11 to Grade 12),0904798,Trece Martires City Senior High School,04,01101101,Specific Budgets of National Government Agencies,2,Maintenance and Other Operating Expenses,5020307000,Drugs and Medicines Expenses,20.0,20000.0,7,,0804002,Division of Cavite,Basic Education (DepEd)
3388353,2025,07,Department of Education (DepEd),001,Office of the Secretary,310400100004000,Operation of Schools - Senior High School (Grade 11 to Grade 12),0904798,Trece Martires City Senior High School,04,01101101,Specific Budgets of National Government Agencies,2,Maintenance and Other Operating Expenses,5020302000,Accountable Forms Expenses,10.0,10000.0,7,,0804002,Division of Cavite,Basic Education (DepEd)
3614370,2025,18,Department of Public Works and Highways (DPWH),001,Office of the Secretary,300215107143000,"Rehabilitation of Road, Phase 2, Barangay Inocencio, Trece Martires, Cavite",1800061,Cavite District Engineering Office,04,01101101,Specific Budgets of National Government Agencies,6,Capital Outlays,5060403001,Road Networks,5000.0,5000000.0,7,,nan,nan,Roads & Bridges (DPWH)
3696488,2025,18,Department of Public Works and Highways (DPWH),001,Office of the Secretary,310305102443000,Saluysoy Br. (B02522LZ) along Tanza-Trece Martires City-Indang Rd,1800061,Cavite District Engineering Office,04,01101101,Specific Budgets of National Government Agencies,6,Capital Outlays,5060403001,Road Networks,83734.0,83734000.0,7,,nan,nan,Roads & Bridges (DPWH)
3676339,2025,18,Department of Public Works and Highways (DPWH),001,Office of the Secretary,310110100610000,Tanza - Trece Martires City - Indang Rd - K0045 + 855 - K0046 + 310,1800061,Cavite District Engineering Office,04,01101101,Specific Budgets of National Government Agencies,6,Capital Outlays,5060403001,Road Networks,10900.0,10900000.0,7,,nan,nan,Infrastructure (DPWH)
3676342,2025,18,Department of Public Works and Highways (DPWH),001,Office of the Secretary,310110100613000,Tanza-Trece Martires City-Indang Rd - K0043 + 600 - K0044 + 280,1800061,Cavite District Engineering Office,04,01101101,Specific Budgets of National Government Agencies,6,Capital Outlays,5060403001,Road Networks,22806.0,22806000.0,7,,nan,nan,Infrastructure (DPWH)
3676340,2025,18,Department of Public Works and Highways (DPWH),001,Office of the Secretary,310110100611000,Tanza-Trece Martires City-Indang Rd - K0044 + 280 - K0046 + 120,1800061,Cavite District Engineering Office,04,01101101,Specific Budgets of National Government Agencies,6,Capital Outlays,5060403001,Road Networks,30786.0,30786000.0,7,,nan,nan,Infrastructure (DPWH)
3662420,2025,18,Department of Public Works and Highways (DPWH),001,Office of the Secretary,310101101898000,Tanza-Trece Martires City-Indang Rd - K0046 + 189 - K0046 + 761,1800061,Cavite District Engineering Office,04,01101101,Specific Budgets of National Government Agencies,6,Capital Outlays,5060403001,Road Networks,22917.0,22917000.0,7,,nan,nan,Infrastructure (DPWH)
3688592,2025,18,Department of Public Works and Highways (DPWH),001,Office of the Secretary,310208100665000,"Tanza-Trece Martires City-Indang Rd - K0052 + 148 - K0052 + 600, K0053 + 000 - K0053 + 168, K0058 + 217 - K0058 + 539",1800061,Cavite District Engineering Office,04,01101101,Specific Budgets of National Government Agencies,6,Capital Outlays,5060403001,Road Networks,5760.0,5760000.0,7,,nan,nan,Infrastructure (DPWH)
3681444,2025,18,Department of Public Works and Highways (DPWH),001,Office of the Secretary,310202101919000,Tanza-Trece Martires City-Indang Rd - K0055 + 283 + K0056 + 600,1800061,Cavite District Engineering Office,04,01101101,Specific Budgets of National Government Agencies,6,Capital Outlays,5060403001,Road Networks,48696.0,48696000.0,7,,nan,nan,Infrastructure (DPWH)
3664858,2025,18,Department of Public Works and Highways (DPWH),001,Office of the Secretary,310102102385000,Tanza-Trece Martires City-Indang Rd - K0055 + 756 - K0056 + 828,1800061,Cavite District Engineering Office,04,01101101,Specific Budgets of National Government Agencies,6,Capital Outlays,5060403001,Road Networks,28182.0,28182000.0,7,,nan,nan,Infrastructure (DPWH)
3681443,2025,18,Department of Public Works and Highways (DPWH),001,Office of the Secretary,310202101918000,Tanza-Trece Martires City-Indang Rd - K0056 + 600 - K0057 + 121,1800061,Cavite District Engineering Office,04,01101101,Specific Budgets of National Government Agencies,6,Capital Outlays,5060403001,Road Networks,20769.0,20769000.0,7,,nan,nan,Infrastructure (DPWH)
3709427,2025,18,Department of Public Works and Highways (DPWH),001,Office of the Secretary,320101112900000,"Construction of Road Dike along Pasong Balite River, Cavite Government Center, Phase 2, Barangay San Agustin, Trece Martires City, Cavite",0100000,Central Office,13,01101101,Specific Budgets of National Government Agencies,6,Capital Outlays,5060403002,Flood Control Systems,125000.0,125000000.0,7,,nan,nan,Flood Control & River Mitigation (DPWH)
3709428,2025,18,Department of Public Works and Highways (DPWH),001,Office of the Secretary,320101112901000,"Construction of Road Dike along Pasong Balite River, Cavite Government Center, Phase 3, Barangay San Agustin, Trece Martires City, Cavite",0100000,Central Office,13,01101101,Specific Budgets of National Government Agencies,6,Capital Outlays,5060403002,Flood Control Systems,120000.0,120000000.0,7,,nan,nan,Flood Control & River Mitigation (DPWH)
3709429,2025,18,Department of Public Works and Highways (DPWH),001,Office of the Secretary,320101112902000,"Construction of Road Dike along Pasong Balite River, Cavite Government Center, Phase 4, Barangay San Agustin, Trece Martires City, Cavite",0100000,Central Office,13,01101101,Specific Budgets of National Government Agencies,6,Capital Outlays,5060403002,Flood Control Systems,120000.0,120000000.0,7,,nan,nan,Flood Control & River Mitigation (DPWH)
3606541,2025,18,Department of Public Works and Highways (DPWH),001,Office of the Secretary,300214101490000,Installation of Solar Street Light along Tanza-Trece Martires City-Indang Rd - K0035 + (-302) - K0042 + 353,0100000,Central Office,13,01101101,Specific Budgets of National Government Agencies,6,Capital Outlays,5060403001,Road Networks,200000.0,200000000.0,7,,nan,nan,Infrastructure (DPWH)
3664532,2025,18,Department of Public Works and Highways (DPWH),001,Office of the Secretary,310102102059000,Tanza-Trece Martires City-Indang Rd - K0058 + 000 - K0059 + 137,0100000,Central Office,13,01101101,Specific Budgets of National Government Agencies,6,Capital Outlays,5060403001,Road Networks,52682.0,52682000.0,7,,nan,nan,Infrastructure (DPWH)
3694275,2025,18,Department of Public Works and Highways (DPWH),001,Office of the Secretary,310305100220000,Alang    -    Ilang Br. ( B03058LZ ) along Dasmariñas   -   Trece Martires City   -   Naic Rd,nan,nan,nan,nan,nan,nan,nan,nan,nan,0.0,0.0,7,,nan,nan,Roads & Bridges (DPWH)
3690790,2025,18,Department of Public Works and Highways (DPWH),001,Office of the Secretary,310303100520000,Alulod Br. ( B02521LZ ) along Tanza   -   Trece Martires City   -   Indang Rd,nan,nan,nan,nan,nan,nan,nan,nan,nan,0.0,0.0,7,,nan,nan,Roads & Bridges (DPWH)
3683849,2025,18,Department of Public Works and Highways (DPWH),001,Office of the Secretary,310204101315000,"Cabuco    -    Indang   -    Naic   -   Maragondon Diversion Road, Cavite",nan,nan,nan,nan,nan,nan,nan,nan,nan,0.0,0.0,7,,nan,nan,Roads & Bridges (DPWH)
3684282,2025,18,Department of Public Works and Highways (DPWH),001,Office of the Secretary,310204101748000,"Cabuco   -   Indang Diversion Road (  Construction of Bridge 2  ) , Cavite",nan,nan,nan,nan,nan,nan,nan,nan,nan,0.0,0.0,7,,nan,nan,Roads & Bridges (DPWH)
3684283,2025,18,Department of Public Works and Highways (DPWH),001,Office of the Secretary,310204101749000,"Cabuco   -   Indang Diversion Road, Phase II, Cavite",nan,nan,nan,nan,nan,nan,nan,nan,nan,0.0,0.0,7,,nan,nan,Roads & Bridges (DPWH)
3684867,2025,18,Department of Public Works and Highways (DPWH),001,Office of the Secretary,310204102333000,"Cabuco  -  Indang  Diversion Road, Phase III, Trece Martires City, Cavite",nan,nan,nan,nan,nan,nan,nan,nan,nan,0.0,0.0,7,,nan,nan,Roads & Bridges (DPWH)
3621658,2025,18,Department of Public Works and Highways (DPWH),001,Office of the Secretary,300221101000000,"Concreting of Road at Barangay Aguado, Trece Martires , Cavite",nan,nan,nan,nan,nan,nan,nan,nan,nan,0.0,0.0,7,,nan,nan,Roads & Bridges (DPWH)
3621668,2025,18,Department of Public Works and Highways (DPWH),001,Office of the Secretary,300221101010000,"Concreting of Road at Barangay Aguado, Trece Martires, Cavite",nan,nan,nan,nan,nan,nan,nan,nan,nan,0.0,0.0,7,,nan,nan,Roads & Bridges (DPWH)
3621659,2025,18,Department of Public Works and Highways (DPWH),001,Office of the Secretary,300221101001000,"Concreting of Road at Barangay Inocencio, Trece Martires , Cavite",nan,nan,nan,nan,nan,nan,nan,nan,nan,0.0,0.0,7,,nan,nan,Roads & Bridges (DPWH)
3621669,2025,18,Department of Public Works and Highways (DPWH),001,Office of the Secretary,300221101011000,"Concreting of Road at Barangay Inocencio, Trece Martires, Cavite",nan,nan,nan,nan,nan,nan,nan,nan,nan,0.0,0.0,7,,nan,nan,Roads & Bridges (DPWH)
3621660,2025,18,Department of Public Works and Highways (DPWH),001,Office of the Secretary,300221101002000,"Concreting of Road at Barangay Lallana, Trece Martires , Cavite",nan,nan,nan,nan,nan,nan,nan,nan,nan,0.0,0.0,7,,nan,nan,Roads & Bridges (DPWH)
3621670,2025,18,Department of Public Works and Highways (DPWH),001,Office of the Secretary,300221101012000,"Concreting of Road at Barangay Lallana, Trece Martires, Cavite",nan,nan,nan,nan,nan,nan,nan,nan,nan,0.0,0.0,7,,nan,nan,Roads & Bridges (DPWH)
3621661,2025,18,Department of Public Works and Highways (DPWH),001,Office of the Secretary,300221101003000,"Concreting of Road at Barangay Osorio, Trece Martires , Cavite",nan,nan,nan,nan,nan,nan,nan,nan,nan,0.0,0.0,7,,nan,nan,Roads & Bridges (DPWH)
3621671,2025,18,Department of Public Works and Highways (DPWH),001,Office of the Secretary,300221101013000,"Concreting of Road at Barangay Osorio, Trece Martires, Cavite",nan,nan,nan,nan,nan,nan,nan,nan,nan,0.0,0.0,7,,nan,nan,Roads & Bridges (DPWH)
3592181,2025,18,Department of Public Works and Highways (DPWH),001,Office of the Secretary,300117208941000,"Concreting of Road, Barangay Hugo Perez, Trece Martires, Cavite",nan,nan,nan,nan,nan,nan,nan,nan,nan,0.0,0.0,7,,nan,nan,Roads & Bridges (DPWH)
3573472,2025,18,Department of Public Works and Highways (DPWH),001,Office of the Secretary,300105200922000,"Construction  ( Completion )  of Multi  -  Purpose Building of DPWH Cavite 1st DEO, Brgy. De Ocampo, Trece Martires City, Cavite",nan,nan,nan,nan,nan,nan,nan,nan,nan,0.0,0.0,7,,nan,nan,Community & Public Buildings (DPWH)
3561177,2025,18,Department of Public Works and Highways (DPWH),001,Office of the Secretary,300104215200000,"Construction  /  Completion  /  Rehabilitation of DPWH Building Phase 2, Trece Martires City, Cavite",nan,nan,nan,nan,nan,nan,nan,nan,nan,0.0,0.0,7,,nan,nan,Community & Public Buildings (DPWH)
3567413,2025,18,Department of Public Works and Highways (DPWH),001,Office of the Secretary,300104221436000,"Construction  /  Rehabilitation of City Hall Building, Trece Martires City, Cavite",nan,nan,nan,nan,nan,nan,nan,nan,nan,0.0,0.0,7,,nan,nan,Community & Public Buildings (DPWH)
3567373,2025,18,Department of Public Works and Highways (DPWH),001,Office of the Secretary,300104221396000,"Construction  /  Rehabilitation of Multi   -   Purpose Building at Barangay Cabezas, Trece Martires City, Cavite",nan,nan,nan,nan,nan,nan,nan,nan,nan,0.0,0.0,7,,nan,nan,Community & Public Buildings (DPWH)
3567379,2025,18,Department of Public Works and Highways (DPWH),001,Office of the Secretary,300104221402000,"Construction  /  Rehabilitation of Multi   -   Purpose Building at City Hall Compound at Barangay San Agustin, Trece Martires City, Cavite",nan,nan,nan,nan,nan,nan,nan,nan,nan,0.0,0.0,7,,nan,nan,Community & Public Buildings (DPWH)
3567380,2025,18,Department of Public Works and Highways (DPWH),001,Office of the Secretary,300104221403000,"Construction  /  Rehabilitation of Multi   -   Purpose Building at Summerfield, Barangay Osorio, Trece Martires City, Cavite",nan,nan,nan,nan,nan,nan,nan,nan,nan,0.0,0.0,7,,nan,nan,Community & Public Buildings (DPWH)
3567381,2025,18,Department of Public Works and Highways (DPWH),001,Office of the Secretary,300104221404000,"Construction  /  Rehabilitation of Multi   -   Purpose Building at Trece Medical Pavilion at Barangay Luciano, Trece Martires City, Cavite",nan,nan,nan,nan,nan,nan,nan,nan,nan,0.0,0.0,7,,nan,nan,Community & Public Buildings (DPWH)
3572877,2025,18,Department of Public Works and Highways (DPWH),001,Office of the Secretary,300105200324000,"Construction ( Completion ) of  Multi   -    Purpose Building of DPWH Cavite 1st DEO, Brgy. De Ocampo, Trece Martires City, Cavite",nan,nan,nan,nan,nan,nan,nan,nan,nan,0.0,0.0,7,,nan,nan,Community & Public Buildings (DPWH)
3541495,2025,18,Department of Public Works and Highways (DPWH),001,Office of the Secretary,300101200007000,"Construction of 4STY   -   20CL at Trece Martires City ES, Trece Martires, Cavite",nan,nan,nan,nan,nan,nan,nan,nan,nan,0.0,0.0,7,,nan,nan,School Buildings & Education Infra (DPWH)
3547909,2025,18,Department of Public Works and Highways (DPWH),001,Office of the Secretary,300104201931000,"Construction of Covered Court at the Department of Education, Region IV   -   A, Division of Cavite Office, Trece Martires City, Cavite",nan,nan,nan,nan,nan,nan,nan,nan,nan,0.0,0.0,7,,nan,nan,Community & Public Buildings (DPWH)
3547910,2025,18,Department of Public Works and Highways (DPWH),001,Office of the Secretary,300104201932000,"Construction of Covered Court, Brgy. De Ocampo, Trece Martires City, Cavite",nan,nan,nan,nan,nan,nan,nan,nan,nan,0.0,0.0,7,,nan,nan,Community & Public Buildings (DPWH)
3547911,2025,18,Department of Public Works and Highways (DPWH),001,Office of the Secretary,300104201933000,"Construction of Covered Court, Brgy. Lapidario, Trece Martires City, Cavite",nan,nan,nan,nan,nan,nan,nan,nan,nan,0.0,0.0,7,,nan,nan,Community & Public Buildings (DPWH)
3567382,2025,18,Department of Public Works and Highways (DPWH),001,Office of the Secretary,300104221405000,"Construction of DPWH Building Phase 3, Trece Martires City, Cavite",nan,nan,nan,nan,nan,nan,nan,nan,nan,0.0,0.0,7,,nan,nan,Community & Public Buildings (DPWH)
3607378,2025,18,Department of Public Works and Highways (DPWH),001,Office of the Secretary,300215100151000,"Construction of De Ocampo   -  Gregorio Bridge, Trece Martires City, Cavite",nan,nan,nan,nan,nan,nan,nan,nan,nan,0.0,0.0,7,,nan,nan,Roads & Bridges (DPWH)
3575238,2025,18,Department of Public Works and Highways (DPWH),001,Office of the Secretary,300107200127000,"Construction of Flood Control Project, Brgy. Cabuco, Trece Martires City, Cavite",nan,nan,nan,nan,nan,nan,nan,nan,nan,0.0,0.0,7,,nan,nan,Flood Control & River Mitigation (DPWH)
3632527,2025,18,Department of Public Works and Highways (DPWH),001,Office of the Secretary,300225101980000,"Construction of Grouted Riprap at Barangay Hugo Perez  ( Phase 2 ) , Trece Martires, Cavite",nan,nan,nan,nan,nan,nan,nan,nan,nan,0.0,0.0,7,,nan,nan,Infrastructure (DPWH)
3632530,2025,18,Department of Public Works and Highways (DPWH),001,Office of the Secretary,300225101983000,"Construction of Grouted Riprap at Barangay Hugo Perez, Trece Martires, Cavite",nan,nan,nan,nan,nan,nan,nan,nan,nan,0.0,0.0,7,,nan,nan,Infrastructure (DPWH)
3580782,2025,18,Department of Public Works and Highways (DPWH),001,Office of the Secretary,300116202180000,"Construction of Indang    -    Cabuco    -    Naic Diversion Rd., Trece Martires City, Cavite",nan,nan,nan,nan,nan,nan,nan,nan,nan,0.0,0.0,7,,nan,nan,Roads & Bridges (DPWH)
3554104,2025,18,Department of Public Works and Highways (DPWH),001,Office of the Secretary,300104208126000,"Construction of Multi   -   Purpose Building ( Covered Court  ) , Cavite Center for Mental Health, Trece Martires City, Cavite",nan,nan,nan,nan,nan,nan,nan,nan,nan,0.0,0.0,7,,nan,nan,Community & Public Buildings (DPWH)
3554105,2025,18,Department of Public Works and Highways (DPWH),001,Office of the Secretary,300104208127000,"Construction of Multi   -   Purpose Building ( Covered Court  ) , Conchu Elementary School, Brgy. Conchu, Trece Martires City, Cavite",nan,nan,nan,nan,nan,nan,nan,nan,nan,0.0,0.0,7,,nan,nan,School Buildings & Education Infra (DPWH)
3554112,2025,18,Department of Public Works and Highways (DPWH),001,Office of the Secretary,300104208134000,"Construction of Multi   -   Purpose Building ( Covered Court  ) , La Paz Subdivision, Brgy. Cabezas, Trece Martires City, Cavite",nan,nan,nan,nan,nan,nan,nan,nan,nan,0.0,0.0,7,,nan,nan,Community & Public Buildings (DPWH)
3554117,2025,18,Department of Public Works and Highways (DPWH),001,Office of the Secretary,300104208139000,"Construction of Multi   -   Purpose Building ( Covered Court  ) , Osorio Elementary School, Brgy. Paradahan, Trece Martires City, Cavite",nan,nan,nan,nan,nan,nan,nan,nan,nan,0.0,0.0,7,,nan,nan,School Buildings & Education Infra (DPWH)
3554123,2025,18,Department of Public Works and Highways (DPWH),001,Office of the Secretary,300104208145000,"Construction of Multi   -   Purpose Building ( Covered Court  ) , Sampaguita Pag   -   asa I, Brgy. Aguado, Trece Martires City, Cavite",nan,nan,nan,nan,nan,nan,nan,nan,nan,0.0,0.0,7,,nan,nan,Community & Public Buildings (DPWH)
3554128,2025,18,Department of Public Works and Highways (DPWH),001,Office of the Secretary,300104208150000,"Construction of Multi   -   Purpose Building ( Covered Court  ) , Trece Martires City College, Brgy. Luciano, Trece Martires City, Cavite",nan,nan,nan,nan,nan,nan,nan,nan,nan,0.0,0.0,7,,nan,nan,Community & Public Buildings (DPWH)
3554129,2025,18,Department of Public Works and Highways (DPWH),001,Office of the Secretary,300104208151000,"Construction of Multi   -   Purpose Building ( Covered Court  ) , Trece Matires City Senior High School, Brgy. San Agustin, Trece Martires City, Cavite",nan,nan,nan,nan,nan,nan,nan,nan,nan,0.0,0.0,7,,nan,nan,School Buildings & Education Infra (DPWH)
3567385,2025,18,Department of Public Works and Highways (DPWH),001,Office of the Secretary,300104221408000,"Construction of Multi   -   Purpose Building ( Covered Court ) in Trece Martires City, Cavite",nan,nan,nan,nan,nan,nan,nan,nan,nan,0.0,0.0,7,,nan,nan,Community & Public Buildings (DPWH)
3567388,2025,18,Department of Public Works and Highways (DPWH),001,Office of the Secretary,300104221411000,"Construction of Multi   -   Purpose Building ( PCP2 PNP Sub Station Base  ) , Barangay Hugo Perez, Trece Martires City, Cavite",nan,nan,nan,nan,nan,nan,nan,nan,nan,0.0,0.0,7,,nan,nan,Community & Public Buildings (DPWH)
3567389,2025,18,Department of Public Works and Highways (DPWH),001,Office of the Secretary,300104221412000,"Construction of Multi   -   Purpose Building ( Trece Martires Memorial Park  ) , Barangay Aguado, Trece Martires City, Cavite",nan,nan,nan,nan,nan,nan,nan,nan,nan,0.0,0.0,7,,nan,nan,Community & Public Buildings (DPWH)
3567397,2025,18,Department of Public Works and Highways (DPWH),001,Office of the Secretary,300104221420000,"Construction of Multi   -   Purpose Building, Barangay Inocencio, Trece Martirez City, Cavite",nan,nan,nan,nan,nan,nan,nan,nan,nan,0.0,0.0,7,,nan,nan,Community & Public Buildings (DPWH)
3567401,2025,18,Department of Public Works and Highways (DPWH),001,Office of the Secretary,300104221424000,"Construction of Multi   -   Purpose Building, Barangay San Agustin, Trece Martires City, Cavite",nan,nan,nan,nan,nan,nan,nan,nan,nan,0.0,0.0,7,,nan,nan,Community & Public Buildings (DPWH)
3567406,2025,18,Department of Public Works and Highways (DPWH),001,Office of the Secretary,300104221429000,"Construction of Multi   -   Purpose Building, City Hall Compound, Barangay San Agustin, Trece Martires City, Cavite",nan,nan,nan,nan,nan,nan,nan,nan,nan,0.0,0.0,7,,nan,nan,Community & Public Buildings (DPWH)
3554148,2025,18,Department of Public Works and Highways (DPWH),001,Office of the Secretary,300104208170000,"Construction of Multi   -   Purpose Hall Luis Aguado National High School, Brgy. Aguado, Trece Martires City, Cavite",nan,nan,nan,nan,nan,nan,nan,nan,nan,0.0,0.0,7,,nan,nan,School Buildings & Education Infra (DPWH)
3645594,2025,18,Department of Public Works and Highways (DPWH),001,Office of the Secretary,300226112789000,"Construction of Multi  -  Purpose Building  ( Multi  -  Purpose Hall – Cavite State University )  at Barangay Gregorio, Trece Martires, Cavite",nan,nan,nan,nan,nan,nan,nan,nan,nan,0.0,0.0,7,,nan,nan,Community & Public Buildings (DPWH)
3645600,2025,18,Department of Public Works and Highways (DPWH),001,Office of the Secretary,300226112795000,"Construction of Multi  -  Purpose Building  ( Treceno Medical Pavilion Hospital Phase 2 )  at Trece Martires City, Cavite",nan,nan,nan,nan,nan,nan,nan,nan,nan,0.0,0.0,7,,nan,nan,Community & Public Buildings (DPWH)
3645546,2025,18,Department of Public Works and Highways (DPWH),001,Office of the Secretary,300226112741000,"Construction of Multi  -  Purpose Building  ( Treceno Medical Pavillion Hospital Phase 2 ) , Trece Martires City, Cavite",nan,nan,nan,nan,nan,nan,nan,nan,nan,0.0,0.0,7,,nan,nan,Community & Public Buildings (DPWH)
3634431,2025,18,Department of Public Works and Highways (DPWH),001,Office of the Secretary,300226101626000,"Construction of Multi  -  Purpose Building ( Covered Court ) at Barangay Gregorio, Trece Martires , Cavite",nan,nan,nan,nan,nan,nan,nan,nan,nan,0.0,0.0,7,,nan,nan,Community & Public Buildings (DPWH)
3634432,2025,18,Department of Public Works and Highways (DPWH),001,Office of the Secretary,300226101627000,"Construction of Multi  -  Purpose Building ( Covered Court ) at Barangay Hugo Perez   -   Karla Villa Subdivision, Trece Martires , Cavite",nan,nan,nan,nan,nan,nan,nan,nan,nan,0.0,0.0,7,,nan,nan,Community & Public Buildings (DPWH)
3634433,2025,18,Department of Public Works and Highways (DPWH),001,Office of the Secretary,300226101628000,"Construction of Multi  -  Purpose Building ( Covered Court ) at Barangay Luciano, Trece Martires , Cavite",nan,nan,nan,nan,nan,nan,nan,nan,nan,0.0,0.0,7,,nan,nan,Community & Public Buildings (DPWH)
3634436,2025,18,Department of Public Works and Highways (DPWH),001,Office of the Secretary,300226101631000,"Construction of Multi  -  Purpose Building ( Covered Court ) at Command Center ( City Hall Extension ) at Barangay Conchu, Trece Martires , Cavite",nan,nan,nan,nan,nan,nan,nan,nan,nan,0.0,0.0,7,,nan,nan,Community & Public Buildings (DPWH)
3634434,2025,18,Department of Public Works and Highways (DPWH),001,Office of the Secretary,300226101629000,"Construction of Multi  -  Purpose Building ( Covered Court ) at Luis Aguado National High School, Barangay Aguado, Trece Martires , Cavite",nan,nan,nan,nan,nan,nan,nan,nan,nan,0.0,0.0,7,,nan,nan,School Buildings & Education Infra (DPWH)
3634437,2025,18,Department of Public Works and Highways (DPWH),001,Office of the Secretary,300226101632000,"Construction of Multi  -  Purpose Building ( Covered Court ) at PNP Compound, Barangay Osorio, Trece Martires , Cavite, Trece Martires , Cavite",nan,nan,nan,nan,nan,nan,nan,nan,nan,0.0,0.0,7,,nan,nan,Community & Public Buildings (DPWH)
3634435,2025,18,Department of Public Works and Highways (DPWH),001,Office of the Secretary,300226101630000,"Construction of Multi  -  Purpose Building ( Covered Court ) at Trece Martires City National High School, Barangay Cabuco, Trece Martires , Cavite",nan,nan,nan,nan,nan,nan,nan,nan,nan,0.0,0.0,7,,nan,nan,School Buildings & Education Infra (DPWH)
3639347,2025,18,Department of Public Works and Highways (DPWH),001,Office of the Secretary,300226106542000,"Construction of Multi  -  Purpose Building Barangay De Ocampo, Trece Martires City, Cavite",nan,nan,nan,nan,nan,nan,nan,nan,nan,0.0,0.0,7,,nan,nan,Community & Public Buildings (DPWH)
3634482,2025,18,Department of Public Works and Highways (DPWH),001,Office of the Secretary,300226101677000,"Construction of Multi  -  Purpose Building at Barangay Gregorio, Trece Martires, Cavite",nan,nan,nan,nan,nan,nan,nan,nan,nan,0.0,0.0,7,,nan,nan,Community & Public Buildings (DPWH)
3634483,2025,18,Department of Public Works and Highways (DPWH),001,Office of the Secretary,300226101678000,"Construction of Multi  -  Purpose Building at Barangay Hugo Perez ( Karla Villa Subdivision  ) , Trece Martires, Cavite",nan,nan,nan,nan,nan,nan,nan,nan,nan,0.0,0.0,7,,nan,nan,Community & Public Buildings (DPWH)
3634441,2025,18,Department of Public Works and Highways (DPWH),001,Office of the Secretary,300226101636000,"Construction of Multi  -  Purpose Building at Barangay Sanja Mayor, Trece Tanza, Cavite",nan,nan,nan,nan,nan,nan,nan,nan,nan,0.0,0.0,7,,nan,nan,Community & Public Buildings (DPWH)
3639346,2025,18,Department of Public Works and Highways (DPWH),001,Office of the Secretary,300226106541000,"Construction of Multi  -  Purpose Building, Barangay Hugo Perez, Trece Martires, Cavite",nan,nan,nan,nan,nan,nan,nan,nan,nan,0.0,0.0,7,,nan,nan,Community & Public Buildings (DPWH)
3547948,2025,18,Department of Public Works and Highways (DPWH),001,Office of the Secretary,300104201970000,"Construction of Multipurpose Building, Sampaguita Subdivision, Brgy. Inocencion, Trece Martires City, Cavite",nan,nan,nan,nan,nan,nan,nan,nan,nan,0.0,0.0,7,,nan,nan,Community & Public Buildings (DPWH)
3707363,2025,18,Department of Public Works and Highways (DPWH),001,Office of the Secretary,320101110836000,"Construction of Revetment along Cañas River, Barangay De Ocampo, Phase V, Trece Martires City, Cavite",nan,nan,nan,nan,nan,nan,nan,nan,nan,0.0,0.0,7,,nan,nan,Flood Control & River Mitigation (DPWH)
3704612,2025,18,Department of Public Works and Highways (DPWH),001,Office of the Secretary,320101108085000,"Construction of Revetment along Cañas River, Brgy Luciano, Trece Martires City, Phase 3, Cavite",nan,nan,nan,nan,nan,nan,nan,nan,nan,0.0,0.0,7,,nan,nan,Flood Control & River Mitigation (DPWH)
3699563,2025,18,Department of Public Works and Highways (DPWH),001,Office of the Secretary,320101102622000,"Construction of Revetment along Cañas River, Brgy. De Ocampo Section, Phase 2, Trece Martires City, Cavite",nan,nan,nan,nan,nan,nan,nan,nan,nan,0.0,0.0,7,,nan,nan,Flood Control & River Mitigation (DPWH)
3704614,2025,18,Department of Public Works and Highways (DPWH),001,Office of the Secretary,320101108087000,"Construction of Revetment along Cañas River, Brgy. De Ocampo Section, Phase 4, Trece Martires City, Cavite",nan,nan,nan,nan,nan,nan,nan,nan,nan,0.0,0.0,7,,nan,nan,Flood Control & River Mitigation (DPWH)
3700350,2025,18,Department of Public Works and Highways (DPWH),001,Office of the Secretary,320101103409000,"Construction of Revetment along Cañas River, Brgy. Luciano, Trece Martires City, Cavite",nan,nan,nan,nan,nan,nan,nan,nan,nan,0.0,0.0,7,,nan,nan,Flood Control & River Mitigation (DPWH)
3701750,2025,18,Department of Public Works and Highways (DPWH),001,Office of the Secretary,320101104811000,"Construction of Revetment along Cañas River, Phase II, Brgy. Luciano, Trece Martires City, Cavite",nan,nan,nan,nan,nan,nan,nan,nan,nan,0.0,0.0,7,,nan,nan,Flood Control & River Mitigation (DPWH)
3701751,2025,18,Department of Public Works and Highways (DPWH),001,Office of the Secretary,320101104812000,"Construction of Revetment along Cañas River, Phase III, Brgy. De Ocampo, Trece Martires City, Cavite",nan,nan,nan,nan,nan,nan,nan,nan,nan,0.0,0.0,7,,nan,nan,Flood Control & River Mitigation (DPWH)
3698333,2025,18,Department of Public Works and Highways (DPWH),001,Office of the Secretary,320101101392000,"Construction of Revetment along Ilang   -   Ilang River, Brgy. De Ocampo Section, Trece Martices City, Cavite",nan,nan,nan,nan,nan,nan,nan,nan,nan,0.0,0.0,7,,nan,nan,Flood Control & River Mitigation (DPWH)
3704617,2025,18,Department of Public Works and Highways (DPWH),001,Office of the Secretary,320101108090000,"Construction of Road Dike along Timalan River, Brgy. Cabuco, Phase I, Trece Martires City, Cavite",nan,nan,nan,nan,nan,nan,nan,nan,nan,0.0,0.0,7,,nan,nan,Flood Control & River Mitigation (DPWH)
3704618,2025,18,Department of Public Works and Highways (DPWH),001,Office of the Secretary,320101108091000,"Construction of Road Dike along Timalan River, Brgy. Cabuco, Phase II, Trece Martires City, Cavite",nan,nan,nan,nan,nan,nan,nan,nan,nan,0.0,0.0,7,,nan,nan,Flood Control & River Mitigation (DPWH)
3704619,2025,18,Department of Public Works and Highways (DPWH),001,Office of the Secretary,320101108092000,"Construction of Road Dike along Timalan River, Brgy. Cabuco, Phase III, Trece Martires City, Cavite",nan,nan,nan,nan,nan,nan,nan,nan,nan,0.0,0.0,7,,nan,nan,Flood Control & River Mitigation (DPWH)
3704622,2025,18,Department of Public Works and Highways (DPWH),001,Office of the Secretary,320101108095000,"Construction of Road Dike along Timalan River, Brgy. Cabuco, Phase IV, Trece Martires City, Cavite",nan,nan,nan,nan,nan,nan,nan,nan,nan,0.0,0.0,7,,nan,nan,Flood Control & River Mitigation (DPWH)
3626462,2025,18,Department of Public Works and Highways (DPWH),001,Office of the Secretary,300221105804000,"Construction of Road at Barangay Aguado, Trece Martires, Cavite, Phase I",nan,nan,nan,nan,nan,nan,nan,nan,nan,0.0,0.0,7,,nan,nan,Roads & Bridges (DPWH)
3626461,2025,18,Department of Public Works and Highways (DPWH),001,Office of the Secretary,300221105803000,"Construction of Road at Barangay Aguado, Trece Martires, Cavite, Phase II",nan,nan,nan,nan,nan,nan,nan,nan,nan,0.0,0.0,7,,nan,nan,Roads & Bridges (DPWH)
3626463,2025,18,Department of Public Works and Highways (DPWH),001,Office of the Secretary,300221105805000,"Construction of Road at Barangay Conchu, Phase 1, Trece Martires, Cavite",nan,nan,nan,nan,nan,nan,nan,nan,nan,0.0,0.0,7,,nan,nan,Roads & Bridges (DPWH)
3626464,2025,18,Department of Public Works and Highways (DPWH),001,Office of the Secretary,300221105806000,"Construction of Road at Barangay Conchu, Phase 2, Trece Martires, Cavite",nan,nan,nan,nan,nan,nan,nan,nan,nan,0.0,0.0,7,,nan,nan,Roads & Bridges (DPWH)
3626465,2025,18,Department of Public Works and Highways (DPWH),001,Office of the Secretary,300221105807000,"Construction of Road at Barangay Inocencio, Trece Martires, Cavite",nan,nan,nan,nan,nan,nan,nan,nan,nan,0.0,0.0,7,,nan,nan,Roads & Bridges (DPWH)
3626466,2025,18,Department of Public Works and Highways (DPWH),001,Office of the Secretary,300221105808000,"Construction of Road at Barangay Lallana, Phase 1, Trece Martires, Cavite",nan,nan,nan,nan,nan,nan,nan,nan,nan,0.0,0.0,7,,nan,nan,Roads & Bridges (DPWH)
3626467,2025,18,Department of Public Works and Highways (DPWH),001,Office of the Secretary,300221105809000,"Construction of Road at Barangay Lallana, Phase 2, Trece Martires, Cavite",nan,nan,nan,nan,nan,nan,nan,nan,nan,0.0,0.0,7,,nan,nan,Roads & Bridges (DPWH)
3626469,2025,18,Department of Public Works and Highways (DPWH),001,Office of the Secretary,300221105811000,"Construction of Road at Barangay Osorio, Phase 1, Trece Martires, Cavite",nan,nan,nan,nan,nan,nan,nan,nan,nan,0.0,0.0,7,,nan,nan,Roads & Bridges (DPWH)
3626470,2025,18,Department of Public Works and Highways (DPWH),001,Office of the Secretary,300221105812000,"Construction of Road at Barangay Osorio, Phase 2, Trece Martires, Cavite",nan,nan,nan,nan,nan,nan,nan,nan,nan,0.0,0.0,7,,nan,nan,Roads & Bridges (DPWH)
3621672,2025,18,Department of Public Works and Highways (DPWH),001,Office of the Secretary,300221101014000,"Construction of Road from Brgy Buenavista General Trias to Brgy Osorio, Trece Martires City, Cavite",nan,nan,nan,nan,nan,nan,nan,nan,nan,0.0,0.0,7,,nan,nan,Roads & Bridges (DPWH)
3611869,2025,18,Department of Public Works and Highways (DPWH),001,Office of the Secretary,300215104642000,"Construction of Road, Barangay Aguado, Trece Martires, Cavite",nan,nan,nan,nan,nan,nan,nan,nan,nan,0.0,0.0,7,,nan,nan,Roads & Bridges (DPWH)
3611870,2025,18,Department of Public Works and Highways (DPWH),001,Office of the Secretary,300215104643000,"Construction of Road, Barangay Conchu, Trece Martires, Cavite",nan,nan,nan,nan,nan,nan,nan,nan,nan,0.0,0.0,7,,nan,nan,Roads & Bridges (DPWH)
3611871,2025,18,Department of Public Works and Highways (DPWH),001,Office of the Secretary,300215104644000,"Construction of Road, Barangay Inocencio, Trece Martires, Cavite",nan,nan,nan,nan,nan,nan,nan,nan,nan,0.0,0.0,7,,nan,nan,Roads & Bridges (DPWH)
3611872,2025,18,Department of Public Works and Highways (DPWH),001,Office of the Secretary,300215104645000,"Construction of Road, Barangay Lallana, Trece Martires, Cavite",nan,nan,nan,nan,nan,nan,nan,nan,nan,0.0,0.0,7,,nan,nan,Roads & Bridges (DPWH)
3611873,2025,18,Department of Public Works and Highways (DPWH),001,Office of the Secretary,300215104646000,"Construction of Road, Barangay Osorio, Trece Martires, Cavite",nan,nan,nan,nan,nan,nan,nan,nan,nan,0.0,0.0,7,,nan,nan,Roads & Bridges (DPWH)
3608674,2025,18,Department of Public Works and Highways (DPWH),001,Office of the Secretary,300215101447000,"Construction of Tanza Trece Martirez  -   Indang Road, Tanza, Cavite",nan,nan,nan,nan,nan,nan,nan,nan,nan,0.0,0.0,7,,nan,nan,Roads & Bridges (DPWH)
3662589,2025,18,Department of Public Works and Highways (DPWH),001,Office of the Secretary,310102100114000,DasmariDasmariñas   -   Trece Martires City   -   Naic Rd    -    K0051 + 000    -    K0051 + 602,nan,nan,nan,nan,nan,nan,nan,nan,nan,0.0,0.0,7,,nan,nan,Infrastructure (DPWH)
3687585,2025,18,Department of Public Works and Highways (DPWH),001,Office of the Secretary,310207100062000,"Dasmariñas   -   Trece Martires City   -   Naic Rd    -    K0038 + (    -   727.10 )    -    K0038 + (    -   329 ), K0043 + 000    -    K0043 + 740",nan,nan,nan,nan,nan,nan,nan,nan,nan,0.0,0.0,7,,nan,nan,Infrastructure (DPWH)
3678192,2025,18,Department of Public Works and Highways (DPWH),001,Office of the Secretary,310201100389000,Dasmariñas   -   Trece Martires City   -   Naic Rd    -    K0038 + 737    -    K0039 + 000,nan,nan,nan,nan,nan,nan,nan,nan,nan,0.0,0.0,7,,nan,nan,Infrastructure (DPWH)
3660594,2025,18,Department of Public Works and Highways (DPWH),001,Office of the Secretary,310101100072000,"Dasmariñas   -   Trece Martires City   -   Naic Rd    -    K0039 + 140    -    K0039 + 547, K0045 +    -   570    -    K0045 + 061",nan,nan,nan,nan,nan,nan,nan,nan,nan,0.0,0.0,7,,nan,nan,Infrastructure (DPWH)
3662503,2025,18,Department of Public Works and Highways (DPWH),001,Office of the Secretary,310102100028000,"Dasmariñas   -   Trece Martires City   -   Naic Rd    -    K0044 + (    -   376 )    -    K0045 + 000 , K0046 + 090    -    K0047 + 000 , K0047 + 600    -    K0051 + 602",nan,nan,nan,nan,nan,nan,nan,nan,nan,0.0,0.0,7,,nan,nan,Infrastructure (DPWH)
3679800,2025,18,Department of Public Works and Highways (DPWH),001,Office of the Secretary,310202100274000,Dasmariñas   -   Trece Martires City   -   Naic Rd    -    K0047 + 575    -    K0049 + 650,nan,nan,nan,nan,nan,nan,nan,nan,nan,0.0,0.0,7,,nan,nan,Infrastructure (DPWH)
3694683,2025,18,Department of Public Works and Highways (DPWH),001,Office of the Secretary,310305100628000,Langkaan Br. 1 ( B03055LZ ) along Dasmariñas   -   Trece Martires City   -   Naic Rd,nan,nan,nan,nan,nan,nan,nan,nan,nan,0.0,0.0,7,,nan,nan,Roads & Bridges (DPWH)
3605101,2025,18,Department of Public Works and Highways (DPWH),001,Office of the Secretary,300214100050000,"Preventive Maintenance ( Asphalt Overlay ) with shoulder along Tanza  -  Trece Martires City  -  Indang Rd   -   K0036 + 683   -   K0037 + 755, K0042 + 304   -   K0042 + 898, K0045 + 000   -   K0045 + 594",nan,nan,nan,nan,nan,nan,nan,nan,nan,0.0,0.0,7,,nan,nan,Infrastructure (DPWH)
3554149,2025,18,Department of Public Works and Highways (DPWH),001,Office of the Secretary,300104208171000,"Reconstruction of Multi   -   Purpose Building ( Training Center  ) , TESDA, Trece Martires City, Cavite",nan,nan,nan,nan,nan,nan,nan,nan,nan,0.0,0.0,7,,nan,nan,Community & Public Buildings (DPWH)
3540248,2025,18,Department of Public Works and Highways (DPWH),001,Office of the Secretary,200000100220000,Regionwide  /  Nationwide    -    Roads and Bridges    -    Conduct of Feasibility Studies  /  Preliminary and Detailed Engineering  /  Economic Analysis  /  Technical Studies  /  Traffic Impact Assessment    -    Region IV   -   A    -    Manila   -   Cavite Diversion Road and Sahod   -   Ulan    -    Tres Cruses    -    Trece Martires City Road,nan,nan,nan,nan,nan,nan,nan,nan,nan,0.0,0.0,7,,nan,nan,Roads & Bridges (DPWH)
3580832,2025,18,Department of Public Works and Highways (DPWH),001,Office of the Secretary,300116202230000,"Rehabilitation of Conchu Rd., Trece Station, Phase 1, Sta 0 + 000    -    Sta, Amadeo, Cavite",nan,nan,nan,nan,nan,nan,nan,nan,nan,0.0,0.0,7,,nan,nan,Infrastructure (DPWH)
3580833,2025,18,Department of Public Works and Highways (DPWH),001,Office of the Secretary,300116202231000,"Rehabilitation of Conchu Rd., Trece Station, Phase 2, Sta 2 + 400    -    Sta 4 + 800, Amadeo, Cavite",nan,nan,nan,nan,nan,nan,nan,nan,nan,0.0,0.0,7,,nan,nan,Infrastructure (DPWH)
3547956,2025,18,Department of Public Works and Highways (DPWH),001,Office of the Secretary,300104201978000,"Rehabilitation of Covered Court, La Paz Subdivision, Brgy. Cabezas, Trece Martires City, Cavite",nan,nan,nan,nan,nan,nan,nan,nan,nan,0.0,0.0,7,,nan,nan,Community & Public Buildings (DPWH)
3554153,2025,18,Department of Public Works and Highways (DPWH),001,Office of the Secretary,300104208175000,"Rehabilitation of Multi   -   Purpose Building ( Barangay Hall  ) , Barangay Conchu, Trece Martires City, Cavite",nan,nan,nan,nan,nan,nan,nan,nan,nan,0.0,0.0,7,,nan,nan,Community & Public Buildings (DPWH)
3554162,2025,18,Department of Public Works and Highways (DPWH),001,Office of the Secretary,300104208184000,"Rehabilitation of Multi   -   Purpose Building ( Covered Court  ) , Barangay La Ilana, Trece Martires City, Cavite",nan,nan,nan,nan,nan,nan,nan,nan,nan,0.0,0.0,7,,nan,nan,Community & Public Buildings (DPWH)
3554166,2025,18,Department of Public Works and Highways (DPWH),001,Office of the Secretary,300104208188000,"Rehabilitation of Multi   -   Purpose Building ( Fences    -    Trece Martines NHS, Hugo Perez, Annex  ) , Barangay Hugo Perez, Trece Martires City, Cavite",nan,nan,nan,nan,nan,nan,nan,nan,nan,0.0,0.0,7,,nan,nan,Community & Public Buildings (DPWH)
3561233,2025,18,Department of Public Works and Highways (DPWH),001,Office of the Secretary,300104215256000,"Rehabilitation of Multi   -   Purpose Building, Governor's Drive, Brgy. San Agustin, Trece Martires City, Cavite",nan,nan,nan,nan,nan,nan,nan,nan,nan,0.0,0.0,7,,nan,nan,Community & Public Buildings (DPWH)
3589618,2025,18,Department of Public Works and Highways (DPWH),001,Office of the Secretary,300117206378000,"Rehabilitation of Road, Brgy. Hugo Perez, Trece Martires, Cavite",nan,nan,nan,nan,nan,nan,nan,nan,nan,0.0,0.0,7,,nan,nan,Roads & Bridges (DPWH)
3589626,2025,18,Department of Public Works and Highways (DPWH),001,Office of the Secretary,300117206386000,"Rehabilitation of San Agustin   -   Luciano By   -   Pass Road, Brgy. San Agustin, Trece Martires City, Cavite",nan,nan,nan,nan,nan,nan,nan,nan,nan,0.0,0.0,7,,nan,nan,Roads & Bridges (DPWH)
3541817,2025,18,Department of Public Works and Highways (DPWH),001,Office of the Secretary,300102200270000,"Rehabilitation of School Building ( Balcony Grills    -    Luciano ES  ) , Barangay Luciano, Trece Martires City, Cavite",nan,nan,nan,nan,nan,nan,nan,nan,nan,0.0,0.0,7,,nan,nan,School Buildings & Education Infra (DPWH)
3589629,2025,18,Department of Public Works and Highways (DPWH),001,Office of the Secretary,300117206389000,"Rehabilitation of Trece   -   Amadeo Road, Brgy. Conchu, Trece Martires City, Cavite",nan,nan,nan,nan,nan,nan,nan,nan,nan,0.0,0.0,7,,nan,nan,Roads & Bridges (DPWH)
3589617,2025,18,Department of Public Works and Highways (DPWH),001,Office of the Secretary,300117206377000,"Rehabilitation of Trece   -   Amadeo Road, Brgy. Conchu, Trece Martires, Cavite",nan,nan,nan,nan,nan,nan,nan,nan,nan,0.0,0.0,7,,nan,nan,Roads & Bridges (DPWH)
3541639,2025,18,Department of Public Works and Highways (DPWH),001,Office of the Secretary,300102200092000,"Renovation  /  Rehabilitation of San Agustin Elementary School, Trece Martires City, Cavite",nan,nan,nan,nan,nan,nan,nan,nan,nan,0.0,0.0,7,,nan,nan,School Buildings & Education Infra (DPWH)
3604836,2025,18,Department of Public Works and Highways (DPWH),001,Office of the Secretary,300211100109000,"Repair  /  Rehabilitation along Juanito R. Remulla Sr Road ( S06090LZ ) K0045 + 061    -    K0045 +  647, K0045 + 669   -   K0046 + 047, Trece Martires City",nan,nan,nan,nan,nan,nan,nan,nan,nan,0.0,0.0,7,,nan,nan,Roads & Bridges (DPWH)
3604839,2025,18,Department of Public Works and Highways (DPWH),001,Office of the Secretary,300211100112000,"Repair  /  Rehabilitation along Tanza    -    Trece Martires City    -    Indang Road ( S06096LZ ) K0036 + 683   -   K0037 + 883, Tanza, Cavite",nan,nan,nan,nan,nan,nan,nan,nan,nan,0.0,0.0,7,,nan,nan,Roads & Bridges (DPWH)
3604840,2025,18,Department of Public Works and Highways (DPWH),001,Office of the Secretary,300211100113000,"Repair  /  Rehabilitation along Tanza    -    Trece Martires City    -    Indang Road ( S06097LZ ) K0048 +  (    -   641 )    -    K0049 + 472, Trece Matrires City",nan,nan,nan,nan,nan,nan,nan,nan,nan,0.0,0.0,7,,nan,nan,Roads & Bridges (DPWH)
3586827,2025,18,Department of Public Works and Highways (DPWH),001,Office of the Secretary,300117203586000,"Road Concreting, Brgy. Aguado, Trece Martires City, Cavite",nan,nan,nan,nan,nan,nan,nan,nan,nan,0.0,0.0,7,,nan,nan,Roads & Bridges (DPWH)
3580371,2025,18,Department of Public Works and Highways (DPWH),001,Office of the Secretary,300116201769000,"Road Widening  /  Concreting of Tanza, Trece Martirez City Road, Tanza, Cavite",nan,nan,nan,nan,nan,nan,nan,nan,nan,0.0,0.0,7,,nan,nan,Roads & Bridges (DPWH)
3678193,2025,18,Department of Public Works and Highways (DPWH),001,Office of the Secretary,310201100390000,Tanza   -   Trece Martires City   -   Indang Rd    -     K0035 + (    -   171 )    -    K0035 + 675,nan,nan,nan,nan,nan,nan,nan,nan,nan,0.0,0.0,7,,nan,nan,Infrastructure (DPWH)
3660557,2025,18,Department of Public Works and Highways (DPWH),001,Office of the Secretary,310101100035000,"Tanza   -   Trece Martires City   -   Indang Rd    -    K0035 +    -    302    -    K0035 + 087, K0042 + 898    -    K0045 + 000, K0045 + 594    -    K0047 + 148",nan,nan,nan,nan,nan,nan,nan,nan,nan,0.0,0.0,7,,nan,nan,Infrastructure (DPWH)
3678358,2025,18,Department of Public Works and Highways (DPWH),001,Office of the Secretary,310201100556000,Tanza   -   Trece Martires City   -   Indang Rd    -    K0035 + 640    -    K0036 + 197,nan,nan,nan,nan,nan,nan,nan,nan,nan,0.0,0.0,7,,nan,nan,Infrastructure (DPWH)
3678017,2025,18,Department of Public Works and Highways (DPWH),001,Office of the Secretary,310201100214000,"Tanza   -   Trece Martires City   -   Indang Rd    -    K0036 + 145    -    K0039 + 691, K0039 + 700    -    K0040 + 416",nan,nan,nan,nan,nan,nan,nan,nan,nan,0.0,0.0,7,,nan,nan,Infrastructure (DPWH)
3678557,2025,18,Department of Public Works and Highways (DPWH),001,Office of the Secretary,310201100755000,Tanza   -   Trece Martires City   -   Indang Rd    -    K0036 + 197    -    K0037 + 251,nan,nan,nan,nan,nan,nan,nan,nan,nan,0.0,0.0,7,,nan,nan,Infrastructure (DPWH)
3660976,2025,18,Department of Public Works and Highways (DPWH),001,Office of the Secretary,310101100454000,Tanza   -   Trece Martires City   -   Indang Rd    -    K0045 + 000    -    K0045 + 223,nan,nan,nan,nan,nan,nan,nan,nan,nan,0.0,0.0,7,,nan,nan,Infrastructure (DPWH)
3676566,2025,18,Department of Public Works and Highways (DPWH),001,Office of the Secretary,310111100191000,Tanza   -   Trece Martires City   -   Indang Rd    -    K0048 + (    -   398 )    -    K0049 + 472,nan,nan,nan,nan,nan,nan,nan,nan,nan,0.0,0.0,7,,nan,nan,Infrastructure (DPWH)
3678018,2025,18,Department of Public Works and Highways (DPWH),001,Office of the Secretary,310201100215000,Tanza   -   Trece Martires City   -   Indang Rd    -    K0049 + 472    -    K0051 + 622,nan,nan,nan,nan,nan,nan,nan,nan,nan,0.0,0.0,7,,nan,nan,Infrastructure (DPWH)
3688006,2025,18,Department of Public Works and Highways (DPWH),001,Office of the Secretary,310208100079000,Tanza   -   Trece Martires City   -   Indang Rd    -    K0052 + (    -   280 )    -    K0052 + 148,nan,nan,nan,nan,nan,nan,nan,nan,nan,0.0,0.0,7,,nan,nan,Infrastructure (DPWH)
3679722,2025,18,Department of Public Works and Highways (DPWH),001,Office of the Secretary,310202100196000,Tanza   -   Trece Martires City   -   Indang Rd    -    K0057 + 560    -    K0059 + 137,nan,nan,nan,nan,nan,nan,nan,nan,nan,0.0,0.0,7,,nan,nan,Infrastructure (DPWH)
3668767,2025,18,Department of Public Works and Highways (DPWH),001,Office of the Secretary,310105100689000,Tanza  -  Trece Martires City  -  Indang Rd   -   K0051 + 000   -   K0053 + 462,nan,nan,nan,nan,nan,nan,nan,nan,nan,0.0,0.0,7,,nan,nan,Infrastructure (DPWH)
3676239,2025,18,Department of Public Works and Highways (DPWH),001,Office of the Secretary,310110100510000,Tanza  -  Trece Martires City  -  Indang Rd  -  K0035 +  (   -  302 )   -  K0035 +  (   -  009 ) ,nan,nan,nan,nan,nan,nan,nan,nan,nan,0.0,0.0,7,,nan,nan,Infrastructure (DPWH)
3687879,2025,18,Department of Public Works and Highways (DPWH),001,Office of the Secretary,310207100356000,"Tanza  -  Trece Martires City  -  Indang Rd  -  K0035 + 000  -  K0035 + 060, K0035 + 161  -  K0035 + 461, K0035 + 542  -  K0035 + 652, K0036 + 082  -  K0036 + 197, K0036 + 494  -  K0036 + 683, K0037 + 339  -  K0037 + 475, K0041 + 083  -  K0042 + 112, K0044 + 003  -  K0046 + 633",nan,nan,nan,nan,nan,nan,nan,nan,nan,0.0,0.0,7,,nan,nan,Infrastructure (DPWH)
3679196,2025,18,Department of Public Works and Highways (DPWH),001,Office of the Secretary,310201101394000,"Tanza  -  Trece Martires City  -  Indang Rd  -  K0037 + 543  -  K0037 + 959, K0038 + 878  -  K0039 + 293",nan,nan,nan,nan,nan,nan,nan,nan,nan,0.0,0.0,7,,nan,nan,Infrastructure (DPWH)
3662020,2025,18,Department of Public Works and Highways (DPWH),001,Office of the Secretary,310101101498000,Tanza  -  Trece Martires City  -  Indang Rd  -  K0038 + 770  -  K0039 + 606,nan,nan,nan,nan,nan,nan,nan,nan,nan,0.0,0.0,7,,nan,nan,Infrastructure (DPWH)
3676192,2025,18,Department of Public Works and Highways (DPWH),001,Office of the Secretary,310110100463000,"Tanza  -  Trece Martires City  -  Indang Rd  -  K0040 + 865  -  K0041 + 099, K0041 + 158  -  K0042 + 864",nan,nan,nan,nan,nan,nan,nan,nan,nan,0.0,0.0,7,,nan,nan,Infrastructure (DPWH)
3664261,2025,18,Department of Public Works and Highways (DPWH),001,Office of the Secretary,310102101788000,Tanza  -  Trece Martires City  -  Indang Rd  -  K0050 + 000  -  K0050 + 866,nan,nan,nan,nan,nan,nan,nan,nan,nan,0.0,0.0,7,,nan,nan,Infrastructure (DPWH)
3688529,2025,18,Department of Public Works and Highways (DPWH),001,Office of the Secretary,310208100602000,"Tanza  -  Trece Martires City  -  Indang Rd  -  K0052 +  (   -  130 )   -  K0052 + 148, K0053 + 168  -  K0053 + 949, K0058 + 217  -  K0058 + 593",nan,nan,nan,nan,nan,nan,nan,nan,nan,0.0,0.0,7,,nan,nan,Infrastructure (DPWH)
3677043,2025,18,Department of Public Works and Highways (DPWH),001,Office of the Secretary,310111100686000,Tanza  -  Trece Martires City  -  Indang Rd  -  K0052 +  (   -  385 )   -  K0052 + 562,nan,nan,nan,nan,nan,nan,nan,nan,nan,0.0,0.0,7,,nan,nan,Infrastructure (DPWH)
3664011,2025,18,Department of Public Works and Highways (DPWH),001,Office of the Secretary,310102101538000,Tanza  -  Trece Martires City  -  Indang Rd  -  K0052 +  (   -  385 )   -  K0053 + 231,nan,nan,nan,nan,nan,nan,nan,nan,nan,0.0,0.0,7,,nan,nan,Infrastructure (DPWH)
3664262,2025,18,Department of Public Works and Highways (DPWH),001,Office of the Secretary,310102101789000,"Tanza  -  Trece Martires City  -  Indang Rd  -  K0053 + 802  -  K0053 + 963, K0057 + 573  -  K0058 + 000",nan,nan,nan,nan,nan,nan,nan,nan,nan,0.0,0.0,7,,nan,nan,Infrastructure (DPWH)
3680787,2025,18,Department of Public Works and Highways (DPWH),001,Office of the Secretary,310202101262000,Tanza  -  Trece Martires City  -  Indang Rd  -  K0054 + 733  -  K0057 + 121,nan,nan,nan,nan,nan,nan,nan,nan,nan,0.0,0.0,7,,nan,nan,Infrastructure (DPWH)
3680906,2025,18,Department of Public Works and Highways (DPWH),001,Office of the Secretary,310202101381000,Tanza  -  Trece Martires City  -  Indang Rd  -  K0057 + 165  -  K0057 + 573,nan,nan,nan,nan,nan,nan,nan,nan,nan,0.0,0.0,7,,nan,nan,Infrastructure (DPWH)
3662830,2025,18,Department of Public Works and Highways (DPWH),001,Office of the Secretary,310102100355000,Trece Martirez St    -    ( S00010LT )    -    Chainage 118    -    Chainage 533,nan,nan,nan,nan,nan,nan,nan,nan,nan,0.0,0.0,7,,nan,nan,Infrastructure (DPWH)
3676829,2025,18,Department of Public Works and Highways (DPWH),001,Office of the Secretary,310111100472000,Trece Martirez St   -   ( S00010LT ) Chainage 000   -   Chainage 533,nan,nan,nan,nan,nan,nan,nan,nan,nan,0.0,0.0,7,,nan,nan,Infrastructure (DPWH)
3663526,2025,18,Department of Public Works and Highways (DPWH),001,Office of the Secretary,310102101053000,Trece Martirez St   -   ( S00010LT ) Chainage 062   -   Chainage 118,nan,nan,nan,nan,nan,nan,nan,nan,nan,0.0,0.0,7,,nan,nan,Infrastructure (DPWH)
3664380,2025,18,Department of Public Works and Highways (DPWH),001,Office of the Secretary,310102101907000,"Trece Martirez St  -   ( S00010LT )  Chainage 0  -  Chainage 62, Chainage 469  -  Chainage 533",nan,nan,nan,nan,nan,nan,nan,nan,nan,0.0,0.0,7,,nan,nan,Infrastructure (DPWH)
3673455,2025,18,Department of Public Works and Highways (DPWH),001,Office of the Secretary,310108101626000,Trece Martirez St  -   ( S00010LT )  Chainage 000  -  Chainage 062,nan,nan,nan,nan,nan,nan,nan,nan,nan,0.0,0.0,7,,nan,nan,Infrastructure (DPWH)
3684545,2025,18,Department of Public Works and Highways (DPWH),001,Office of the Secretary,310204102011000,"Widening of Bridge 2 along  Cabuco  -  Indang  Diversion Road,Trece Martires City, Cavite",nan,nan,nan,nan,nan,nan,nan,nan,nan,0.0,0.0,7,,nan,nan,Roads & Bridges (DPWH)
3435784,2025,08,State Universities and Colleges (SUCs),039,Cavite State University,100000200007000,Construction of 5-Storey Academic Building (Trece Martires City Campus),nan,nan,nan,nan,nan,nan,nan,nan,nan,0.0,0.0,7,,nan,nan,Higher Education (SUCs / CvSU)
3910934,2026,07,Department of Education (DepEd),001,Office of the Secretary,310400100003000,Operation of Schools - Junior High School (Grade 7 to Grade 10),0904177,Eugenio Cabezas National High School,04,10101101,Specific Budgets of National Government Agencies,1,Personnel Services,5010101000,Salaries and Wages - Regular,8454.0,8454000.0,7,1,0804002,Division of Cavite,Basic Education (DepEd)
3910965,2026,07,Department of Education (DepEd),001,Office of the Secretary,310400100003000,Operation of Schools - Junior High School (Grade 7 to Grade 10),0904177,Eugenio Cabezas National High School,04,10401102,Retirement and Life Insurance Premiums,1,Personnel Services,5010301000,Retirement and Life Insurance Premiums,1015.0,1015000.0,7,1,0804002,Division of Cavite,Basic Education (DepEd)
3910953,2026,07,Department of Education (DepEd),001,Office of the Secretary,310400100003000,Operation of Schools - Junior High School (Grade 7 to Grade 10),0904177,Eugenio Cabezas National High School,04,10101101,Specific Budgets of National Government Agencies,2,Maintenance and Other Operating Expenses,5020399000,Other Supplies and Materials Expenses,997.0,997000.0,7,1,0804002,Division of Cavite,Basic Education (DepEd)
3910939,2026,07,Department of Education (DepEd),001,Office of the Secretary,310400100003000,Operation of Schools - Junior High School (Grade 7 to Grade 10),0904177,Eugenio Cabezas National High School,04,10101101,Specific Budgets of National Government Agencies,1,Personnel Services,5010216000,Mid-Year Bonus,705.0,705000.0,7,1,0804002,Division of Cavite,Basic Education (DepEd)
3910937,2026,07,Department of Education (DepEd),001,Office of the Secretary,310400100003000,Operation of Schools - Junior High School (Grade 7 to Grade 10),0904177,Eugenio Cabezas National High School,04,10101101,Specific Budgets of National Government Agencies,1,Personnel Services,5010214000,Year End Bonus,705.0,705000.0,7,1,0804002,Division of Cavite,Basic Education (DepEd)
3910935,2026,07,Department of Education (DepEd),001,Office of the Secretary,310400100003000,Operation of Schools - Junior High School (Grade 7 to Grade 10),0904177,Eugenio Cabezas National High School,04,10101101,Specific Budgets of National Government Agencies,1,Personnel Services,5010201000,Personal Economic Relief Allowance (PERA),504.0,504000.0,7,1,0804002,Division of Cavite,Basic Education (DepEd)
3910947,2026,07,Department of Education (DepEd),001,Office of the Secretary,310400100003000,Operation of Schools - Junior High School (Grade 7 to Grade 10),0904177,Eugenio Cabezas National High School,04,10101101,Specific Budgets of National Government Agencies,2,Maintenance and Other Operating Expenses,5020301000,Office Supplies Expenses,268.0,268000.0,7,1,0804002,Division of Cavite,Basic Education (DepEd)
3910955,2026,07,Department of Education (DepEd),001,Office of the Secretary,310400100003000,Operation of Schools - Junior High School (Grade 7 to Grade 10),0904177,Eugenio Cabezas National High School,04,10101101,Specific Budgets of National Government Agencies,2,Maintenance and Other Operating Expenses,5020402000,Electricity Expenses,213.0,213000.0,7,1,0804002,Division of Cavite,Basic Education (DepEd)
3910942,2026,07,Department of Education (DepEd),001,Office of the Secretary,310400100003000,Operation of Schools - Junior High School (Grade 7 to Grade 10),0904177,Eugenio Cabezas National High School,04,10101101,Specific Budgets of National Government Agencies,1,Personnel Services,5010303000,PhilHealth Contributions,211.0,211000.0,7,1,0804002,Division of Cavite,Basic Education (DepEd)
3910959,2026,07,Department of Education (DepEd),001,Office of the Secretary,310400100003000,Operation of Schools - Junior High School (Grade 7 to Grade 10),0904177,Eugenio Cabezas National High School,04,10101101,Specific Budgets of National Government Agencies,2,Maintenance and Other Operating Expenses,5021202000,Janitorial Services,181.0,181000.0,7,1,0804002,Division of Cavite,Basic Education (DepEd)
3910936,2026,07,Department of Education (DepEd),001,Office of the Secretary,310400100003000,Operation of Schools - Junior High School (Grade 7 to Grade 10),0904177,Eugenio Cabezas National High School,04,10101101,Specific Budgets of National Government Agencies,1,Personnel Services,5010204000,Clothing/Uniform Allowance,147.0,147000.0,7,1,0804002,Division of Cavite,Basic Education (DepEd)
3910946,2026,07,Department of Education (DepEd),001,Office of the Secretary,310400100003000,Operation of Schools - Junior High School (Grade 7 to Grade 10),0904177,Eugenio Cabezas National High School,04,10101101,Specific Budgets of National Government Agencies,2,Maintenance and Other Operating Expenses,5020201000,Training Expenses,141.0,141000.0,7,1,0804002,Division of Cavite,Basic Education (DepEd)
3910954,2026,07,Department of Education (DepEd),001,Office of the Secretary,310400100003000,Operation of Schools - Junior High School (Grade 7 to Grade 10),0904177,Eugenio Cabezas National High School,04,10101101,Specific Budgets of National Government Agencies,2,Maintenance and Other Operating Expenses,5020401000,Water Expenses,107.0,107000.0,7,1,0804002,Division of Cavite,Basic Education (DepEd)
3910938,2026,07,Department of Education (DepEd),001,Office of the Secretary,310400100003000,Operation of Schools - Junior High School (Grade 7 to Grade 10),0904177,Eugenio Cabezas National High School,04,10101101,Specific Budgets of National Government Agencies,1,Personnel Services,5010215000,Cash Gift,105.0,105000.0,7,1,0804002,Division of Cavite,Basic Education (DepEd)
3910940,2026,07,Department of Education (DepEd),001,Office of the Secretary,310400100003000,Operation of Schools - Junior High School (Grade 7 to Grade 10),0904177,Eugenio Cabezas National High School,04,10101101,Specific Budgets of National Government Agencies,1,Personnel Services,5010299000,Other Bonuses and Allowances,105.0,105000.0,7,1,0804002,Division of Cavite,Basic Education (DepEd)
3910960,2026,07,Department of Education (DepEd),001,Office of the Secretary,310400100003000,Operation of Schools - Junior High School (Grade 7 to Grade 10),0904177,Eugenio Cabezas National High School,04,10101101,Specific Budgets of National Government Agencies,2,Maintenance and Other Operating Expenses,5021304000,Repairs and Maintenance - Buildings and Other Structures,94.0,94000.0,7,1,0804002,Division of Cavite,Basic Education (DepEd)
3910958,2026,07,Department of Education (DepEd),001,Office of the Secretary,310400100003000,Operation of Schools - Junior High School (Grade 7 to Grade 10),0904177,Eugenio Cabezas National High School,04,10101101,Specific Budgets of National Government Agencies,2,Maintenance and Other Operating Expenses,5020503000,Internet Subscription Expenses,80.0,80000.0,7,1,0804002,Division of Cavite,Basic Education (DepEd)
3910952,2026,07,Department of Education (DepEd),001,Office of the Secretary,310400100003000,Operation of Schools - Junior High School (Grade 7 to Grade 10),0904177,Eugenio Cabezas National High School,04,10101101,Specific Budgets of National Government Agencies,2,Maintenance and Other Operating Expenses,5020322000,"Semi-Expendable Furniture, Fixtures and Books Expenses",67.0,67000.0,7,1,0804002,Division of Cavite,Basic Education (DepEd)
3910949,2026,07,Department of Education (DepEd),001,Office of the Secretary,310400100003000,Operation of Schools - Junior High School (Grade 7 to Grade 10),0904177,Eugenio Cabezas National High School,04,10101101,Specific Budgets of National Government Agencies,2,Maintenance and Other Operating Expenses,5020321000,Semi-Expendable Machinery and Equipment Expenses,67.0,67000.0,7,1,0804002,Division of Cavite,Basic Education (DepEd)
3910950,2026,07,Department of Education (DepEd),001,Office of the Secretary,310400100003000,Operation of Schools - Junior High School (Grade 7 to Grade 10),0904177,Eugenio Cabezas National High School,04,10101101,Specific Budgets of National Government Agencies,2,Maintenance and Other Operating Expenses,5020321000,Semi-Expendable Machinery and Equipment Expenses,67.0,67000.0,7,1,0804002,Division of Cavite,Basic Education (DepEd)
3910941,2026,07,Department of Education (DepEd),001,Office of the Secretary,310400100003000,Operation of Schools - Junior High School (Grade 7 to Grade 10),0904177,Eugenio Cabezas National High School,04,10101101,Specific Budgets of National Government Agencies,1,Personnel Services,5010302000,Pag-IBIG Contributions ,50.0,50000.0,7,1,0804002,Division of Cavite,Basic Education (DepEd)
3910956,2026,07,Department of Education (DepEd),001,Office of the Secretary,310400100003000,Operation of Schools - Junior High School (Grade 7 to Grade 10),0904177,Eugenio Cabezas National High School,04,10101101,Specific Budgets of National Government Agencies,2,Maintenance and Other Operating Expenses,5020501000,Postage and Courier Services,40.0,40000.0,7,1,0804002,Division of Cavite,Basic Education (DepEd)
3910943,2026,07,Department of Education (DepEd),001,Office of the Secretary,310400100003000,Operation of Schools - Junior High School (Grade 7 to Grade 10),0904177,Eugenio Cabezas National High School,04,10101101,Specific Budgets of National Government Agencies,1,Personnel Services,5010304000,Employees Compensation Insurance Premiums (ECIP),25.0,25000.0,7,1,0804002,Division of Cavite,Basic Education (DepEd)
3910957,2026,07,Department of Education (DepEd),001,Office of the Secretary,310400100003000,Operation of Schools - Junior High School (Grade 7 to Grade 10),0904177,Eugenio Cabezas National High School,04,10101101,Specific Budgets of National Government Agencies,2,Maintenance and Other Operating Expenses,5020502000,Telephone Expenses,25.0,25000.0,7,1,0804002,Division of Cavite,Basic Education (DepEd)
3910963,2026,07,Department of Education (DepEd),001,Office of the Secretary,310400100003000,Operation of Schools - Junior High School (Grade 7 to Grade 10),0904177,Eugenio Cabezas National High School,04,10101101,Specific Budgets of National Government Agencies,2,Maintenance and Other Operating Expenses,5021322000,"Repairs and Maintenance - Semi-Expendable Furniture, Fixtures and Books",22.0,22000.0,7,1,0804002,Division of Cavite,Basic Education (DepEd)
3910945,2026,07,Department of Education (DepEd),001,Office of the Secretary,310400100003000,Operation of Schools - Junior High School (Grade 7 to Grade 10),0904177,Eugenio Cabezas National High School,04,10101101,Specific Budgets of National Government Agencies,2,Maintenance and Other Operating Expenses,5020101000,Traveling Expenses - Local,21.0,21000.0,7,1,0804002,Division of Cavite,Basic Education (DepEd)
3910944,2026,07,Department of Education (DepEd),001,Office of the Secretary,310400100003000,Operation of Schools - Junior High School (Grade 7 to Grade 10),0904177,Eugenio Cabezas National High School,04,10101101,Specific Budgets of National Government Agencies,1,Personnel Services,5010499000,Other Personnel Benefits,21.0,21000.0,7,1,0804002,Division of Cavite,Basic Education (DepEd)
3910951,2026,07,Department of Education (DepEd),001,Office of the Secretary,310400100003000,Operation of Schools - Junior High School (Grade 7 to Grade 10),0904177,Eugenio Cabezas National High School,04,10101101,Specific Budgets of National Government Agencies,2,Maintenance and Other Operating Expenses,5020321000,Semi-Expendable Machinery and Equipment Expenses,13.0,13000.0,7,1,0804002,Division of Cavite,Basic Education (DepEd)
3910961,2026,07,Department of Education (DepEd),001,Office of the Secretary,310400100003000,Operation of Schools - Junior High School (Grade 7 to Grade 10),0904177,Eugenio Cabezas National High School,04,10101101,Specific Budgets of National Government Agencies,2,Maintenance and Other Operating Expenses,5021321000,Repairs and Maintenance - Semi-Expendable Machinery and Equipment,10.0,10000.0,7,1,0804002,Division of Cavite,Basic Education (DepEd)
3910962,2026,07,Department of Education (DepEd),001,Office of the Secretary,310400100003000,Operation of Schools - Junior High School (Grade 7 to Grade 10),0904177,Eugenio Cabezas National High School,04,10101101,Specific Budgets of National Government Agencies,2,Maintenance and Other Operating Expenses,5021321000,Repairs and Maintenance - Semi-Expendable Machinery and Equipment,10.0,10000.0,7,1,0804002,Division of Cavite,Basic Education (DepEd)
3910948,2026,07,Department of Education (DepEd),001,Office of the Secretary,310400100003000,Operation of Schools - Junior High School (Grade 7 to Grade 10),0904177,Eugenio Cabezas National High School,04,10101101,Specific Budgets of National Government Agencies,2,Maintenance and Other Operating Expenses,5020302000,Accountable Forms Expenses,6.0,6000.0,7,1,0804002,Division of Cavite,Basic Education (DepEd)
3910964,2026,07,Department of Education (DepEd),001,Office of the Secretary,310400100003000,Operation of Schools - Junior High School (Grade 7 to Grade 10),0904177,Eugenio Cabezas National High School,04,10101101,Specific Budgets of National Government Agencies,2,Maintenance and Other Operating Expenses,5021502000,Fidelity Bond Premiums,5.0,5000.0,7,1,0804002,Division of Cavite,Basic Education (DepEd)
3909587,2026,07,Department of Education (DepEd),001,Office of the Secretary,310400100003000,Operation of Schools - Junior High School (Grade 7 to Grade 10),0904131,Francisco Osorio Integrated Senior High School,04,10101101,Specific Budgets of National Government Agencies,1,Personnel Services,5010101000,Salaries and Wages - Regular,18547.0,18547000.0,7,1,0804002,Division of Cavite,Basic Education (DepEd)
3909611,2026,07,Department of Education (DepEd),001,Office of the Secretary,310400100003000,Operation of Schools - Junior High School (Grade 7 to Grade 10),0904131,Francisco Osorio Integrated Senior High School,04,10401102,Retirement and Life Insurance Premiums,1,Personnel Services,5010301000,Retirement and Life Insurance Premiums,2226.0,2226000.0,7,1,0804002,Division of Cavite,Basic Education (DepEd)
3909593,2026,07,Department of Education (DepEd),001,Office of the Secretary,310400100003000,Operation of Schools - Junior High School (Grade 7 to Grade 10),0904131,Francisco Osorio Integrated Senior High School,04,10101101,Specific Budgets of National Government Agencies,1,Personnel Services,5010216000,Mid-Year Bonus,1546.0,1546000.0,7,1,0804002,Division of Cavite,Basic Education (DepEd)
3909591,2026,07,Department of Education (DepEd),001,Office of the Secretary,310400100003000,Operation of Schools - Junior High School (Grade 7 to Grade 10),0904131,Francisco Osorio Integrated Senior High School,04,10101101,Specific Budgets of National Government Agencies,1,Personnel Services,5010214000,Year End Bonus,1546.0,1546000.0,7,1,0804002,Division of Cavite,Basic Education (DepEd)
3909589,2026,07,Department of Education (DepEd),001,Office of the Secretary,310400100003000,Operation of Schools - Junior High School (Grade 7 to Grade 10),0904131,Francisco Osorio Integrated Senior High School,04,10101101,Specific Budgets of National Government Agencies,1,Personnel Services,5010201000,Personal Economic Relief Allowance (PERA),1032.0,1032000.0,7,1,0804002,Division of Cavite,Basic Education (DepEd)
3909596,2026,07,Department of Education (DepEd),001,Office of the Secretary,310400100003000,Operation of Schools - Junior High School (Grade 7 to Grade 10),0904131,Francisco Osorio Integrated Senior High School,04,10101101,Specific Budgets of National Government Agencies,1,Personnel Services,5010303000,PhilHealth Contributions,464.0,464000.0,7,1,0804002,Division of Cavite,Basic Education (DepEd)
3909588,2026,07,Department of Education (DepEd),001,Office of the Secretary,310400100003000,Operation of Schools - Junior High School (Grade 7 to Grade 10),0904131,Francisco Osorio Integrated Senior High School,04,10101101,Specific Budgets of National Government Agencies,1,Personnel Services,5010103000,Salaries and Wages - Substitute Teachers,455.0,455000.0,7,1,0804002,Division of Cavite,Basic Education (DepEd)
3909609,2026,07,Department of Education (DepEd),001,Office of the Secretary,310400100003000,Operation of Schools - Junior High School (Grade 7 to Grade 10),0904131,Francisco Osorio Integrated Senior High School,04,10101101,Specific Budgets of National Government Agencies,2,Maintenance and Other Operating Expenses,5021304000,Repairs and Maintenance - Buildings and Other Structures,403.0,403000.0,7,1,0804002,Division of Cavite,Basic Education (DepEd)
3909601,2026,07,Department of Education (DepEd),001,Office of the Secretary,310400100003000,Operation of Schools - Junior High School (Grade 7 to Grade 10),0904131,Francisco Osorio Integrated Senior High School,04,10101101,Specific Budgets of National Government Agencies,2,Maintenance and Other Operating Expenses,5020301000,Office Supplies Expenses,403.0,403000.0,7,1,0804002,Division of Cavite,Basic Education (DepEd)
3909590,2026,07,Department of Education (DepEd),001,Office of the Secretary,310400100003000,Operation of Schools - Junior High School (Grade 7 to Grade 10),0904131,Francisco Osorio Integrated Senior High School,04,10101101,Specific Budgets of National Government Agencies,1,Personnel Services,5010204000,Clothing/Uniform Allowance,301.0,301000.0,7,1,0804002,Division of Cavite,Basic Education (DepEd)
3909606,2026,07,Department of Education (DepEd),001,Office of the Secretary,310400100003000,Operation of Schools - Junior High School (Grade 7 to Grade 10),0904131,Francisco Osorio Integrated Senior High School,04,10101101,Specific Budgets of National Government Agencies,2,Maintenance and Other Operating Expenses,5020402000,Electricity Expenses,273.0,273000.0,7,1,0804002,Division of Cavite,Basic Education (DepEd)
3909592,2026,07,Department of Education (DepEd),001,Office of the Secretary,310400100003000,Operation of Schools - Junior High School (Grade 7 to Grade 10),0904131,Francisco Osorio Integrated Senior High School,04,10101101,Specific Budgets of National Government Agencies,1,Personnel Services,5010215000,Cash Gift,215.0,215000.0,7,1,0804002,Division of Cavite,Basic Education (DepEd)
3909594,2026,07,Department of Education (DepEd),001,Office of the Secretary,310400100003000,Operation of Schools - Junior High School (Grade 7 to Grade 10),0904131,Francisco Osorio Integrated Senior High School,04,10101101,Specific Budgets of National Government Agencies,1,Personnel Services,5010299000,Other Bonuses and Allowances,215.0,215000.0,7,1,0804002,Division of Cavite,Basic Education (DepEd)
3909599,2026,07,Department of Education (DepEd),001,Office of the Secretary,310400100003000,Operation of Schools - Junior High School (Grade 7 to Grade 10),0904131,Francisco Osorio Integrated Senior High School,04,10101101,Specific Budgets of National Government Agencies,2,Maintenance and Other Operating Expenses,5020101000,Traveling Expenses - Local,202.0,202000.0,7,1,0804002,Division of Cavite,Basic Education (DepEd)
3909600,2026,07,Department of Education (DepEd),001,Office of the Secretary,310400100003000,Operation of Schools - Junior High School (Grade 7 to Grade 10),0904131,Francisco Osorio Integrated Senior High School,04,10101101,Specific Budgets of National Government Agencies,2,Maintenance and Other Operating Expenses,5020201000,Training Expenses,202.0,202000.0,7,1,0804002,Division of Cavite,Basic Education (DepEd)
3909603,2026,07,Department of Education (DepEd),001,Office of the Secretary,310400100003000,Operation of Schools - Junior High School (Grade 7 to Grade 10),0904131,Francisco Osorio Integrated Senior High School,04,10101101,Specific Budgets of National Government Agencies,2,Maintenance and Other Operating Expenses,5020321000,Semi-Expendable Machinery and Equipment Expenses,191.0,191000.0,7,1,0804002,Division of Cavite,Basic Education (DepEd)
3909604,2026,07,Department of Education (DepEd),001,Office of the Secretary,310400100003000,Operation of Schools - Junior High School (Grade 7 to Grade 10),0904131,Francisco Osorio Integrated Senior High School,04,10101101,Specific Budgets of National Government Agencies,2,Maintenance and Other Operating Expenses,5020399000,Other Supplies and Materials Expenses,163.0,163000.0,7,1,0804002,Division of Cavite,Basic Education (DepEd)
3909605,2026,07,Department of Education (DepEd),001,Office of the Secretary,310400100003000,Operation of Schools - Junior High School (Grade 7 to Grade 10),0904131,Francisco Osorio Integrated Senior High School,04,10101101,Specific Budgets of National Government Agencies,2,Maintenance and Other Operating Expenses,5020401000,Water Expenses,107.0,107000.0,7,1,0804002,Division of Cavite,Basic Education (DepEd)
3909595,2026,07,Department of Education (DepEd),001,Office of the Secretary,310400100003000,Operation of Schools - Junior High School (Grade 7 to Grade 10),0904131,Francisco Osorio Integrated Senior High School,04,10101101,Specific Budgets of National Government Agencies,1,Personnel Services,5010302000,Pag-IBIG Contributions ,103.0,103000.0,7,1,0804002,Division of Cavite,Basic Education (DepEd)
3909608,2026,07,Department of Education (DepEd),001,Office of the Secretary,310400100003000,Operation of Schools - Junior High School (Grade 7 to Grade 10),0904131,Francisco Osorio Integrated Senior High School,04,10101101,Specific Budgets of National Government Agencies,2,Maintenance and Other Operating Expenses,5020503000,Internet Subscription Expenses,97.0,97000.0,7,1,0804002,Division of Cavite,Basic Education (DepEd)
3909597,2026,07,Department of Education (DepEd),001,Office of the Secretary,310400100003000,Operation of Schools - Junior High School (Grade 7 to Grade 10),0904131,Francisco Osorio Integrated Senior High School,04,10101101,Specific Budgets of National Government Agencies,1,Personnel Services,5010304000,Employees Compensation Insurance Premiums (ECIP),52.0,52000.0,7,1,0804002,Division of Cavite,Basic Education (DepEd)
3909598,2026,07,Department of Education (DepEd),001,Office of the Secretary,310400100003000,Operation of Schools - Junior High School (Grade 7 to Grade 10),0904131,Francisco Osorio Integrated Senior High School,04,10101101,Specific Budgets of National Government Agencies,1,Personnel Services,5010499000,Other Personnel Benefits,46.0,46000.0,7,1,0804002,Division of Cavite,Basic Education (DepEd)
3909607,2026,07,Department of Education (DepEd),001,Office of the Secretary,310400100003000,Operation of Schools - Junior High School (Grade 7 to Grade 10),0904131,Francisco Osorio Integrated Senior High School,04,10101101,Specific Budgets of National Government Agencies,2,Maintenance and Other Operating Expenses,5020502000,Telephone Expenses,25.0,25000.0,7,1,0804002,Division of Cavite,Basic Education (DepEd)
3909610,2026,07,Department of Education (DepEd),001,Office of the Secretary,310400100003000,Operation of Schools - Junior High School (Grade 7 to Grade 10),0904131,Francisco Osorio Integrated Senior High School,04,10101101,Specific Budgets of National Government Agencies,2,Maintenance and Other Operating Expenses,5021503000,Insurance Expenses,10.0,10000.0,7,1,0804002,Division of Cavite,Basic Education (DepEd)
3909602,2026,07,Department of Education (DepEd),001,Office of the Secretary,310400100003000,Operation of Schools - Junior High School (Grade 7 to Grade 10),0904131,Francisco Osorio Integrated Senior High School,04,10101101,Specific Budgets of National Government Agencies,2,Maintenance and Other Operating Expenses,5020302000,Accountable Forms Expenses,3.0,3000.0,7,1,0804002,Division of Cavite,Basic Education (DepEd)
4118698,2026,07,Department of Education (DepEd),001,Office of the Secretary,310400100004000,Operation of Schools - Senior High School (Grade 11 to Grade 12),0904131,Francisco Osorio Integrated Senior High School,04,10101101,Specific Budgets of National Government Agencies,2,Maintenance and Other Operating Expenses,5020399000,Other Supplies and Materials Expenses,247.0,247000.0,7,1,0804002,Division of Cavite,Basic Education (DepEd)
4118696,2026,07,Department of Education (DepEd),001,Office of the Secretary,310400100004000,Operation of Schools - Senior High School (Grade 11 to Grade 12),0904131,Francisco Osorio Integrated Senior High School,04,10101101,Specific Budgets of National Government Agencies,2,Maintenance and Other Operating Expenses,5020301000,Office Supplies Expenses,123.0,123000.0,7,1,0804002,Division of Cavite,Basic Education (DepEd)
4118700,2026,07,Department of Education (DepEd),001,Office of the Secretary,310400100004000,Operation of Schools - Senior High School (Grade 11 to Grade 12),0904131,Francisco Osorio Integrated Senior High School,04,10101101,Specific Budgets of National Government Agencies,2,Maintenance and Other Operating Expenses,5020402000,Electricity Expenses,77.0,77000.0,7,1,0804002,Division of Cavite,Basic Education (DepEd)
4118701,2026,07,Department of Education (DepEd),001,Office of the Secretary,310400100004000,Operation of Schools - Senior High School (Grade 11 to Grade 12),0904131,Francisco Osorio Integrated Senior High School,04,10101101,Specific Budgets of National Government Agencies,2,Maintenance and Other Operating Expenses,5020503000,Internet Subscription Expenses,73.0,73000.0,7,1,0804002,Division of Cavite,Basic Education (DepEd)
4118697,2026,07,Department of Education (DepEd),001,Office of the Secretary,310400100004000,Operation of Schools - Senior High School (Grade 11 to Grade 12),0904131,Francisco Osorio Integrated Senior High School,04,10101101,Specific Budgets of National Government Agencies,2,Maintenance and Other Operating Expenses,5020321000,Semi-Expendable Machinery and Equipment Expenses,49.0,49000.0,7,1,0804002,Division of Cavite,Basic Education (DepEd)
4118699,2026,07,Department of Education (DepEd),001,Office of the Secretary,310400100004000,Operation of Schools - Senior High School (Grade 11 to Grade 12),0904131,Francisco Osorio Integrated Senior High School,04,10101101,Specific Budgets of National Government Agencies,2,Maintenance and Other Operating Expenses,5020401000,Water Expenses,49.0,49000.0,7,1,0804002,Division of Cavite,Basic Education (DepEd)
4118695,2026,07,Department of Education (DepEd),001,Office of the Secretary,310400100004000,Operation of Schools - Senior High School (Grade 11 to Grade 12),0904131,Francisco Osorio Integrated Senior High School,04,10101101,Specific Budgets of National Government Agencies,2,Maintenance and Other Operating Expenses,5020101000,Traveling Expenses - Local,49.0,49000.0,7,1,0804002,Division of Cavite,Basic Education (DepEd)
3910089,2026,07,Department of Education (DepEd),001,Office of the Secretary,310400100003000,Operation of Schools - Junior High School (Grade 7 to Grade 10),0904148,Luis Aguado National High School,04,10101101,Specific Budgets of National Government Agencies,1,Personnel Services,5010101000,Salaries and Wages - Regular,36979.0,36979000.0,7,1,0804002,Division of Cavite,Basic Education (DepEd)
3910120,2026,07,Department of Education (DepEd),001,Office of the Secretary,310400100003000,Operation of Schools - Junior High School (Grade 7 to Grade 10),0904148,Luis Aguado National High School,04,10401102,Retirement and Life Insurance Premiums,1,Personnel Services,5010301000,Retirement and Life Insurance Premiums,4437.0,4437000.0,7,1,0804002,Division of Cavite,Basic Education (DepEd)
3910095,2026,07,Department of Education (DepEd),001,Office of the Secretary,310400100003000,Operation of Schools - Junior High School (Grade 7 to Grade 10),0904148,Luis Aguado National High School,04,10101101,Specific Budgets of National Government Agencies,1,Personnel Services,5010216000,Mid-Year Bonus,3082.0,3082000.0,7,1,0804002,Division of Cavite,Basic Education (DepEd)
3910093,2026,07,Department of Education (DepEd),001,Office of the Secretary,310400100003000,Operation of Schools - Junior High School (Grade 7 to Grade 10),0904148,Luis Aguado National High School,04,10101101,Specific Budgets of National Government Agencies,1,Personnel Services,5010214000,Year End Bonus,3082.0,3082000.0,7,1,0804002,Division of Cavite,Basic Education (DepEd)
3910091,2026,07,Department of Education (DepEd),001,Office of the Secretary,310400100003000,Operation of Schools - Junior High School (Grade 7 to Grade 10),0904148,Luis Aguado National High School,04,10101101,Specific Budgets of National Government Agencies,1,Personnel Services,5010201000,Personal Economic Relief Allowance (PERA),2064.0,2064000.0,7,1,0804002,Division of Cavite,Basic Education (DepEd)
3910090,2026,07,Department of Education (DepEd),001,Office of the Secretary,310400100003000,Operation of Schools - Junior High School (Grade 7 to Grade 10),0904148,Luis Aguado National High School,04,10101101,Specific Budgets of National Government Agencies,1,Personnel Services,5010103000,Salaries and Wages - Substitute Teachers,943.0,943000.0,7,1,0804002,Division of Cavite,Basic Education (DepEd)
3910098,2026,07,Department of Education (DepEd),001,Office of the Secretary,310400100003000,Operation of Schools - Junior High School (Grade 7 to Grade 10),0904148,Luis Aguado National High School,04,10101101,Specific Budgets of National Government Agencies,1,Personnel Services,5010303000,PhilHealth Contributions,924.0,924000.0,7,1,0804002,Division of Cavite,Basic Education (DepEd)
3910117,2026,07,Department of Education (DepEd),001,Office of the Secretary,310400100003000,Operation of Schools - Junior High School (Grade 7 to Grade 10),0904148,Luis Aguado National High School,04,10101101,Specific Budgets of National Government Agencies,2,Maintenance and Other Operating Expenses,5021304000,Repairs and Maintenance - Buildings and Other Structures,667.0,667000.0,7,1,0804002,Division of Cavite,Basic Education (DepEd)
3910112,2026,07,Department of Education (DepEd),001,Office of the Secretary,310400100003000,Operation of Schools - Junior High School (Grade 7 to Grade 10),0904148,Luis Aguado National High School,04,10101101,Specific Budgets of National Government Agencies,2,Maintenance and Other Operating Expenses,5020402000,Electricity Expenses,654.0,654000.0,7,1,0804002,Division of Cavite,Basic Education (DepEd)
3910092,2026,07,Department of Education (DepEd),001,Office of the Secretary,310400100003000,Operation of Schools - Junior High School (Grade 7 to Grade 10),0904148,Luis Aguado National High School,04,10101101,Specific Budgets of National Government Agencies,1,Personnel Services,5010204000,Clothing/Uniform Allowance,602.0,602000.0,7,1,0804002,Division of Cavite,Basic Education (DepEd)
3910105,2026,07,Department of Education (DepEd),001,Office of the Secretary,310400100003000,Operation of Schools - Junior High School (Grade 7 to Grade 10),0904148,Luis Aguado National High School,04,10101101,Specific Budgets of National Government Agencies,2,Maintenance and Other Operating Expenses,5020301000,Office Supplies Expenses,534.0,534000.0,7,1,0804002,Division of Cavite,Basic Education (DepEd)
3910096,2026,07,Department of Education (DepEd),001,Office of the Secretary,310400100003000,Operation of Schools - Junior High School (Grade 7 to Grade 10),0904148,Luis Aguado National High School,04,10101101,Specific Budgets of National Government Agencies,1,Personnel Services,5010299000,Other Bonuses and Allowances,430.0,430000.0,7,1,0804002,Division of Cavite,Basic Education (DepEd)
3910094,2026,07,Department of Education (DepEd),001,Office of the Secretary,310400100003000,Operation of Schools - Junior High School (Grade 7 to Grade 10),0904148,Luis Aguado National High School,04,10101101,Specific Budgets of National Government Agencies,1,Personnel Services,5010215000,Cash Gift,430.0,430000.0,7,1,0804002,Division of Cavite,Basic Education (DepEd)
3910116,2026,07,Department of Education (DepEd),001,Office of the Secretary,310400100003000,Operation of Schools - Junior High School (Grade 7 to Grade 10),0904148,Luis Aguado National High School,04,10101101,Specific Budgets of National Government Agencies,2,Maintenance and Other Operating Expenses,5021202000,Janitorial Services,400.0,400000.0,7,1,0804002,Division of Cavite,Basic Education (DepEd)
3910103,2026,07,Department of Education (DepEd),001,Office of the Secretary,310400100003000,Operation of Schools - Junior High School (Grade 7 to Grade 10),0904148,Luis Aguado National High School,04,10101101,Specific Budgets of National Government Agencies,2,Maintenance and Other Operating Expenses,5020201000,Training Expenses,280.0,280000.0,7,1,0804002,Division of Cavite,Basic Education (DepEd)
3910110,2026,07,Department of Education (DepEd),001,Office of the Secretary,310400100003000,Operation of Schools - Junior High School (Grade 7 to Grade 10),0904148,Luis Aguado National High School,04,10101101,Specific Budgets of National Government Agencies,2,Maintenance and Other Operating Expenses,5020399000,Other Supplies and Materials Expenses,269.0,269000.0,7,1,0804002,Division of Cavite,Basic Education (DepEd)
3910097,2026,07,Department of Education (DepEd),001,Office of the Secretary,310400100003000,Operation of Schools - Junior High School (Grade 7 to Grade 10),0904148,Luis Aguado National High School,04,10101101,Specific Budgets of National Government Agencies,1,Personnel Services,5010302000,Pag-IBIG Contributions ,206.0,206000.0,7,1,0804002,Division of Cavite,Basic Education (DepEd)
3910109,2026,07,Department of Education (DepEd),001,Office of the Secretary,310400100003000,Operation of Schools - Junior High School (Grade 7 to Grade 10),0904148,Luis Aguado National High School,04,10101101,Specific Budgets of National Government Agencies,2,Maintenance and Other Operating Expenses,5020322000,"Semi-Expendable Furniture, Fixtures and Books Expenses",149.0,149000.0,7,1,0804002,Division of Cavite,Basic Education (DepEd)
3910111,2026,07,Department of Education (DepEd),001,Office of the Secretary,310400100003000,Operation of Schools - Junior High School (Grade 7 to Grade 10),0904148,Luis Aguado National High School,04,10101101,Specific Budgets of National Government Agencies,2,Maintenance and Other Operating Expenses,5020401000,Water Expenses,114.0,114000.0,7,1,0804002,Division of Cavite,Basic Education (DepEd)
3910101,2026,07,Department of Education (DepEd),001,Office of the Secretary,310400100003000,Operation of Schools - Junior High School (Grade 7 to Grade 10),0904148,Luis Aguado National High School,04,10101101,Specific Budgets of National Government Agencies,2,Maintenance and Other Operating Expenses,5020101000,Traveling Expenses - Local,114.0,114000.0,7,1,0804002,Division of Cavite,Basic Education (DepEd)
3910107,2026,07,Department of Education (DepEd),001,Office of the Secretary,310400100003000,Operation of Schools - Junior High School (Grade 7 to Grade 10),0904148,Luis Aguado National High School,04,10101101,Specific Budgets of National Government Agencies,2,Maintenance and Other Operating Expenses,5020321000,Semi-Expendable Machinery and Equipment Expenses,107.0,107000.0,7,1,0804002,Division of Cavite,Basic Education (DepEd)
3910099,2026,07,Department of Education (DepEd),001,Office of the Secretary,310400100003000,Operation of Schools - Junior High School (Grade 7 to Grade 10),0904148,Luis Aguado National High School,04,10101101,Specific Budgets of National Government Agencies,1,Personnel Services,5010304000,Employees Compensation Insurance Premiums (ECIP),103.0,103000.0,7,1,0804002,Division of Cavite,Basic Education (DepEd)
3910115,2026,07,Department of Education (DepEd),001,Office of the Secretary,310400100003000,Operation of Schools - Junior High School (Grade 7 to Grade 10),0904148,Luis Aguado National High School,04,10101101,Specific Budgets of National Government Agencies,2,Maintenance and Other Operating Expenses,5020503000,Internet Subscription Expenses,100.0,100000.0,7,1,0804002,Division of Cavite,Basic Education (DepEd)
3910100,2026,07,Department of Education (DepEd),001,Office of the Secretary,310400100003000,Operation of Schools - Junior High School (Grade 7 to Grade 10),0904148,Luis Aguado National High School,04,10101101,Specific Budgets of National Government Agencies,1,Personnel Services,5010499000,Other Personnel Benefits,92.0,92000.0,7,1,0804002,Division of Cavite,Basic Education (DepEd)
3910118,2026,07,Department of Education (DepEd),001,Office of the Secretary,310400100003000,Operation of Schools - Junior High School (Grade 7 to Grade 10),0904148,Luis Aguado National High School,04,10101101,Specific Budgets of National Government Agencies,2,Maintenance and Other Operating Expenses,5021321000,Repairs and Maintenance - Semi-Expendable Machinery and Equipment,74.0,74000.0,7,1,0804002,Division of Cavite,Basic Education (DepEd)
3910104,2026,07,Department of Education (DepEd),001,Office of the Secretary,310400100003000,Operation of Schools - Junior High School (Grade 7 to Grade 10),0904148,Luis Aguado National High School,04,10101101,Specific Budgets of National Government Agencies,2,Maintenance and Other Operating Expenses,5020301000,Office Supplies Expenses,67.0,67000.0,7,1,0804002,Division of Cavite,Basic Education (DepEd)
3910108,2026,07,Department of Education (DepEd),001,Office of the Secretary,310400100003000,Operation of Schools - Junior High School (Grade 7 to Grade 10),0904148,Luis Aguado National High School,04,10101101,Specific Budgets of National Government Agencies,2,Maintenance and Other Operating Expenses,5020321000,Semi-Expendable Machinery and Equipment Expenses,40.0,40000.0,7,1,0804002,Division of Cavite,Basic Education (DepEd)
3910102,2026,07,Department of Education (DepEd),001,Office of the Secretary,310400100003000,Operation of Schools - Junior High School (Grade 7 to Grade 10),0904148,Luis Aguado National High School,04,10101101,Specific Budgets of National Government Agencies,2,Maintenance and Other Operating Expenses,5020201000,Training Expenses,40.0,40000.0,7,1,0804002,Division of Cavite,Basic Education (DepEd)
3910113,2026,07,Department of Education (DepEd),001,Office of the Secretary,310400100003000,Operation of Schools - Junior High School (Grade 7 to Grade 10),0904148,Luis Aguado National High School,04,10101101,Specific Budgets of National Government Agencies,2,Maintenance and Other Operating Expenses,5020502000,Telephone Expenses,25.0,25000.0,7,1,0804002,Division of Cavite,Basic Education (DepEd)
3910114,2026,07,Department of Education (DepEd),001,Office of the Secretary,310400100003000,Operation of Schools - Junior High School (Grade 7 to Grade 10),0904148,Luis Aguado National High School,04,10101101,Specific Budgets of National Government Agencies,2,Maintenance and Other Operating Expenses,5020502000,Telephone Expenses,25.0,25000.0,7,1,0804002,Division of Cavite,Basic Education (DepEd)
3910119,2026,07,Department of Education (DepEd),001,Office of the Secretary,310400100003000,Operation of Schools - Junior High School (Grade 7 to Grade 10),0904148,Luis Aguado National High School,04,10101101,Specific Budgets of National Government Agencies,2,Maintenance and Other Operating Expenses,5021502000,Fidelity Bond Premiums,9.0,9000.0,7,1,0804002,Division of Cavite,Basic Education (DepEd)
3910106,2026,07,Department of Education (DepEd),001,Office of the Secretary,310400100003000,Operation of Schools - Junior High School (Grade 7 to Grade 10),0904148,Luis Aguado National High School,04,10101101,Specific Budgets of National Government Agencies,2,Maintenance and Other Operating Expenses,5020302000,Accountable Forms Expenses,4.0,4000.0,7,1,0804002,Division of Cavite,Basic Education (DepEd)
4118765,2026,07,Department of Education (DepEd),001,Office of the Secretary,310400100004000,Operation of Schools - Senior High School (Grade 11 to Grade 12),0904148,Luis Aguado National High School,04,10101101,Specific Budgets of National Government Agencies,2,Maintenance and Other Operating Expenses,5020301000,Office Supplies Expenses,121.0,121000.0,7,1,0804002,Division of Cavite,Basic Education (DepEd)
4118764,2026,07,Department of Education (DepEd),001,Office of the Secretary,310400100004000,Operation of Schools - Senior High School (Grade 11 to Grade 12),0904148,Luis Aguado National High School,04,10101101,Specific Budgets of National Government Agencies,2,Maintenance and Other Operating Expenses,5020101000,Traveling Expenses - Local,60.0,60000.0,7,1,0804002,Division of Cavite,Basic Education (DepEd)
4118766,2026,07,Department of Education (DepEd),001,Office of the Secretary,310400100004000,Operation of Schools - Senior High School (Grade 11 to Grade 12),0904148,Luis Aguado National High School,04,10101101,Specific Budgets of National Government Agencies,2,Maintenance and Other Operating Expenses,5020399000,Other Supplies and Materials Expenses,59.0,59000.0,7,1,0804002,Division of Cavite,Basic Education (DepEd)
4118768,2026,07,Department of Education (DepEd),001,Office of the Secretary,310400100004000,Operation of Schools - Senior High School (Grade 11 to Grade 12),0904148,Luis Aguado National High School,04,10101101,Specific Budgets of National Government Agencies,2,Maintenance and Other Operating Expenses,5020402000,Electricity Expenses,36.0,36000.0,7,1,0804002,Division of Cavite,Basic Education (DepEd)
4118767,2026,07,Department of Education (DepEd),001,Office of the Secretary,310400100004000,Operation of Schools - Senior High School (Grade 11 to Grade 12),0904148,Luis Aguado National High School,04,10101101,Specific Budgets of National Government Agencies,2,Maintenance and Other Operating Expenses,5020401000,Water Expenses,24.0,24000.0,7,1,0804002,Division of Cavite,Basic Education (DepEd)
3910903,2026,07,Department of Education (DepEd),001,Office of the Secretary,310400100003000,Operation of Schools - Junior High School (Grade 7 to Grade 10),0904176,Trece Martires City National High School,04,10101101,Specific Budgets of National Government Agencies,1,Personnel Services,5010101000,Salaries and Wages - Regular,164337.0,164337000.0,7,1,0804002,Division of Cavite,Basic Education (DepEd)
3910933,2026,07,Department of Education (DepEd),001,Office of the Secretary,310400100003000,Operation of Schools - Junior High School (Grade 7 to Grade 10),0904176,Trece Martires City National High School,04,10401102,Retirement and Life Insurance Premiums,1,Personnel Services,5010301000,Retirement and Life Insurance Premiums,19720.0,19720000.0,7,1,0804002,Division of Cavite,Basic Education (DepEd)
3910908,2026,07,Department of Education (DepEd),001,Office of the Secretary,310400100003000,Operation of Schools - Junior High School (Grade 7 to Grade 10),0904176,Trece Martires City National High School,04,10101101,Specific Budgets of National Government Agencies,1,Personnel Services,5010214000,Year End Bonus,13695.0,13695000.0,7,1,0804002,Division of Cavite,Basic Education (DepEd)
3910910,2026,07,Department of Education (DepEd),001,Office of the Secretary,310400100003000,Operation of Schools - Junior High School (Grade 7 to Grade 10),0904176,Trece Martires City National High School,04,10101101,Specific Budgets of National Government Agencies,1,Personnel Services,5010216000,Mid-Year Bonus,13695.0,13695000.0,7,1,0804002,Division of Cavite,Basic Education (DepEd)
3910906,2026,07,Department of Education (DepEd),001,Office of the Secretary,310400100003000,Operation of Schools - Junior High School (Grade 7 to Grade 10),0904176,Trece Martires City National High School,04,10101101,Specific Budgets of National Government Agencies,1,Personnel Services,5010201000,Personal Economic Relief Allowance (PERA),9456.0,9456000.0,7,1,0804002,Division of Cavite,Basic Education (DepEd)
3910923,2026,07,Department of Education (DepEd),001,Office of the Secretary,310400100003000,Operation of Schools - Junior High School (Grade 7 to Grade 10),0904176,Trece Martires City National High School,04,10101101,Specific Budgets of National Government Agencies,2,Maintenance and Other Operating Expenses,5020399000,Other Supplies and Materials Expenses,5996.0,5996000.0,7,1,0804002,Division of Cavite,Basic Education (DepEd)
3910919,2026,07,Department of Education (DepEd),001,Office of the Secretary,310400100003000,Operation of Schools - Junior High School (Grade 7 to Grade 10),0904176,Trece Martires City National High School,04,10101101,Specific Budgets of National Government Agencies,2,Maintenance and Other Operating Expenses,5020301000,Office Supplies Expenses,5473.0,5473000.0,7,1,0804002,Division of Cavite,Basic Education (DepEd)
3910905,2026,07,Department of Education (DepEd),001,Office of the Secretary,310400100003000,Operation of Schools - Junior High School (Grade 7 to Grade 10),0904176,Trece Martires City National High School,04,10101101,Specific Budgets of National Government Agencies,1,Personnel Services,5010103000,Salaries and Wages - Substitute Teachers,4317.0,4317000.0,7,1,0804002,Division of Cavite,Basic Education (DepEd)
3910913,2026,07,Department of Education (DepEd),001,Office of the Secretary,310400100003000,Operation of Schools - Junior High School (Grade 7 to Grade 10),0904176,Trece Martires City National High School,04,10101101,Specific Budgets of National Government Agencies,1,Personnel Services,5010303000,PhilHealth Contributions,4108.0,4108000.0,7,1,0804002,Division of Cavite,Basic Education (DepEd)
3910907,2026,07,Department of Education (DepEd),001,Office of the Secretary,310400100003000,Operation of Schools - Junior High School (Grade 7 to Grade 10),0904176,Trece Martires City National High School,04,10101101,Specific Budgets of National Government Agencies,1,Personnel Services,5010204000,Clothing/Uniform Allowance,2758.0,2758000.0,7,1,0804002,Division of Cavite,Basic Education (DepEd)
3910925,2026,07,Department of Education (DepEd),001,Office of the Secretary,310400100003000,Operation of Schools - Junior High School (Grade 7 to Grade 10),0904176,Trece Martires City National High School,04,10101101,Specific Budgets of National Government Agencies,2,Maintenance and Other Operating Expenses,5020402000,Electricity Expenses,2714.0,2714000.0,7,1,0804002,Division of Cavite,Basic Education (DepEd)
3910909,2026,07,Department of Education (DepEd),001,Office of the Secretary,310400100003000,Operation of Schools - Junior High School (Grade 7 to Grade 10),0904176,Trece Martires City National High School,04,10101101,Specific Budgets of National Government Agencies,1,Personnel Services,5010215000,Cash Gift,1970.0,1970000.0,7,1,0804002,Division of Cavite,Basic Education (DepEd)
3910911,2026,07,Department of Education (DepEd),001,Office of the Secretary,310400100003000,Operation of Schools - Junior High School (Grade 7 to Grade 10),0904176,Trece Martires City National High School,04,10101101,Specific Budgets of National Government Agencies,1,Personnel Services,5010299000,Other Bonuses and Allowances,1970.0,1970000.0,7,1,0804002,Division of Cavite,Basic Education (DepEd)
3910904,2026,07,Department of Education (DepEd),001,Office of the Secretary,310400100003000,Operation of Schools - Junior High School (Grade 7 to Grade 10),0904176,Trece Martires City National High School,04,10101101,Specific Budgets of National Government Agencies,1,Personnel Services,5010102000,Salaries and Wages - Casual/Contractual,1737.0,1737000.0,7,1,0804002,Division of Cavite,Basic Education (DepEd)
3910920,2026,07,Department of Education (DepEd),001,Office of the Secretary,310400100003000,Operation of Schools - Junior High School (Grade 7 to Grade 10),0904176,Trece Martires City National High School,04,10101101,Specific Budgets of National Government Agencies,2,Maintenance and Other Operating Expenses,5020302000,Accountable Forms Expenses,1394.0,1394000.0,7,1,0804002,Division of Cavite,Basic Education (DepEd)
3910912,2026,07,Department of Education (DepEd),001,Office of the Secretary,310400100003000,Operation of Schools - Junior High School (Grade 7 to Grade 10),0904176,Trece Martires City National High School,04,10101101,Specific Budgets of National Government Agencies,1,Personnel Services,5010302000,Pag-IBIG Contributions ,946.0,946000.0,7,1,0804002,Division of Cavite,Basic Education (DepEd)
3910916,2026,07,Department of Education (DepEd),001,Office of the Secretary,310400100003000,Operation of Schools - Junior High School (Grade 7 to Grade 10),0904176,Trece Martires City National High School,04,10101101,Specific Budgets of National Government Agencies,2,Maintenance and Other Operating Expenses,5020101000,Traveling Expenses - Local,938.0,938000.0,7,1,0804002,Division of Cavite,Basic Education (DepEd)
3910929,2026,07,Department of Education (DepEd),001,Office of the Secretary,310400100003000,Operation of Schools - Junior High School (Grade 7 to Grade 10),0904176,Trece Martires City National High School,04,10101101,Specific Budgets of National Government Agencies,2,Maintenance and Other Operating Expenses,5021304000,Repairs and Maintenance - Buildings and Other Structures,822.0,822000.0,7,1,0804002,Division of Cavite,Basic Education (DepEd)
3910917,2026,07,Department of Education (DepEd),001,Office of the Secretary,310400100003000,Operation of Schools - Junior High School (Grade 7 to Grade 10),0904176,Trece Martires City National High School,04,10101101,Specific Budgets of National Government Agencies,2,Maintenance and Other Operating Expenses,5020201000,Training Expenses,687.0,687000.0,7,1,0804002,Division of Cavite,Basic Education (DepEd)
3910914,2026,07,Department of Education (DepEd),001,Office of the Secretary,310400100003000,Operation of Schools - Junior High School (Grade 7 to Grade 10),0904176,Trece Martires City National High School,04,10101101,Specific Budgets of National Government Agencies,1,Personnel Services,5010304000,Employees Compensation Insurance Premiums (ECIP),473.0,473000.0,7,1,0804002,Division of Cavite,Basic Education (DepEd)
3910915,2026,07,Department of Education (DepEd),001,Office of the Secretary,310400100003000,Operation of Schools - Junior High School (Grade 7 to Grade 10),0904176,Trece Martires City National High School,04,10101101,Specific Budgets of National Government Agencies,1,Personnel Services,5010499000,Other Personnel Benefits,411.0,411000.0,7,1,0804002,Division of Cavite,Basic Education (DepEd)
3910918,2026,07,Department of Education (DepEd),001,Office of the Secretary,310400100003000,Operation of Schools - Junior High School (Grade 7 to Grade 10),0904176,Trece Martires City National High School,04,10101101,Specific Budgets of National Government Agencies,2,Maintenance and Other Operating Expenses,5020201000,Training Expenses,321.0,321000.0,7,1,0804002,Division of Cavite,Basic Education (DepEd)
3910921,2026,07,Department of Education (DepEd),001,Office of the Secretary,310400100003000,Operation of Schools - Junior High School (Grade 7 to Grade 10),0904176,Trece Martires City National High School,04,10101101,Specific Budgets of National Government Agencies,2,Maintenance and Other Operating Expenses,5020308000,"Medical, Dental and Laboratory Supplies Expenses",271.0,271000.0,7,1,0804002,Division of Cavite,Basic Education (DepEd)
3910922,2026,07,Department of Education (DepEd),001,Office of the Secretary,310400100003000,Operation of Schools - Junior High School (Grade 7 to Grade 10),0904176,Trece Martires City National High School,04,10101101,Specific Budgets of National Government Agencies,2,Maintenance and Other Operating Expenses,5020309000,"Fuel, Oil and Lubricants Expenses",132.0,132000.0,7,1,0804002,Division of Cavite,Basic Education (DepEd)
3910926,2026,07,Department of Education (DepEd),001,Office of the Secretary,310400100003000,Operation of Schools - Junior High School (Grade 7 to Grade 10),0904176,Trece Martires City National High School,04,10101101,Specific Budgets of National Government Agencies,2,Maintenance and Other Operating Expenses,5020502000,Telephone Expenses,97.0,97000.0,7,1,0804002,Division of Cavite,Basic Education (DepEd)
3910927,2026,07,Department of Education (DepEd),001,Office of the Secretary,310400100003000,Operation of Schools - Junior High School (Grade 7 to Grade 10),0904176,Trece Martires City National High School,04,10101101,Specific Budgets of National Government Agencies,2,Maintenance and Other Operating Expenses,5020502000,Telephone Expenses,75.0,75000.0,7,1,0804002,Division of Cavite,Basic Education (DepEd)
3910928,2026,07,Department of Education (DepEd),001,Office of the Secretary,310400100003000,Operation of Schools - Junior High School (Grade 7 to Grade 10),0904176,Trece Martires City National High School,04,10101101,Specific Budgets of National Government Agencies,2,Maintenance and Other Operating Expenses,5020503000,Internet Subscription Expenses,70.0,70000.0,7,1,0804002,Division of Cavite,Basic Education (DepEd)
3910924,2026,07,Department of Education (DepEd),001,Office of the Secretary,310400100003000,Operation of Schools - Junior High School (Grade 7 to Grade 10),0904176,Trece Martires City National High School,04,10101101,Specific Budgets of National Government Agencies,2,Maintenance and Other Operating Expenses,5020401000,Water Expenses,55.0,55000.0,7,1,0804002,Division of Cavite,Basic Education (DepEd)
3910931,2026,07,Department of Education (DepEd),001,Office of the Secretary,310400100003000,Operation of Schools - Junior High School (Grade 7 to Grade 10),0904176,Trece Martires City National High School,04,10101101,Specific Budgets of National Government Agencies,2,Maintenance and Other Operating Expenses,5029903000,Representation Expenses,43.0,43000.0,7,1,0804002,Division of Cavite,Basic Education (DepEd)
3910932,2026,07,Department of Education (DepEd),001,Office of the Secretary,310400100003000,Operation of Schools - Junior High School (Grade 7 to Grade 10),0904176,Trece Martires City National High School,04,10101101,Specific Budgets of National Government Agencies,2,Maintenance and Other Operating Expenses,5029904000,Transportation and Delivery Expenses,37.0,37000.0,7,1,0804002,Division of Cavite,Basic Education (DepEd)
3910930,2026,07,Department of Education (DepEd),001,Office of the Secretary,310400100003000,Operation of Schools - Junior High School (Grade 7 to Grade 10),0904176,Trece Martires City National High School,04,10101101,Specific Budgets of National Government Agencies,2,Maintenance and Other Operating Expenses,5021502000,Fidelity Bond Premiums,10.0,10000.0,7,1,0804002,Division of Cavite,Basic Education (DepEd)
3910974,2026,07,Department of Education (DepEd),001,Office of the Secretary,310400100003000,Operation of Schools - Junior High School (Grade 7 to Grade 10),0904178,Trece Martires City National High School - Conchu Annex,04,10101101,Specific Budgets of National Government Agencies,2,Maintenance and Other Operating Expenses,5020399000,Other Supplies and Materials Expenses,893.0,893000.0,7,1,0804002,Division of Cavite,Basic Education (DepEd)
3910976,2026,07,Department of Education (DepEd),001,Office of the Secretary,310400100003000,Operation of Schools - Junior High School (Grade 7 to Grade 10),0904178,Trece Martires City National High School - Conchu Annex,04,10101101,Specific Budgets of National Government Agencies,2,Maintenance and Other Operating Expenses,5020402000,Electricity Expenses,174.0,174000.0,7,1,0804002,Division of Cavite,Basic Education (DepEd)
3910980,2026,07,Department of Education (DepEd),001,Office of the Secretary,310400100003000,Operation of Schools - Junior High School (Grade 7 to Grade 10),0904178,Trece Martires City National High School - Conchu Annex,04,10101101,Specific Budgets of National Government Agencies,2,Maintenance and Other Operating Expenses,5021202000,Janitorial Services,143.0,143000.0,7,1,0804002,Division of Cavite,Basic Education (DepEd)
3910967,2026,07,Department of Education (DepEd),001,Office of the Secretary,310400100003000,Operation of Schools - Junior High School (Grade 7 to Grade 10),0904178,Trece Martires City National High School - Conchu Annex,04,10101101,Specific Budgets of National Government Agencies,2,Maintenance and Other Operating Expenses,5020201000,Training Expenses,134.0,134000.0,7,1,0804002,Division of Cavite,Basic Education (DepEd)
3910981,2026,07,Department of Education (DepEd),001,Office of the Secretary,310400100003000,Operation of Schools - Junior High School (Grade 7 to Grade 10),0904178,Trece Martires City National High School - Conchu Annex,04,10101101,Specific Budgets of National Government Agencies,2,Maintenance and Other Operating Expenses,5021304000,Repairs and Maintenance - Buildings and Other Structures,134.0,134000.0,7,1,0804002,Division of Cavite,Basic Education (DepEd)
3910970,2026,07,Department of Education (DepEd),001,Office of the Secretary,310400100003000,Operation of Schools - Junior High School (Grade 7 to Grade 10),0904178,Trece Martires City National High School - Conchu Annex,04,10101101,Specific Budgets of National Government Agencies,2,Maintenance and Other Operating Expenses,5020321000,Semi-Expendable Machinery and Equipment Expenses,94.0,94000.0,7,1,0804002,Division of Cavite,Basic Education (DepEd)
3910971,2026,07,Department of Education (DepEd),001,Office of the Secretary,310400100003000,Operation of Schools - Junior High School (Grade 7 to Grade 10),0904178,Trece Martires City National High School - Conchu Annex,04,10101101,Specific Budgets of National Government Agencies,2,Maintenance and Other Operating Expenses,5020321000,Semi-Expendable Machinery and Equipment Expenses,94.0,94000.0,7,1,0804002,Division of Cavite,Basic Education (DepEd)
3910975,2026,07,Department of Education (DepEd),001,Office of the Secretary,310400100003000,Operation of Schools - Junior High School (Grade 7 to Grade 10),0904178,Trece Martires City National High School - Conchu Annex,04,10101101,Specific Budgets of National Government Agencies,2,Maintenance and Other Operating Expenses,5020401000,Water Expenses,79.0,79000.0,7,1,0804002,Division of Cavite,Basic Education (DepEd)
3910979,2026,07,Department of Education (DepEd),001,Office of the Secretary,310400100003000,Operation of Schools - Junior High School (Grade 7 to Grade 10),0904178,Trece Martires City National High School - Conchu Annex,04,10101101,Specific Budgets of National Government Agencies,2,Maintenance and Other Operating Expenses,5020503000,Internet Subscription Expenses,79.0,79000.0,7,1,0804002,Division of Cavite,Basic Education (DepEd)
3910966,2026,07,Department of Education (DepEd),001,Office of the Secretary,310400100003000,Operation of Schools - Junior High School (Grade 7 to Grade 10),0904178,Trece Martires City National High School - Conchu Annex,04,10101101,Specific Budgets of National Government Agencies,2,Maintenance and Other Operating Expenses,5020101000,Traveling Expenses - Local,67.0,67000.0,7,1,0804002,Division of Cavite,Basic Education (DepEd)
3910968,2026,07,Department of Education (DepEd),001,Office of the Secretary,310400100003000,Operation of Schools - Junior High School (Grade 7 to Grade 10),0904178,Trece Martires City National High School - Conchu Annex,04,10101101,Specific Budgets of National Government Agencies,2,Maintenance and Other Operating Expenses,5020301000,Office Supplies Expenses,52.0,52000.0,7,1,0804002,Division of Cavite,Basic Education (DepEd)
3910973,2026,07,Department of Education (DepEd),001,Office of the Secretary,310400100003000,Operation of Schools - Junior High School (Grade 7 to Grade 10),0904178,Trece Martires City National High School - Conchu Annex,04,10101101,Specific Budgets of National Government Agencies,2,Maintenance and Other Operating Expenses,5020322000,"Semi-Expendable Furniture, Fixtures and Books Expenses",40.0,40000.0,7,1,0804002,Division of Cavite,Basic Education (DepEd)
3910982,2026,07,Department of Education (DepEd),001,Office of the Secretary,310400100003000,Operation of Schools - Junior High School (Grade 7 to Grade 10),0904178,Trece Martires City National High School - Conchu Annex,04,10101101,Specific Budgets of National Government Agencies,2,Maintenance and Other Operating Expenses,5021502000,Fidelity Bond Premiums,30.0,30000.0,7,1,0804002,Division of Cavite,Basic Education (DepEd)
3910972,2026,07,Department of Education (DepEd),001,Office of the Secretary,310400100003000,Operation of Schools - Junior High School (Grade 7 to Grade 10),0904178,Trece Martires City National High School - Conchu Annex,04,10101101,Specific Budgets of National Government Agencies,2,Maintenance and Other Operating Expenses,5020321000,Semi-Expendable Machinery and Equipment Expenses,27.0,27000.0,7,1,0804002,Division of Cavite,Basic Education (DepEd)
3910977,2026,07,Department of Education (DepEd),001,Office of the Secretary,310400100003000,Operation of Schools - Junior High School (Grade 7 to Grade 10),0904178,Trece Martires City National High School - Conchu Annex,04,10101101,Specific Budgets of National Government Agencies,2,Maintenance and Other Operating Expenses,5020501000,Postage and Courier Services,27.0,27000.0,7,1,0804002,Division of Cavite,Basic Education (DepEd)
3910978,2026,07,Department of Education (DepEd),001,Office of the Secretary,310400100003000,Operation of Schools - Junior High School (Grade 7 to Grade 10),0904178,Trece Martires City National High School - Conchu Annex,04,10101101,Specific Budgets of National Government Agencies,2,Maintenance and Other Operating Expenses,5020502000,Telephone Expenses,21.0,21000.0,7,1,0804002,Division of Cavite,Basic Education (DepEd)
3910983,2026,07,Department of Education (DepEd),001,Office of the Secretary,310400100003000,Operation of Schools - Junior High School (Grade 7 to Grade 10),0904178,Trece Martires City National High School - Conchu Annex,04,10101101,Specific Budgets of National Government Agencies,2,Maintenance and Other Operating Expenses,5029902000,Printing and Publication Expenses,13.0,13000.0,7,1,0804002,Division of Cavite,Basic Education (DepEd)
3910969,2026,07,Department of Education (DepEd),001,Office of the Secretary,310400100003000,Operation of Schools - Junior High School (Grade 7 to Grade 10),0904178,Trece Martires City National High School - Conchu Annex,04,10101101,Specific Budgets of National Government Agencies,2,Maintenance and Other Operating Expenses,5020302000,Accountable Forms Expenses,5.0,5000.0,7,1,0804002,Division of Cavite,Basic Education (DepEd)
4123603,2026,07,Department of Education (DepEd),001,Office of the Secretary,310400100004000,Operation of Schools - Senior High School (Grade 11 to Grade 12),0904798,Trece Martires City Senior High School,04,10101101,Specific Budgets of National Government Agencies,2,Maintenance and Other Operating Expenses,5020301000,Office Supplies Expenses,1035.0,1035000.0,7,1,0804002,Division of Cavite,Basic Education (DepEd)
4123609,2026,07,Department of Education (DepEd),001,Office of the Secretary,310400100004000,Operation of Schools - Senior High School (Grade 11 to Grade 12),0904798,Trece Martires City Senior High School,04,10101101,Specific Budgets of National Government Agencies,2,Maintenance and Other Operating Expenses,5020399000,Other Supplies and Materials Expenses,870.0,870000.0,7,1,0804002,Division of Cavite,Basic Education (DepEd)
4123615,2026,07,Department of Education (DepEd),001,Office of the Secretary,310400100004000,Operation of Schools - Senior High School (Grade 11 to Grade 12),0904798,Trece Martires City Senior High School,04,10101101,Specific Budgets of National Government Agencies,2,Maintenance and Other Operating Expenses,5021304000,Repairs and Maintenance - Buildings and Other Structures,677.0,677000.0,7,1,0804002,Division of Cavite,Basic Education (DepEd)
4123602,2026,07,Department of Education (DepEd),001,Office of the Secretary,310400100004000,Operation of Schools - Senior High School (Grade 11 to Grade 12),0904798,Trece Martires City Senior High School,04,10101101,Specific Budgets of National Government Agencies,2,Maintenance and Other Operating Expenses,5020201000,Training Expenses,269.0,269000.0,7,1,0804002,Division of Cavite,Basic Education (DepEd)
4123607,2026,07,Department of Education (DepEd),001,Office of the Secretary,310400100004000,Operation of Schools - Senior High School (Grade 11 to Grade 12),0904798,Trece Martires City Senior High School,04,10101101,Specific Budgets of National Government Agencies,2,Maintenance and Other Operating Expenses,5020321000,Semi-Expendable Machinery and Equipment Expenses,258.0,258000.0,7,1,0804002,Division of Cavite,Basic Education (DepEd)
4123611,2026,07,Department of Education (DepEd),001,Office of the Secretary,310400100004000,Operation of Schools - Senior High School (Grade 11 to Grade 12),0904798,Trece Martires City Senior High School,04,10101101,Specific Budgets of National Government Agencies,2,Maintenance and Other Operating Expenses,5020402000,Electricity Expenses,258.0,258000.0,7,1,0804002,Division of Cavite,Basic Education (DepEd)
4123608,2026,07,Department of Education (DepEd),001,Office of the Secretary,310400100004000,Operation of Schools - Senior High School (Grade 11 to Grade 12),0904798,Trece Martires City Senior High School,04,10101101,Specific Budgets of National Government Agencies,2,Maintenance and Other Operating Expenses,5020321000,Semi-Expendable Machinery and Equipment Expenses,172.0,172000.0,7,1,0804002,Division of Cavite,Basic Education (DepEd)
4123606,2026,07,Department of Education (DepEd),001,Office of the Secretary,310400100004000,Operation of Schools - Senior High School (Grade 11 to Grade 12),0904798,Trece Martires City Senior High School,04,10101101,Specific Budgets of National Government Agencies,2,Maintenance and Other Operating Expenses,5020321000,Semi-Expendable Machinery and Equipment Expenses,85.0,85000.0,7,1,0804002,Division of Cavite,Basic Education (DepEd)
4123614,2026,07,Department of Education (DepEd),001,Office of the Secretary,310400100004000,Operation of Schools - Senior High School (Grade 11 to Grade 12),0904798,Trece Martires City Senior High School,04,10101101,Specific Budgets of National Government Agencies,2,Maintenance and Other Operating Expenses,5021202000,Janitorial Services,80.0,80000.0,7,1,0804002,Division of Cavite,Basic Education (DepEd)
4123613,2026,07,Department of Education (DepEd),001,Office of the Secretary,310400100004000,Operation of Schools - Senior High School (Grade 11 to Grade 12),0904798,Trece Martires City Senior High School,04,10101101,Specific Budgets of National Government Agencies,2,Maintenance and Other Operating Expenses,5020503000,Internet Subscription Expenses,76.0,76000.0,7,1,0804002,Division of Cavite,Basic Education (DepEd)
4123610,2026,07,Department of Education (DepEd),001,Office of the Secretary,310400100004000,Operation of Schools - Senior High School (Grade 11 to Grade 12),0904798,Trece Martires City Senior High School,04,10101101,Specific Budgets of National Government Agencies,2,Maintenance and Other Operating Expenses,5020401000,Water Expenses,36.0,36000.0,7,1,0804002,Division of Cavite,Basic Education (DepEd)
4123612,2026,07,Department of Education (DepEd),001,Office of the Secretary,310400100004000,Operation of Schools - Senior High School (Grade 11 to Grade 12),0904798,Trece Martires City Senior High School,04,10101101,Specific Budgets of National Government Agencies,2,Maintenance and Other Operating Expenses,5020502000,Telephone Expenses,32.0,32000.0,7,1,0804002,Division of Cavite,Basic Education (DepEd)
4123601,2026,07,Department of Education (DepEd),001,Office of the Secretary,310400100004000,Operation of Schools - Senior High School (Grade 11 to Grade 12),0904798,Trece Martires City Senior High School,04,10101101,Specific Budgets of National Government Agencies,2,Maintenance and Other Operating Expenses,5020101000,Traveling Expenses - Local,27.0,27000.0,7,1,0804002,Division of Cavite,Basic Education (DepEd)
4123605,2026,07,Department of Education (DepEd),001,Office of the Secretary,310400100004000,Operation of Schools - Senior High School (Grade 11 to Grade 12),0904798,Trece Martires City Senior High School,04,10101101,Specific Budgets of National Government Agencies,2,Maintenance and Other Operating Expenses,5020307000,Drugs and Medicines Expenses,21.0,21000.0,7,1,0804002,Division of Cavite,Basic Education (DepEd)
4123604,2026,07,Department of Education (DepEd),001,Office of the Secretary,310400100004000,Operation of Schools - Senior High School (Grade 11 to Grade 12),0904798,Trece Martires City Senior High School,04,10101101,Specific Budgets of National Government Agencies,2,Maintenance and Other Operating Expenses,5020302000,Accountable Forms Expenses,10.0,10000.0,7,1,0804002,Division of Cavite,Basic Education (DepEd)
4359295,2026,18,Department of Public Works and Highways (DPWH),001,Office of the Secretary,300215109411000,"Construction of Concrete Road, Brgy. Conchu, Sta 0 + 000 to 0 + 510, Trece Martires City, Cavite",1800061,Cavite District Engineering Office,04,10101101,Specific Budgets of National Government Agencies,6,Capital Outlays,5060403000,Infrastructure Outlay,9610.0,9610000.0,7,1,nan,nan,Roads & Bridges (DPWH)
4406241,2026,18,Department of Public Works and Highways (DPWH),001,Office of the Secretary,300226126210000,"Construction of Multi-Purpose Building (Barangay Hall), Barangay Cabuco, Trece Martires City, Cavite (120.845261°, 14.278139°)",1800061,Cavite District Engineering Office,04,10101101,Specific Budgets of National Government Agencies,6,Capital Outlays,5060404000,Building and Other Structures Outlay,5000.0,5000000.0,7,1,nan,nan,Community & Public Buildings (DPWH)
4406242,2026,18,Department of Public Works and Highways (DPWH),001,Office of the Secretary,300226126211000,"Construction of Multi-Purpose Building (Covered Court), Barangay Hugo Perez, Trece Martires City, Cavite (120.886487°, 14.295347°)",1800061,Cavite District Engineering Office,04,10101101,Specific Budgets of National Government Agencies,6,Capital Outlays,5060404000,Building and Other Structures Outlay,5000.0,5000000.0,7,1,nan,nan,Community & Public Buildings (DPWH)
4376132,2026,18,Department of Public Works and Highways (DPWH),001,Office of the Secretary,300221109920000,"Rehabilitation of Road, Barangay Cabuco, Sta 0 + 000 - Sta 0 + 510, Trece Martires City, Cavite  ",1800061,Cavite District Engineering Office,04,10101101,Specific Budgets of National Government Agencies,6,Capital Outlays,5060403000,Infrastructure Outlay,9610.0,9610000.0,7,1,nan,nan,Roads & Bridges (DPWH)
4376133,2026,18,Department of Public Works and Highways (DPWH),001,Office of the Secretary,300221109921000,"Rehabilitation of Road, Barangay Lapidario, Sta 0 + 000 - Sta 0 + 510, Trece Martires City, Cavite",1800061,Cavite District Engineering Office,04,10101101,Specific Budgets of National Government Agencies,6,Capital Outlays,5060403000,Infrastructure Outlay,9610.0,9610000.0,7,1,nan,nan,Roads & Bridges (DPWH)
4432731,2026,18,Department of Public Works and Highways (DPWH),001,Office of the Secretary,310110100759000,Tanza-Trece Martires City-Indang Rd - K0035 + 504.12 - K0036 + 141,1800061,Cavite District Engineering Office,04,10101101,Specific Budgets of National Government Agencies,6,Capital Outlays,5060403000,Infrastructure Outlay,15928.0,15928000.0,7,1,nan,nan,Infrastructure (DPWH)
4423154,2026,18,Department of Public Works and Highways (DPWH),001,Office of the Secretary,310104101015000,Tanza-Trece Martires City-Indang Rd - K0042 + 561 - K0042 + 898,1800061,Cavite District Engineering Office,04,10101101,Specific Budgets of National Government Agencies,6,Capital Outlays,5060403000,Infrastructure Outlay,7016.0,7016000.0,7,1,nan,nan,Infrastructure (DPWH)
4419506,2026,18,Department of Public Works and Highways (DPWH),001,Office of the Secretary,310102102759000,"Tanza-Trece Martires City-Indang Rd - K0049 + 000 - K0050 + 000, K0050 + 870 -K0051 + 607",1800061,Cavite District Engineering Office,04,10101101,Specific Budgets of National Government Agencies,6,Capital Outlays,5060403000,Infrastructure Outlay,38879.0,38879000.0,7,1,nan,nan,Infrastructure (DPWH)
4419336,2026,18,Department of Public Works and Highways (DPWH),001,Office of the Secretary,310102102589000,"Tanza-Trece Martires City-Indang Rd - K0053 + 231 - K0053 + 800, K0053 + 966 - K0054 + 665, K0057 + 875 - K0058 + 000",0100000,Central Office,13,10101101,Specific Budgets of National Government Agencies,6,Capital Outlays,5060403000,Infrastructure Outlay,53223.0,53223000.0,7,1,nan,nan,Infrastructure (DPWH)
4416562,2026,18,Department of Public Works and Highways (DPWH),001,Office of the Secretary,310101102000000,Tanza-Trece Martires City-Indang Rd. K0035 + 130 - K0036 + 380,0100000,Central Office,13,10101101,Specific Budgets of National Government Agencies,6,Capital Outlays,5060403000,Infrastructure Outlay,58218.0,58218000.0,7,1,nan,nan,Infrastructure (DPWH)
4453026,2026,18,Department of Public Works and Highways (DPWH),001,Office of the Secretary,310305100220000,Alang    -    Ilang Br. ( B03058LZ ) along Dasmariñas   -   Trece Martires City   -   Naic Rd,nan,nan,nan,nan,nan,nan,nan,nan,nan,0.0,0.0,7,1,nan,nan,Roads & Bridges (DPWH)
4449026,2026,18,Department of Public Works and Highways (DPWH),001,Office of the Secretary,310303100520000,Alulod Br. ( B02521LZ ) along Tanza   -   Trece Martires City   -   Indang Rd,nan,nan,nan,nan,nan,nan,nan,nan,nan,0.0,0.0,7,1,nan,nan,Roads & Bridges (DPWH)
4441271,2026,18,Department of Public Works and Highways (DPWH),001,Office of the Secretary,310204101315000,"Cabuco    -    Indang   -    Naic   -   Maragondon Diversion Road, Cavite",nan,nan,nan,nan,nan,nan,nan,nan,nan,0.0,0.0,7,1,nan,nan,Roads & Bridges (DPWH)
4441704,2026,18,Department of Public Works and Highways (DPWH),001,Office of the Secretary,310204101748000,"Cabuco   -   Indang Diversion Road (  Construction of Bridge 2  ) , Cavite",nan,nan,nan,nan,nan,nan,nan,nan,nan,0.0,0.0,7,1,nan,nan,Roads & Bridges (DPWH)
4441705,2026,18,Department of Public Works and Highways (DPWH),001,Office of the Secretary,310204101749000,"Cabuco   -   Indang Diversion Road, Phase II, Cavite",nan,nan,nan,nan,nan,nan,nan,nan,nan,0.0,0.0,7,1,nan,nan,Roads & Bridges (DPWH)
4442289,2026,18,Department of Public Works and Highways (DPWH),001,Office of the Secretary,310204102333000,"Cabuco  -  Indang  Diversion Road, Phase III, Trece Martires City, Cavite",nan,nan,nan,nan,nan,nan,nan,nan,nan,0.0,0.0,7,1,nan,nan,Roads & Bridges (DPWH)
4367212,2026,18,Department of Public Works and Highways (DPWH),001,Office of the Secretary,300221101000000,"Concreting of Road at Barangay Aguado, Trece Martires , Cavite",nan,nan,nan,nan,nan,nan,nan,nan,nan,0.0,0.0,7,1,nan,nan,Roads & Bridges (DPWH)
4367222,2026,18,Department of Public Works and Highways (DPWH),001,Office of the Secretary,300221101010000,"Concreting of Road at Barangay Aguado, Trece Martires, Cavite",nan,nan,nan,nan,nan,nan,nan,nan,nan,0.0,0.0,7,1,nan,nan,Roads & Bridges (DPWH)
4367213,2026,18,Department of Public Works and Highways (DPWH),001,Office of the Secretary,300221101001000,"Concreting of Road at Barangay Inocencio, Trece Martires , Cavite",nan,nan,nan,nan,nan,nan,nan,nan,nan,0.0,0.0,7,1,nan,nan,Roads & Bridges (DPWH)
4367223,2026,18,Department of Public Works and Highways (DPWH),001,Office of the Secretary,300221101011000,"Concreting of Road at Barangay Inocencio, Trece Martires, Cavite",nan,nan,nan,nan,nan,nan,nan,nan,nan,0.0,0.0,7,1,nan,nan,Roads & Bridges (DPWH)
4367214,2026,18,Department of Public Works and Highways (DPWH),001,Office of the Secretary,300221101002000,"Concreting of Road at Barangay Lallana, Trece Martires , Cavite",nan,nan,nan,nan,nan,nan,nan,nan,nan,0.0,0.0,7,1,nan,nan,Roads & Bridges (DPWH)
4367224,2026,18,Department of Public Works and Highways (DPWH),001,Office of the Secretary,300221101012000,"Concreting of Road at Barangay Lallana, Trece Martires, Cavite",nan,nan,nan,nan,nan,nan,nan,nan,nan,0.0,0.0,7,1,nan,nan,Roads & Bridges (DPWH)
4367215,2026,18,Department of Public Works and Highways (DPWH),001,Office of the Secretary,300221101003000,"Concreting of Road at Barangay Osorio, Trece Martires , Cavite",nan,nan,nan,nan,nan,nan,nan,nan,nan,0.0,0.0,7,1,nan,nan,Roads & Bridges (DPWH)
4367225,2026,18,Department of Public Works and Highways (DPWH),001,Office of the Secretary,300221101013000,"Concreting of Road at Barangay Osorio, Trece Martires, Cavite",nan,nan,nan,nan,nan,nan,nan,nan,nan,0.0,0.0,7,1,nan,nan,Roads & Bridges (DPWH)
4333502,2026,18,Department of Public Works and Highways (DPWH),001,Office of the Secretary,300117208941000,"Concreting of Road, Barangay Hugo Perez, Trece Martires, Cavite",nan,nan,nan,nan,nan,nan,nan,nan,nan,0.0,0.0,7,1,nan,nan,Roads & Bridges (DPWH)
4314651,2026,18,Department of Public Works and Highways (DPWH),001,Office of the Secretary,300105200922000,"Construction  ( Completion )  of Multi  -  Purpose Building of DPWH Cavite 1st DEO, Brgy. De Ocampo, Trece Martires City, Cavite",nan,nan,nan,nan,nan,nan,nan,nan,nan,0.0,0.0,7,1,nan,nan,Community & Public Buildings (DPWH)
4302356,2026,18,Department of Public Works and Highways (DPWH),001,Office of the Secretary,300104215200000,"Construction  /  Completion  /  Rehabilitation of DPWH Building Phase 2, Trece Martires City, Cavite",nan,nan,nan,nan,nan,nan,nan,nan,nan,0.0,0.0,7,1,nan,nan,Community & Public Buildings (DPWH)
4308592,2026,18,Department of Public Works and Highways (DPWH),001,Office of the Secretary,300104221436000,"Construction  /  Rehabilitation of City Hall Building, Trece Martires City, Cavite",nan,nan,nan,nan,nan,nan,nan,nan,nan,0.0,0.0,7,1,nan,nan,Community & Public Buildings (DPWH)
4308552,2026,18,Department of Public Works and Highways (DPWH),001,Office of the Secretary,300104221396000,"Construction  /  Rehabilitation of Multi   -   Purpose Building at Barangay Cabezas, Trece Martires City, Cavite",nan,nan,nan,nan,nan,nan,nan,nan,nan,0.0,0.0,7,1,nan,nan,Community & Public Buildings (DPWH)
4308558,2026,18,Department of Public Works and Highways (DPWH),001,Office of the Secretary,300104221402000,"Construction  /  Rehabilitation of Multi   -   Purpose Building at City Hall Compound at Barangay San Agustin, Trece Martires City, Cavite",nan,nan,nan,nan,nan,nan,nan,nan,nan,0.0,0.0,7,1,nan,nan,Community & Public Buildings (DPWH)
4308559,2026,18,Department of Public Works and Highways (DPWH),001,Office of the Secretary,300104221403000,"Construction  /  Rehabilitation of Multi   -   Purpose Building at Summerfield, Barangay Osorio, Trece Martires City, Cavite",nan,nan,nan,nan,nan,nan,nan,nan,nan,0.0,0.0,7,1,nan,nan,Community & Public Buildings (DPWH)
4308560,2026,18,Department of Public Works and Highways (DPWH),001,Office of the Secretary,300104221404000,"Construction  /  Rehabilitation of Multi   -   Purpose Building at Trece Medical Pavilion at Barangay Luciano, Trece Martires City, Cavite",nan,nan,nan,nan,nan,nan,nan,nan,nan,0.0,0.0,7,1,nan,nan,Community & Public Buildings (DPWH)
4314056,2026,18,Department of Public Works and Highways (DPWH),001,Office of the Secretary,300105200324000,"Construction ( Completion ) of  Multi   -    Purpose Building of DPWH Cavite 1st DEO, Brgy. De Ocampo, Trece Martires City, Cavite",nan,nan,nan,nan,nan,nan,nan,nan,nan,0.0,0.0,7,1,nan,nan,Community & Public Buildings (DPWH)
4282674,2026,18,Department of Public Works and Highways (DPWH),001,Office of the Secretary,300101200007000,"Construction of 4STY   -   20CL at Trece Martires City ES, Trece Martires, Cavite",nan,nan,nan,nan,nan,nan,nan,nan,nan,0.0,0.0,7,1,nan,nan,School Buildings & Education Infra (DPWH)
4289088,2026,18,Department of Public Works and Highways (DPWH),001,Office of the Secretary,300104201931000,"Construction of Covered Court at the Department of Education, Region IV   -   A, Division of Cavite Office, Trece Martires City, Cavite",nan,nan,nan,nan,nan,nan,nan,nan,nan,0.0,0.0,7,1,nan,nan,Community & Public Buildings (DPWH)
4289089,2026,18,Department of Public Works and Highways (DPWH),001,Office of the Secretary,300104201932000,"Construction of Covered Court, Brgy. De Ocampo, Trece Martires City, Cavite",nan,nan,nan,nan,nan,nan,nan,nan,nan,0.0,0.0,7,1,nan,nan,Community & Public Buildings (DPWH)
4289090,2026,18,Department of Public Works and Highways (DPWH),001,Office of the Secretary,300104201933000,"Construction of Covered Court, Brgy. Lapidario, Trece Martires City, Cavite",nan,nan,nan,nan,nan,nan,nan,nan,nan,0.0,0.0,7,1,nan,nan,Community & Public Buildings (DPWH)
4308561,2026,18,Department of Public Works and Highways (DPWH),001,Office of the Secretary,300104221405000,"Construction of DPWH Building Phase 3, Trece Martires City, Cavite",nan,nan,nan,nan,nan,nan,nan,nan,nan,0.0,0.0,7,1,nan,nan,Community & Public Buildings (DPWH)
4350035,2026,18,Department of Public Works and Highways (DPWH),001,Office of the Secretary,300215100151000,"Construction of De Ocampo   -  Gregorio Bridge, Trece Martires City, Cavite",nan,nan,nan,nan,nan,nan,nan,nan,nan,0.0,0.0,7,1,nan,nan,Roads & Bridges (DPWH)
4316559,2026,18,Department of Public Works and Highways (DPWH),001,Office of the Secretary,300107200127000,"Construction of Flood Control Project, Brgy. Cabuco, Trece Martires City, Cavite",nan,nan,nan,nan,nan,nan,nan,nan,nan,0.0,0.0,7,1,nan,nan,Flood Control & River Mitigation (DPWH)
4379753,2026,18,Department of Public Works and Highways (DPWH),001,Office of the Secretary,300225101980000,"Construction of Grouted Riprap at Barangay Hugo Perez  ( Phase 2 ) , Trece Martires, Cavite",nan,nan,nan,nan,nan,nan,nan,nan,nan,0.0,0.0,7,1,nan,nan,Infrastructure (DPWH)
4379756,2026,18,Department of Public Works and Highways (DPWH),001,Office of the Secretary,300225101983000,"Construction of Grouted Riprap at Barangay Hugo Perez, Trece Martires, Cavite",nan,nan,nan,nan,nan,nan,nan,nan,nan,0.0,0.0,7,1,nan,nan,Infrastructure (DPWH)
4322103,2026,18,Department of Public Works and Highways (DPWH),001,Office of the Secretary,300116202180000,"Construction of Indang    -    Cabuco    -    Naic Diversion Rd., Trece Martires City, Cavite",nan,nan,nan,nan,nan,nan,nan,nan,nan,0.0,0.0,7,1,nan,nan,Roads & Bridges (DPWH)
4295283,2026,18,Department of Public Works and Highways (DPWH),001,Office of the Secretary,300104208126000,"Construction of Multi   -   Purpose Building ( Covered Court  ) , Cavite Center for Mental Health, Trece Martires City, Cavite",nan,nan,nan,nan,nan,nan,nan,nan,nan,0.0,0.0,7,1,nan,nan,Community & Public Buildings (DPWH)
4295284,2026,18,Department of Public Works and Highways (DPWH),001,Office of the Secretary,300104208127000,"Construction of Multi   -   Purpose Building ( Covered Court  ) , Conchu Elementary School, Brgy. Conchu, Trece Martires City, Cavite",nan,nan,nan,nan,nan,nan,nan,nan,nan,0.0,0.0,7,1,nan,nan,School Buildings & Education Infra (DPWH)
4295291,2026,18,Department of Public Works and Highways (DPWH),001,Office of the Secretary,300104208134000,"Construction of Multi   -   Purpose Building ( Covered Court  ) , La Paz Subdivision, Brgy. Cabezas, Trece Martires City, Cavite",nan,nan,nan,nan,nan,nan,nan,nan,nan,0.0,0.0,7,1,nan,nan,Community & Public Buildings (DPWH)
4295296,2026,18,Department of Public Works and Highways (DPWH),001,Office of the Secretary,300104208139000,"Construction of Multi   -   Purpose Building ( Covered Court  ) , Osorio Elementary School, Brgy. Paradahan, Trece Martires City, Cavite",nan,nan,nan,nan,nan,nan,nan,nan,nan,0.0,0.0,7,1,nan,nan,School Buildings & Education Infra (DPWH)
4295302,2026,18,Department of Public Works and Highways (DPWH),001,Office of the Secretary,300104208145000,"Construction of Multi   -   Purpose Building ( Covered Court  ) , Sampaguita Pag   -   asa I, Brgy. Aguado, Trece Martires City, Cavite",nan,nan,nan,nan,nan,nan,nan,nan,nan,0.0,0.0,7,1,nan,nan,Community & Public Buildings (DPWH)
4295307,2026,18,Department of Public Works and Highways (DPWH),001,Office of the Secretary,300104208150000,"Construction of Multi   -   Purpose Building ( Covered Court  ) , Trece Martires City College, Brgy. Luciano, Trece Martires City, Cavite",nan,nan,nan,nan,nan,nan,nan,nan,nan,0.0,0.0,7,1,nan,nan,Community & Public Buildings (DPWH)
4295308,2026,18,Department of Public Works and Highways (DPWH),001,Office of the Secretary,300104208151000,"Construction of Multi   -   Purpose Building ( Covered Court  ) , Trece Matires City Senior High School, Brgy. San Agustin, Trece Martires City, Cavite",nan,nan,nan,nan,nan,nan,nan,nan,nan,0.0,0.0,7,1,nan,nan,School Buildings & Education Infra (DPWH)
4308564,2026,18,Department of Public Works and Highways (DPWH),001,Office of the Secretary,300104221408000,"Construction of Multi   -   Purpose Building ( Covered Court ) in Trece Martires City, Cavite",nan,nan,nan,nan,nan,nan,nan,nan,nan,0.0,0.0,7,1,nan,nan,Community & Public Buildings (DPWH)
4308567,2026,18,Department of Public Works and Highways (DPWH),001,Office of the Secretary,300104221411000,"Construction of Multi   -   Purpose Building ( PCP2 PNP Sub Station Base  ) , Barangay Hugo Perez, Trece Martires City, Cavite",nan,nan,nan,nan,nan,nan,nan,nan,nan,0.0,0.0,7,1,nan,nan,Community & Public Buildings (DPWH)
4308568,2026,18,Department of Public Works and Highways (DPWH),001,Office of the Secretary,300104221412000,"Construction of Multi   -   Purpose Building ( Trece Martires Memorial Park  ) , Barangay Aguado, Trece Martires City, Cavite",nan,nan,nan,nan,nan,nan,nan,nan,nan,0.0,0.0,7,1,nan,nan,Community & Public Buildings (DPWH)
4308576,2026,18,Department of Public Works and Highways (DPWH),001,Office of the Secretary,300104221420000,"Construction of Multi   -   Purpose Building, Barangay Inocencio, Trece Martirez City, Cavite",nan,nan,nan,nan,nan,nan,nan,nan,nan,0.0,0.0,7,1,nan,nan,Community & Public Buildings (DPWH)
4308580,2026,18,Department of Public Works and Highways (DPWH),001,Office of the Secretary,300104221424000,"Construction of Multi   -   Purpose Building, Barangay San Agustin, Trece Martires City, Cavite",nan,nan,nan,nan,nan,nan,nan,nan,nan,0.0,0.0,7,1,nan,nan,Community & Public Buildings (DPWH)
4308585,2026,18,Department of Public Works and Highways (DPWH),001,Office of the Secretary,300104221429000,"Construction of Multi   -   Purpose Building, City Hall Compound, Barangay San Agustin, Trece Martires City, Cavite",nan,nan,nan,nan,nan,nan,nan,nan,nan,0.0,0.0,7,1,nan,nan,Community & Public Buildings (DPWH)
4295327,2026,18,Department of Public Works and Highways (DPWH),001,Office of the Secretary,300104208170000,"Construction of Multi   -   Purpose Hall Luis Aguado National High School, Brgy. Aguado, Trece Martires City, Cavite",nan,nan,nan,nan,nan,nan,nan,nan,nan,0.0,0.0,7,1,nan,nan,School Buildings & Education Infra (DPWH)
4392820,2026,18,Department of Public Works and Highways (DPWH),001,Office of the Secretary,300226112789000,"Construction of Multi  -  Purpose Building  ( Multi  -  Purpose Hall – Cavite State University )  at Barangay Gregorio, Trece Martires, Cavite",nan,nan,nan,nan,nan,nan,nan,nan,nan,0.0,0.0,7,1,nan,nan,Community & Public Buildings (DPWH)
4392826,2026,18,Department of Public Works and Highways (DPWH),001,Office of the Secretary,300226112795000,"Construction of Multi  -  Purpose Building  ( Treceno Medical Pavilion Hospital Phase 2 )  at Trece Martires City, Cavite",nan,nan,nan,nan,nan,nan,nan,nan,nan,0.0,0.0,7,1,nan,nan,Community & Public Buildings (DPWH)
4392772,2026,18,Department of Public Works and Highways (DPWH),001,Office of the Secretary,300226112741000,"Construction of Multi  -  Purpose Building  ( Treceno Medical Pavillion Hospital Phase 2 ) , Trece Martires City, Cavite",nan,nan,nan,nan,nan,nan,nan,nan,nan,0.0,0.0,7,1,nan,nan,Community & Public Buildings (DPWH)
4381657,2026,18,Department of Public Works and Highways (DPWH),001,Office of the Secretary,300226101626000,"Construction of Multi  -  Purpose Building ( Covered Court ) at Barangay Gregorio, Trece Martires , Cavite",nan,nan,nan,nan,nan,nan,nan,nan,nan,0.0,0.0,7,1,nan,nan,Community & Public Buildings (DPWH)
4381658,2026,18,Department of Public Works and Highways (DPWH),001,Office of the Secretary,300226101627000,"Construction of Multi  -  Purpose Building ( Covered Court ) at Barangay Hugo Perez   -   Karla Villa Subdivision, Trece Martires , Cavite",nan,nan,nan,nan,nan,nan,nan,nan,nan,0.0,0.0,7,1,nan,nan,Community & Public Buildings (DPWH)
4381659,2026,18,Department of Public Works and Highways (DPWH),001,Office of the Secretary,300226101628000,"Construction of Multi  -  Purpose Building ( Covered Court ) at Barangay Luciano, Trece Martires , Cavite",nan,nan,nan,nan,nan,nan,nan,nan,nan,0.0,0.0,7,1,nan,nan,Community & Public Buildings (DPWH)
4381662,2026,18,Department of Public Works and Highways (DPWH),001,Office of the Secretary,300226101631000,"Construction of Multi  -  Purpose Building ( Covered Court ) at Command Center ( City Hall Extension ) at Barangay Conchu, Trece Martires , Cavite",nan,nan,nan,nan,nan,nan,nan,nan,nan,0.0,0.0,7,1,nan,nan,Community & Public Buildings (DPWH)
4381660,2026,18,Department of Public Works and Highways (DPWH),001,Office of the Secretary,300226101629000,"Construction of Multi  -  Purpose Building ( Covered Court ) at Luis Aguado National High School, Barangay Aguado, Trece Martires , Cavite",nan,nan,nan,nan,nan,nan,nan,nan,nan,0.0,0.0,7,1,nan,nan,School Buildings & Education Infra (DPWH)
4381663,2026,18,Department of Public Works and Highways (DPWH),001,Office of the Secretary,300226101632000,"Construction of Multi  -  Purpose Building ( Covered Court ) at PNP Compound, Barangay Osorio, Trece Martires , Cavite, Trece Martires , Cavite",nan,nan,nan,nan,nan,nan,nan,nan,nan,0.0,0.0,7,1,nan,nan,Community & Public Buildings (DPWH)
4381661,2026,18,Department of Public Works and Highways (DPWH),001,Office of the Secretary,300226101630000,"Construction of Multi  -  Purpose Building ( Covered Court ) at Trece Martires City National High School, Barangay Cabuco, Trece Martires , Cavite",nan,nan,nan,nan,nan,nan,nan,nan,nan,0.0,0.0,7,1,nan,nan,School Buildings & Education Infra (DPWH)
4386573,2026,18,Department of Public Works and Highways (DPWH),001,Office of the Secretary,300226106542000,"Construction of Multi  -  Purpose Building Barangay De Ocampo, Trece Martires City, Cavite",nan,nan,nan,nan,nan,nan,nan,nan,nan,0.0,0.0,7,1,nan,nan,Community & Public Buildings (DPWH)
4381708,2026,18,Department of Public Works and Highways (DPWH),001,Office of the Secretary,300226101677000,"Construction of Multi  -  Purpose Building at Barangay Gregorio, Trece Martires, Cavite",nan,nan,nan,nan,nan,nan,nan,nan,nan,0.0,0.0,7,1,nan,nan,Community & Public Buildings (DPWH)
4381709,2026,18,Department of Public Works and Highways (DPWH),001,Office of the Secretary,300226101678000,"Construction of Multi  -  Purpose Building at Barangay Hugo Perez ( Karla Villa Subdivision  ) , Trece Martires, Cavite",nan,nan,nan,nan,nan,nan,nan,nan,nan,0.0,0.0,7,1,nan,nan,Community & Public Buildings (DPWH)
4381667,2026,18,Department of Public Works and Highways (DPWH),001,Office of the Secretary,300226101636000,"Construction of Multi  -  Purpose Building at Barangay Sanja Mayor, Trece Tanza, Cavite",nan,nan,nan,nan,nan,nan,nan,nan,nan,0.0,0.0,7,1,nan,nan,Community & Public Buildings (DPWH)
4386572,2026,18,Department of Public Works and Highways (DPWH),001,Office of the Secretary,300226106541000,"Construction of Multi  -  Purpose Building, Barangay Hugo Perez, Trece Martires, Cavite",nan,nan,nan,nan,nan,nan,nan,nan,nan,0.0,0.0,7,1,nan,nan,Community & Public Buildings (DPWH)
4289127,2026,18,Department of Public Works and Highways (DPWH),001,Office of the Secretary,300104201970000,"Construction of Multipurpose Building, Sampaguita Subdivision, Brgy. Inocencion, Trece Martires City, Cavite",nan,nan,nan,nan,nan,nan,nan,nan,nan,0.0,0.0,7,1,nan,nan,Community & Public Buildings (DPWH)
4466384,2026,18,Department of Public Works and Highways (DPWH),001,Office of the Secretary,320101110836000,"Construction of Revetment along Cañas River, Barangay De Ocampo, Phase V, Trece Martires City, Cavite",nan,nan,nan,nan,nan,nan,nan,nan,nan,0.0,0.0,7,1,nan,nan,Flood Control & River Mitigation (DPWH)
4463633,2026,18,Department of Public Works and Highways (DPWH),001,Office of the Secretary,320101108085000,"Construction of Revetment along Cañas River, Brgy Luciano, Trece Martires City, Phase 3, Cavite",nan,nan,nan,nan,nan,nan,nan,nan,nan,0.0,0.0,7,1,nan,nan,Flood Control & River Mitigation (DPWH)
4458584,2026,18,Department of Public Works and Highways (DPWH),001,Office of the Secretary,320101102622000,"Construction of Revetment along Cañas River, Brgy. De Ocampo Section, Phase 2, Trece Martires City, Cavite",nan,nan,nan,nan,nan,nan,nan,nan,nan,0.0,0.0,7,1,nan,nan,Flood Control & River Mitigation (DPWH)
4463635,2026,18,Department of Public Works and Highways (DPWH),001,Office of the Secretary,320101108087000,"Construction of Revetment along Cañas River, Brgy. De Ocampo Section, Phase 4, Trece Martires City, Cavite",nan,nan,nan,nan,nan,nan,nan,nan,nan,0.0,0.0,7,1,nan,nan,Flood Control & River Mitigation (DPWH)
4459371,2026,18,Department of Public Works and Highways (DPWH),001,Office of the Secretary,320101103409000,"Construction of Revetment along Cañas River, Brgy. Luciano, Trece Martires City, Cavite",nan,nan,nan,nan,nan,nan,nan,nan,nan,0.0,0.0,7,1,nan,nan,Flood Control & River Mitigation (DPWH)
4460771,2026,18,Department of Public Works and Highways (DPWH),001,Office of the Secretary,320101104811000,"Construction of Revetment along Cañas River, Phase II, Brgy. Luciano, Trece Martires City, Cavite",nan,nan,nan,nan,nan,nan,nan,nan,nan,0.0,0.0,7,1,nan,nan,Flood Control & River Mitigation (DPWH)
4460772,2026,18,Department of Public Works and Highways (DPWH),001,Office of the Secretary,320101104812000,"Construction of Revetment along Cañas River, Phase III, Brgy. De Ocampo, Trece Martires City, Cavite",nan,nan,nan,nan,nan,nan,nan,nan,nan,0.0,0.0,7,1,nan,nan,Flood Control & River Mitigation (DPWH)
4457354,2026,18,Department of Public Works and Highways (DPWH),001,Office of the Secretary,320101101392000,"Construction of Revetment along Ilang   -   Ilang River, Brgy. De Ocampo Section, Trece Martices City, Cavite",nan,nan,nan,nan,nan,nan,nan,nan,nan,0.0,0.0,7,1,nan,nan,Flood Control & River Mitigation (DPWH)
4468448,2026,18,Department of Public Works and Highways (DPWH),001,Office of the Secretary,320101112900000,"Construction of Road Dike along Pasong Balite River, Cavite Government Center, Phase 2, Barangay San Agustin, Trece Martires City, Cavite",nan,nan,nan,nan,nan,nan,nan,nan,nan,0.0,0.0,7,1,nan,nan,Flood Control & River Mitigation (DPWH)
4468449,2026,18,Department of Public Works and Highways (DPWH),001,Office of the Secretary,320101112901000,"Construction of Road Dike along Pasong Balite River, Cavite Government Center, Phase 3, Barangay San Agustin, Trece Martires City, Cavite",nan,nan,nan,nan,nan,nan,nan,nan,nan,0.0,0.0,7,1,nan,nan,Flood Control & River Mitigation (DPWH)
4468450,2026,18,Department of Public Works and Highways (DPWH),001,Office of the Secretary,320101112902000,"Construction of Road Dike along Pasong Balite River, Cavite Government Center, Phase 4, Barangay San Agustin, Trece Martires City, Cavite",nan,nan,nan,nan,nan,nan,nan,nan,nan,0.0,0.0,7,1,nan,nan,Flood Control & River Mitigation (DPWH)
4463638,2026,18,Department of Public Works and Highways (DPWH),001,Office of the Secretary,320101108090000,"Construction of Road Dike along Timalan River, Brgy. Cabuco, Phase I, Trece Martires City, Cavite",nan,nan,nan,nan,nan,nan,nan,nan,nan,0.0,0.0,7,1,nan,nan,Flood Control & River Mitigation (DPWH)
4463639,2026,18,Department of Public Works and Highways (DPWH),001,Office of the Secretary,320101108091000,"Construction of Road Dike along Timalan River, Brgy. Cabuco, Phase II, Trece Martires City, Cavite",nan,nan,nan,nan,nan,nan,nan,nan,nan,0.0,0.0,7,1,nan,nan,Flood Control & River Mitigation (DPWH)
4463640,2026,18,Department of Public Works and Highways (DPWH),001,Office of the Secretary,320101108092000,"Construction of Road Dike along Timalan River, Brgy. Cabuco, Phase III, Trece Martires City, Cavite",nan,nan,nan,nan,nan,nan,nan,nan,nan,0.0,0.0,7,1,nan,nan,Flood Control & River Mitigation (DPWH)
4463643,2026,18,Department of Public Works and Highways (DPWH),001,Office of the Secretary,320101108095000,"Construction of Road Dike along Timalan River, Brgy. Cabuco, Phase IV, Trece Martires City, Cavite",nan,nan,nan,nan,nan,nan,nan,nan,nan,0.0,0.0,7,1,nan,nan,Flood Control & River Mitigation (DPWH)
4372016,2026,18,Department of Public Works and Highways (DPWH),001,Office of the Secretary,300221105804000,"Construction of Road at Barangay Aguado, Trece Martires, Cavite, Phase I",nan,nan,nan,nan,nan,nan,nan,nan,nan,0.0,0.0,7,1,nan,nan,Roads & Bridges (DPWH)
4372015,2026,18,Department of Public Works and Highways (DPWH),001,Office of the Secretary,300221105803000,"Construction of Road at Barangay Aguado, Trece Martires, Cavite, Phase II",nan,nan,nan,nan,nan,nan,nan,nan,nan,0.0,0.0,7,1,nan,nan,Roads & Bridges (DPWH)
4372017,2026,18,Department of Public Works and Highways (DPWH),001,Office of the Secretary,300221105805000,"Construction of Road at Barangay Conchu, Phase 1, Trece Martires, Cavite",nan,nan,nan,nan,nan,nan,nan,nan,nan,0.0,0.0,7,1,nan,nan,Roads & Bridges (DPWH)
4372018,2026,18,Department of Public Works and Highways (DPWH),001,Office of the Secretary,300221105806000,"Construction of Road at Barangay Conchu, Phase 2, Trece Martires, Cavite",nan,nan,nan,nan,nan,nan,nan,nan,nan,0.0,0.0,7,1,nan,nan,Roads & Bridges (DPWH)
4372019,2026,18,Department of Public Works and Highways (DPWH),001,Office of the Secretary,300221105807000,"Construction of Road at Barangay Inocencio, Trece Martires, Cavite",nan,nan,nan,nan,nan,nan,nan,nan,nan,0.0,0.0,7,1,nan,nan,Roads & Bridges (DPWH)
4372020,2026,18,Department of Public Works and Highways (DPWH),001,Office of the Secretary,300221105808000,"Construction of Road at Barangay Lallana, Phase 1, Trece Martires, Cavite",nan,nan,nan,nan,nan,nan,nan,nan,nan,0.0,0.0,7,1,nan,nan,Roads & Bridges (DPWH)
4372021,2026,18,Department of Public Works and Highways (DPWH),001,Office of the Secretary,300221105809000,"Construction of Road at Barangay Lallana, Phase 2, Trece Martires, Cavite",nan,nan,nan,nan,nan,nan,nan,nan,nan,0.0,0.0,7,1,nan,nan,Roads & Bridges (DPWH)
4372023,2026,18,Department of Public Works and Highways (DPWH),001,Office of the Secretary,300221105811000,"Construction of Road at Barangay Osorio, Phase 1, Trece Martires, Cavite",nan,nan,nan,nan,nan,nan,nan,nan,nan,0.0,0.0,7,1,nan,nan,Roads & Bridges (DPWH)
4372024,2026,18,Department of Public Works and Highways (DPWH),001,Office of the Secretary,300221105812000,"Construction of Road at Barangay Osorio, Phase 2, Trece Martires, Cavite",nan,nan,nan,nan,nan,nan,nan,nan,nan,0.0,0.0,7,1,nan,nan,Roads & Bridges (DPWH)
4367226,2026,18,Department of Public Works and Highways (DPWH),001,Office of the Secretary,300221101014000,"Construction of Road from Brgy Buenavista General Trias to Brgy Osorio, Trece Martires City, Cavite",nan,nan,nan,nan,nan,nan,nan,nan,nan,0.0,0.0,7,1,nan,nan,Roads & Bridges (DPWH)
4354526,2026,18,Department of Public Works and Highways (DPWH),001,Office of the Secretary,300215104642000,"Construction of Road, Barangay Aguado, Trece Martires, Cavite",nan,nan,nan,nan,nan,nan,nan,nan,nan,0.0,0.0,7,1,nan,nan,Roads & Bridges (DPWH)
4354527,2026,18,Department of Public Works and Highways (DPWH),001,Office of the Secretary,300215104643000,"Construction of Road, Barangay Conchu, Trece Martires, Cavite",nan,nan,nan,nan,nan,nan,nan,nan,nan,0.0,0.0,7,1,nan,nan,Roads & Bridges (DPWH)
4354528,2026,18,Department of Public Works and Highways (DPWH),001,Office of the Secretary,300215104644000,"Construction of Road, Barangay Inocencio, Trece Martires, Cavite",nan,nan,nan,nan,nan,nan,nan,nan,nan,0.0,0.0,7,1,nan,nan,Roads & Bridges (DPWH)
4354529,2026,18,Department of Public Works and Highways (DPWH),001,Office of the Secretary,300215104645000,"Construction of Road, Barangay Lallana, Trece Martires, Cavite",nan,nan,nan,nan,nan,nan,nan,nan,nan,0.0,0.0,7,1,nan,nan,Roads & Bridges (DPWH)
4354530,2026,18,Department of Public Works and Highways (DPWH),001,Office of the Secretary,300215104646000,"Construction of Road, Barangay Osorio, Trece Martires, Cavite",nan,nan,nan,nan,nan,nan,nan,nan,nan,0.0,0.0,7,1,nan,nan,Roads & Bridges (DPWH)
4351331,2026,18,Department of Public Works and Highways (DPWH),001,Office of the Secretary,300215101447000,"Construction of Tanza Trece Martirez  -   Indang Road, Tanza, Cavite",nan,nan,nan,nan,nan,nan,nan,nan,nan,0.0,0.0,7,1,nan,nan,Roads & Bridges (DPWH)
4416863,2026,18,Department of Public Works and Highways (DPWH),001,Office of the Secretary,310102100114000,DasmariDasmariñas   -   Trece Martires City   -   Naic Rd    -    K0051 + 000    -    K0051 + 602,nan,nan,nan,nan,nan,nan,nan,nan,nan,0.0,0.0,7,1,nan,nan,Infrastructure (DPWH)
4445563,2026,18,Department of Public Works and Highways (DPWH),001,Office of the Secretary,310207100062000,"Dasmariñas   -   Trece Martires City   -   Naic Rd    -    K0038 + (    -   727.10 )    -    K0038 + (    -   329 ), K0043 + 000    -    K0043 + 740",nan,nan,nan,nan,nan,nan,nan,nan,nan,0.0,0.0,7,1,nan,nan,Infrastructure (DPWH)
4434973,2026,18,Department of Public Works and Highways (DPWH),001,Office of the Secretary,310201100389000,Dasmariñas   -   Trece Martires City   -   Naic Rd    -    K0038 + 737    -    K0039 + 000,nan,nan,nan,nan,nan,nan,nan,nan,nan,0.0,0.0,7,1,nan,nan,Infrastructure (DPWH)
4414634,2026,18,Department of Public Works and Highways (DPWH),001,Office of the Secretary,310101100072000,"Dasmariñas   -   Trece Martires City   -   Naic Rd    -    K0039 + 140    -    K0039 + 547, K0045 +    -   570    -    K0045 + 061",nan,nan,nan,nan,nan,nan,nan,nan,nan,0.0,0.0,7,1,nan,nan,Infrastructure (DPWH)
4416777,2026,18,Department of Public Works and Highways (DPWH),001,Office of the Secretary,310102100028000,"Dasmariñas   -   Trece Martires City   -   Naic Rd    -    K0044 + (    -   376 )    -    K0045 + 000 , K0046 + 090    -    K0047 + 000 , K0047 + 600    -    K0051 + 602",nan,nan,nan,nan,nan,nan,nan,nan,nan,0.0,0.0,7,1,nan,nan,Infrastructure (DPWH)
4436779,2026,18,Department of Public Works and Highways (DPWH),001,Office of the Secretary,310202100274000,Dasmariñas   -   Trece Martires City   -   Naic Rd    -    K0047 + 575    -    K0049 + 650,nan,nan,nan,nan,nan,nan,nan,nan,nan,0.0,0.0,7,1,nan,nan,Infrastructure (DPWH)
4348764,2026,18,Department of Public Works and Highways (DPWH),001,Office of the Secretary,300214101490000,Installation of Solar Street Light along Tanza-Trece Martires City-Indang Rd - K0035 +  ( -302 )  - K0042 + 353,nan,nan,nan,nan,nan,nan,nan,nan,nan,0.0,0.0,7,1,nan,nan,Infrastructure (DPWH)
4453434,2026,18,Department of Public Works and Highways (DPWH),001,Office of the Secretary,310305100628000,Langkaan Br. 1 ( B03055LZ ) along Dasmariñas   -   Trece Martires City   -   Naic Rd,nan,nan,nan,nan,nan,nan,nan,nan,nan,0.0,0.0,7,1,nan,nan,Roads & Bridges (DPWH)
4347324,2026,18,Department of Public Works and Highways (DPWH),001,Office of the Secretary,300214100050000,"Preventive Maintenance ( Asphalt Overlay ) with shoulder along Tanza  -  Trece Martires City  -  Indang Rd   -   K0036 + 683   -   K0037 + 755, K0042 + 304   -   K0042 + 898, K0045 + 000   -   K0045 + 594",nan,nan,nan,nan,nan,nan,nan,nan,nan,0.0,0.0,7,1,nan,nan,Infrastructure (DPWH)
4295328,2026,18,Department of Public Works and Highways (DPWH),001,Office of the Secretary,300104208171000,"Reconstruction of Multi   -   Purpose Building ( Training Center  ) , TESDA, Trece Martires City, Cavite",nan,nan,nan,nan,nan,nan,nan,nan,nan,0.0,0.0,7,1,nan,nan,Community & Public Buildings (DPWH)
4281327,2026,18,Department of Public Works and Highways (DPWH),001,Office of the Secretary,200000100220000,Regionwide  /  Nationwide    -    Roads and Bridges    -    Conduct of Feasibility Studies  /  Preliminary and Detailed Engineering  /  Economic Analysis  /  Technical Studies  /  Traffic Impact Assessment    -    Region IV   -   A    -    Manila   -   Cavite Diversion Road and Sahod   -   Ulan    -    Tres Cruses    -    Trece Martires City Road,nan,nan,nan,nan,nan,nan,nan,nan,nan,0.0,0.0,7,1,nan,nan,Roads & Bridges (DPWH)
4322153,2026,18,Department of Public Works and Highways (DPWH),001,Office of the Secretary,300116202230000,"Rehabilitation of Conchu Rd., Trece Station, Phase 1, Sta 0 + 000    -    Sta, Amadeo, Cavite",nan,nan,nan,nan,nan,nan,nan,nan,nan,0.0,0.0,7,1,nan,nan,Infrastructure (DPWH)
4322154,2026,18,Department of Public Works and Highways (DPWH),001,Office of the Secretary,300116202231000,"Rehabilitation of Conchu Rd., Trece Station, Phase 2, Sta 2 + 400    -    Sta 4 + 800, Amadeo, Cavite",nan,nan,nan,nan,nan,nan,nan,nan,nan,0.0,0.0,7,1,nan,nan,Infrastructure (DPWH)
4289135,2026,18,Department of Public Works and Highways (DPWH),001,Office of the Secretary,300104201978000,"Rehabilitation of Covered Court, La Paz Subdivision, Brgy. Cabezas, Trece Martires City, Cavite",nan,nan,nan,nan,nan,nan,nan,nan,nan,0.0,0.0,7,1,nan,nan,Community & Public Buildings (DPWH)
4295332,2026,18,Department of Public Works and Highways (DPWH),001,Office of the Secretary,300104208175000,"Rehabilitation of Multi   -   Purpose Building ( Barangay Hall  ) , Barangay Conchu, Trece Martires City, Cavite",nan,nan,nan,nan,nan,nan,nan,nan,nan,0.0,0.0,7,1,nan,nan,Community & Public Buildings (DPWH)
4295341,2026,18,Department of Public Works and Highways (DPWH),001,Office of the Secretary,300104208184000,"Rehabilitation of Multi   -   Purpose Building ( Covered Court  ) , Barangay La Ilana, Trece Martires City, Cavite",nan,nan,nan,nan,nan,nan,nan,nan,nan,0.0,0.0,7,1,nan,nan,Community & Public Buildings (DPWH)
4295345,2026,18,Department of Public Works and Highways (DPWH),001,Office of the Secretary,300104208188000,"Rehabilitation of Multi   -   Purpose Building ( Fences    -    Trece Martines NHS, Hugo Perez, Annex  ) , Barangay Hugo Perez, Trece Martires City, Cavite",nan,nan,nan,nan,nan,nan,nan,nan,nan,0.0,0.0,7,1,nan,nan,Community & Public Buildings (DPWH)
4302412,2026,18,Department of Public Works and Highways (DPWH),001,Office of the Secretary,300104215256000,"Rehabilitation of Multi   -   Purpose Building, Governor's Drive, Brgy. San Agustin, Trece Martires City, Cavite",nan,nan,nan,nan,nan,nan,nan,nan,nan,0.0,0.0,7,1,nan,nan,Community & Public Buildings (DPWH)
4330939,2026,18,Department of Public Works and Highways (DPWH),001,Office of the Secretary,300117206378000,"Rehabilitation of Road, Brgy. Hugo Perez, Trece Martires, Cavite",nan,nan,nan,nan,nan,nan,nan,nan,nan,0.0,0.0,7,1,nan,nan,Roads & Bridges (DPWH)
4357027,2026,18,Department of Public Works and Highways (DPWH),001,Office of the Secretary,300215107143000,"Rehabilitation of Road, Phase 2, Barangay Inocencio, Trece Martires, Cavite",nan,nan,nan,nan,nan,nan,nan,nan,nan,0.0,0.0,7,1,nan,nan,Roads & Bridges (DPWH)
4330947,2026,18,Department of Public Works and Highways (DPWH),001,Office of the Secretary,300117206386000,"Rehabilitation of San Agustin   -   Luciano By   -   Pass Road, Brgy. San Agustin, Trece Martires City, Cavite",nan,nan,nan,nan,nan,nan,nan,nan,nan,0.0,0.0,7,1,nan,nan,Roads & Bridges (DPWH)
4282996,2026,18,Department of Public Works and Highways (DPWH),001,Office of the Secretary,300102200270000,"Rehabilitation of School Building ( Balcony Grills    -    Luciano ES  ) , Barangay Luciano, Trece Martires City, Cavite",nan,nan,nan,nan,nan,nan,nan,nan,nan,0.0,0.0,7,1,nan,nan,School Buildings & Education Infra (DPWH)
4330950,2026,18,Department of Public Works and Highways (DPWH),001,Office of the Secretary,300117206389000,"Rehabilitation of Trece   -   Amadeo Road, Brgy. Conchu, Trece Martires City, Cavite",nan,nan,nan,nan,nan,nan,nan,nan,nan,0.0,0.0,7,1,nan,nan,Roads & Bridges (DPWH)
4330938,2026,18,Department of Public Works and Highways (DPWH),001,Office of the Secretary,300117206377000,"Rehabilitation of Trece   -   Amadeo Road, Brgy. Conchu, Trece Martires, Cavite",nan,nan,nan,nan,nan,nan,nan,nan,nan,0.0,0.0,7,1,nan,nan,Roads & Bridges (DPWH)
4282818,2026,18,Department of Public Works and Highways (DPWH),001,Office of the Secretary,300102200092000,"Renovation  /  Rehabilitation of San Agustin Elementary School, Trece Martires City, Cavite",nan,nan,nan,nan,nan,nan,nan,nan,nan,0.0,0.0,7,1,nan,nan,School Buildings & Education Infra (DPWH)
4347007,2026,18,Department of Public Works and Highways (DPWH),001,Office of the Secretary,300211100109000,"Repair  /  Rehabilitation along Juanito R. Remulla Sr Road ( S06090LZ ) K0045 + 061    -    K0045 +  647, K0045 + 669   -   K0046 + 047, Trece Martires City",nan,nan,nan,nan,nan,nan,nan,nan,nan,0.0,0.0,7,1,nan,nan,Roads & Bridges (DPWH)
4347010,2026,18,Department of Public Works and Highways (DPWH),001,Office of the Secretary,300211100112000,"Repair  /  Rehabilitation along Tanza    -    Trece Martires City    -    Indang Road ( S06096LZ ) K0036 + 683   -   K0037 + 883, Tanza, Cavite",nan,nan,nan,nan,nan,nan,nan,nan,nan,0.0,0.0,7,1,nan,nan,Roads & Bridges (DPWH)
4347011,2026,18,Department of Public Works and Highways (DPWH),001,Office of the Secretary,300211100113000,"Repair  /  Rehabilitation along Tanza    -    Trece Martires City    -    Indang Road ( S06097LZ ) K0048 +  (    -   641 )    -    K0049 + 472, Trece Matrires City",nan,nan,nan,nan,nan,nan,nan,nan,nan,0.0,0.0,7,1,nan,nan,Roads & Bridges (DPWH)
4328148,2026,18,Department of Public Works and Highways (DPWH),001,Office of the Secretary,300117203586000,"Road Concreting, Brgy. Aguado, Trece Martires City, Cavite",nan,nan,nan,nan,nan,nan,nan,nan,nan,0.0,0.0,7,1,nan,nan,Roads & Bridges (DPWH)
4321692,2026,18,Department of Public Works and Highways (DPWH),001,Office of the Secretary,300116201769000,"Road Widening  /  Concreting of Tanza, Trece Martirez City Road, Tanza, Cavite",nan,nan,nan,nan,nan,nan,nan,nan,nan,0.0,0.0,7,1,nan,nan,Roads & Bridges (DPWH)
4455239,2026,18,Department of Public Works and Highways (DPWH),001,Office of the Secretary,310305102443000,Saluysoy Br. (B02522LZ) along Tanza-Trece Martires City-Indang Rd,nan,nan,nan,nan,nan,nan,nan,nan,nan,0.0,0.0,7,1,nan,nan,Roads & Bridges (DPWH)
4434974,2026,18,Department of Public Works and Highways (DPWH),001,Office of the Secretary,310201100390000,Tanza   -   Trece Martires City   -   Indang Rd    -     K0035 + (    -   171 )    -    K0035 + 675,nan,nan,nan,nan,nan,nan,nan,nan,nan,0.0,0.0,7,1,nan,nan,Infrastructure (DPWH)
4414597,2026,18,Department of Public Works and Highways (DPWH),001,Office of the Secretary,310101100035000,"Tanza   -   Trece Martires City   -   Indang Rd    -    K0035 +    -    302    -    K0035 + 087, K0042 + 898    -    K0045 + 000, K0045 + 594    -    K0047 + 148",nan,nan,nan,nan,nan,nan,nan,nan,nan,0.0,0.0,7,1,nan,nan,Infrastructure (DPWH)
4435139,2026,18,Department of Public Works and Highways (DPWH),001,Office of the Secretary,310201100556000,Tanza   -   Trece Martires City   -   Indang Rd    -    K0035 + 640    -    K0036 + 197,nan,nan,nan,nan,nan,nan,nan,nan,nan,0.0,0.0,7,1,nan,nan,Infrastructure (DPWH)
4434798,2026,18,Department of Public Works and Highways (DPWH),001,Office of the Secretary,310201100214000,"Tanza   -   Trece Martires City   -   Indang Rd    -    K0036 + 145    -    K0039 + 691, K0039 + 700    -    K0040 + 416",nan,nan,nan,nan,nan,nan,nan,nan,nan,0.0,0.0,7,1,nan,nan,Infrastructure (DPWH)
4435338,2026,18,Department of Public Works and Highways (DPWH),001,Office of the Secretary,310201100755000,Tanza   -   Trece Martires City   -   Indang Rd    -    K0036 + 197    -    K0037 + 251,nan,nan,nan,nan,nan,nan,nan,nan,nan,0.0,0.0,7,1,nan,nan,Infrastructure (DPWH)
4415016,2026,18,Department of Public Works and Highways (DPWH),001,Office of the Secretary,310101100454000,Tanza   -   Trece Martires City   -   Indang Rd    -    K0045 + 000    -    K0045 + 223,nan,nan,nan,nan,nan,nan,nan,nan,nan,0.0,0.0,7,1,nan,nan,Infrastructure (DPWH)
4432980,2026,18,Department of Public Works and Highways (DPWH),001,Office of the Secretary,310111100191000,Tanza   -   Trece Martires City   -   Indang Rd    -    K0048 + (    -   398 )    -    K0049 + 472,nan,nan,nan,nan,nan,nan,nan,nan,nan,0.0,0.0,7,1,nan,nan,Infrastructure (DPWH)
4434799,2026,18,Department of Public Works and Highways (DPWH),001,Office of the Secretary,310201100215000,Tanza   -   Trece Martires City   -   Indang Rd    -    K0049 + 472    -    K0051 + 622,nan,nan,nan,nan,nan,nan,nan,nan,nan,0.0,0.0,7,1,nan,nan,Infrastructure (DPWH)
4446011,2026,18,Department of Public Works and Highways (DPWH),001,Office of the Secretary,310208100079000,Tanza   -   Trece Martires City   -   Indang Rd    -    K0052 + (    -   280 )    -    K0052 + 148,nan,nan,nan,nan,nan,nan,nan,nan,nan,0.0,0.0,7,1,nan,nan,Infrastructure (DPWH)
4436701,2026,18,Department of Public Works and Highways (DPWH),001,Office of the Secretary,310202100196000,Tanza   -   Trece Martires City   -   Indang Rd    -    K0057 + 560    -    K0059 + 137,nan,nan,nan,nan,nan,nan,nan,nan,nan,0.0,0.0,7,1,nan,nan,Infrastructure (DPWH)
4423912,2026,18,Department of Public Works and Highways (DPWH),001,Office of the Secretary,310105100689000,Tanza  -  Trece Martires City  -  Indang Rd   -   K0051 + 000   -   K0053 + 462,nan,nan,nan,nan,nan,nan,nan,nan,nan,0.0,0.0,7,1,nan,nan,Infrastructure (DPWH)
4432482,2026,18,Department of Public Works and Highways (DPWH),001,Office of the Secretary,310110100510000,Tanza  -  Trece Martires City  -  Indang Rd  -  K0035 +  (   -  302 )   -  K0035 +  (   -  009 ) ,nan,nan,nan,nan,nan,nan,nan,nan,nan,0.0,0.0,7,1,nan,nan,Infrastructure (DPWH)
4445857,2026,18,Department of Public Works and Highways (DPWH),001,Office of the Secretary,310207100356000,"Tanza  -  Trece Martires City  -  Indang Rd  -  K0035 + 000  -  K0035 + 060, K0035 + 161  -  K0035 + 461, K0035 + 542  -  K0035 + 652, K0036 + 082  -  K0036 + 197, K0036 + 494  -  K0036 + 683, K0037 + 339  -  K0037 + 475, K0041 + 083  -  K0042 + 112, K0044 + 003  -  K0046 + 633",nan,nan,nan,nan,nan,nan,nan,nan,nan,0.0,0.0,7,1,nan,nan,Infrastructure (DPWH)
4435977,2026,18,Department of Public Works and Highways (DPWH),001,Office of the Secretary,310201101394000,"Tanza  -  Trece Martires City  -  Indang Rd  -  K0037 + 543  -  K0037 + 959, K0038 + 878  -  K0039 + 293",nan,nan,nan,nan,nan,nan,nan,nan,nan,0.0,0.0,7,1,nan,nan,Infrastructure (DPWH)
4416060,2026,18,Department of Public Works and Highways (DPWH),001,Office of the Secretary,310101101498000,Tanza  -  Trece Martires City  -  Indang Rd  -  K0038 + 770  -  K0039 + 606,nan,nan,nan,nan,nan,nan,nan,nan,nan,0.0,0.0,7,1,nan,nan,Infrastructure (DPWH)
4432435,2026,18,Department of Public Works and Highways (DPWH),001,Office of the Secretary,310110100463000,"Tanza  -  Trece Martires City  -  Indang Rd  -  K0040 + 865  -  K0041 + 099, K0041 + 158  -  K0042 + 864",nan,nan,nan,nan,nan,nan,nan,nan,nan,0.0,0.0,7,1,nan,nan,Infrastructure (DPWH)
4418535,2026,18,Department of Public Works and Highways (DPWH),001,Office of the Secretary,310102101788000,Tanza  -  Trece Martires City  -  Indang Rd  -  K0050 + 000  -  K0050 + 866,nan,nan,nan,nan,nan,nan,nan,nan,nan,0.0,0.0,7,1,nan,nan,Infrastructure (DPWH)
4446534,2026,18,Department of Public Works and Highways (DPWH),001,Office of the Secretary,310208100602000,"Tanza  -  Trece Martires City  -  Indang Rd  -  K0052 +  (   -  130 )   -  K0052 + 148, K0053 + 168  -  K0053 + 949, K0058 + 217  -  K0058 + 593",nan,nan,nan,nan,nan,nan,nan,nan,nan,0.0,0.0,7,1,nan,nan,Infrastructure (DPWH)
4433457,2026,18,Department of Public Works and Highways (DPWH),001,Office of the Secretary,310111100686000,Tanza  -  Trece Martires City  -  Indang Rd  -  K0052 +  (   -  385 )   -  K0052 + 562,nan,nan,nan,nan,nan,nan,nan,nan,nan,0.0,0.0,7,1,nan,nan,Infrastructure (DPWH)
4418285,2026,18,Department of Public Works and Highways (DPWH),001,Office of the Secretary,310102101538000,Tanza  -  Trece Martires City  -  Indang Rd  -  K0052 +  (   -  385 )   -  K0053 + 231,nan,nan,nan,nan,nan,nan,nan,nan,nan,0.0,0.0,7,1,nan,nan,Infrastructure (DPWH)
4418536,2026,18,Department of Public Works and Highways (DPWH),001,Office of the Secretary,310102101789000,"Tanza  -  Trece Martires City  -  Indang Rd  -  K0053 + 802  -  K0053 + 963, K0057 + 573  -  K0058 + 000",nan,nan,nan,nan,nan,nan,nan,nan,nan,0.0,0.0,7,1,nan,nan,Infrastructure (DPWH)
4437766,2026,18,Department of Public Works and Highways (DPWH),001,Office of the Secretary,310202101262000,Tanza  -  Trece Martires City  -  Indang Rd  -  K0054 + 733  -  K0057 + 121,nan,nan,nan,nan,nan,nan,nan,nan,nan,0.0,0.0,7,1,nan,nan,Infrastructure (DPWH)
4437885,2026,18,Department of Public Works and Highways (DPWH),001,Office of the Secretary,310202101381000,Tanza  -  Trece Martires City  -  Indang Rd  -  K0057 + 165  -  K0057 + 573,nan,nan,nan,nan,nan,nan,nan,nan,nan,0.0,0.0,7,1,nan,nan,Infrastructure (DPWH)
4432582,2026,18,Department of Public Works and Highways (DPWH),001,Office of the Secretary,310110100610000,Tanza - Trece Martires City - Indang Rd - K0045 + 855 - K0046 + 310,nan,nan,nan,nan,nan,nan,nan,nan,nan,0.0,0.0,7,1,nan,nan,Infrastructure (DPWH)
4432585,2026,18,Department of Public Works and Highways (DPWH),001,Office of the Secretary,310110100613000,Tanza-Trece Martires City-Indang Rd - K0043 + 600 - K0044 + 280,nan,nan,nan,nan,nan,nan,nan,nan,nan,0.0,0.0,7,1,nan,nan,Infrastructure (DPWH)
4432583,2026,18,Department of Public Works and Highways (DPWH),001,Office of the Secretary,310110100611000,Tanza-Trece Martires City-Indang Rd - K0044 + 280 - K0046 + 120,nan,nan,nan,nan,nan,nan,nan,nan,nan,0.0,0.0,7,1,nan,nan,Infrastructure (DPWH)
4416460,2026,18,Department of Public Works and Highways (DPWH),001,Office of the Secretary,310101101898000,Tanza-Trece Martires City-Indang Rd - K0046 + 189 - K0046 + 761,nan,nan,nan,nan,nan,nan,nan,nan,nan,0.0,0.0,7,1,nan,nan,Infrastructure (DPWH)
4446597,2026,18,Department of Public Works and Highways (DPWH),001,Office of the Secretary,310208100665000,"Tanza-Trece Martires City-Indang Rd - K0052 + 148 - K0052 + 600, K0053 + 000 - K0053 + 168, K0058 + 217 - K0058 + 539",nan,nan,nan,nan,nan,nan,nan,nan,nan,0.0,0.0,7,1,nan,nan,Infrastructure (DPWH)
4438423,2026,18,Department of Public Works and Highways (DPWH),001,Office of the Secretary,310202101919000,Tanza-Trece Martires City-Indang Rd - K0055 + 283 + K0056 + 600,nan,nan,nan,nan,nan,nan,nan,nan,nan,0.0,0.0,7,1,nan,nan,Infrastructure (DPWH)
4419132,2026,18,Department of Public Works and Highways (DPWH),001,Office of the Secretary,310102102385000,Tanza-Trece Martires City-Indang Rd - K0055 + 756 - K0056 + 828,nan,nan,nan,nan,nan,nan,nan,nan,nan,0.0,0.0,7,1,nan,nan,Infrastructure (DPWH)
4438422,2026,18,Department of Public Works and Highways (DPWH),001,Office of the Secretary,310202101918000,Tanza-Trece Martires City-Indang Rd - K0056 + 600 - K0057 + 121,nan,nan,nan,nan,nan,nan,nan,nan,nan,0.0,0.0,7,1,nan,nan,Infrastructure (DPWH)
4418806,2026,18,Department of Public Works and Highways (DPWH),001,Office of the Secretary,310102102059000,Tanza-Trece Martires City-Indang Rd - K0058 + 000 - K0059 + 137,nan,nan,nan,nan,nan,nan,nan,nan,nan,0.0,0.0,7,1,nan,nan,Infrastructure (DPWH)
4417104,2026,18,Department of Public Works and Highways (DPWH),001,Office of the Secretary,310102100355000,Trece Martirez St    -    ( S00010LT )    -    Chainage 118    -    Chainage 533,nan,nan,nan,nan,nan,nan,nan,nan,nan,0.0,0.0,7,1,nan,nan,Infrastructure (DPWH)
4433243,2026,18,Department of Public Works and Highways (DPWH),001,Office of the Secretary,310111100472000,Trece Martirez St   -   ( S00010LT ) Chainage 000   -   Chainage 533,nan,nan,nan,nan,nan,nan,nan,nan,nan,0.0,0.0,7,1,nan,nan,Infrastructure (DPWH)
4417800,2026,18,Department of Public Works and Highways (DPWH),001,Office of the Secretary,310102101053000,Trece Martirez St   -   ( S00010LT ) Chainage 062   -   Chainage 118,nan,nan,nan,nan,nan,nan,nan,nan,nan,0.0,0.0,7,1,nan,nan,Infrastructure (DPWH)
4418654,2026,18,Department of Public Works and Highways (DPWH),001,Office of the Secretary,310102101907000,"Trece Martirez St  -   ( S00010LT )  Chainage 0  -  Chainage 62, Chainage 469  -  Chainage 533",nan,nan,nan,nan,nan,nan,nan,nan,nan,0.0,0.0,7,1,nan,nan,Infrastructure (DPWH)
4429160,2026,18,Department of Public Works and Highways (DPWH),001,Office of the Secretary,310108101626000,Trece Martirez St  -   ( S00010LT )  Chainage 000  -  Chainage 062,nan,nan,nan,nan,nan,nan,nan,nan,nan,0.0,0.0,7,1,nan,nan,Infrastructure (DPWH)
4441967,2026,18,Department of Public Works and Highways (DPWH),001,Office of the Secretary,310204102011000,"Widening of Bridge 2 along  Cabuco  -  Indang  Diversion Road,Trece Martires City, Cavite",nan,nan,nan,nan,nan,nan,nan,nan,nan,0.0,0.0,7,1,nan,nan,Roads & Bridges (DPWH)
4171885,2026,08,State Universities and Colleges (SUCs),039,Cavite State University,100000200007000,Construction of 5-Storey Academic Building (Trece Martires City Campus),nan,nan,nan,nan,nan,nan,nan,nan,nan,0.0,0.0,7,1,nan,nan,Higher Education (SUCs / CvSU)
